id_variable,id_documento,id_norma,norma,formato_segun_documento,orden,nombre_variable,definicion,tipo_dato_declarado,tipo_dato_normalizado,longitud,unidad_medida,obligatoriedad_declarada,obligatoriedad_normalizada,valores_admisibles,segmento_prestador,observaciones,id_formato_catalogo,calidad_correspondencia,clasificacion_sensibilidad,motivo_clasificacion,metodo_extraccion,pagina,requiere_validacion,hallazgos
VF-199c4766,ANEXO_TECNICO_APROVECHAMIENTO_596_2016,,RESOLUCIÓN MVCT 276 DE 2016,1. ENCUESTA DE APROVECHAMIENTO,1,¿Efectúa la recolección de residuos aprovechables y el transporte hasta una ECA?,Indicar si el prestador efectúa la recolección selectiva de residuos aprovechables y el transporte hasta una estación de clasificación y aprovechamiento,Lista desplegable,codificado,,,Sí,obligatorio,Sí; No,,,,sin-cruce,publico-propuesto,,WEBFETCH_LECTOR,,true,H10;H11
VF-fb403506,ANEXO_TECNICO_APROVECHAMIENTO_596_2016,,RESOLUCIÓN MVCT 276 DE 2016,1. ENCUESTA DE APROVECHAMIENTO,2,¿Es único operador y responsable de por lo menos una ECA?,Indicar si el prestador es único operador y responsable de por lo menos una estación de clasificación y aprovechamiento,Lista desplegable,codificado,,,Sí,obligatorio,Sí; No,,,,sin-cruce,publico-propuesto,,WEBFETCH_LECTOR,,true,H10;H11
VF-04b316be,ANEXO_TECNICO_APROVECHAMIENTO_596_2016,,RESOLUCIÓN MVCT 276 DE 2016,1. ENCUESTA DE APROVECHAMIENTO,3,¿Cumple con los requisitos para ser considerado como una organización de recicladores de oficio para acogerse a la formalización progresiva?,Evaluación de conformidad con la normativa de recicladores de oficio,Lista desplegable,codificado,,,Sí,obligatorio,Sí; No,,,,sin-cruce,publico-propuesto,,WEBFETCH_LECTOR,,true,H10;H11
VF-00ad264a,ANEXO_TECNICO_APROVECHAMIENTO_596_2016,,RESOLUCIÓN MVCT 276 DE 2016,1. ENCUESTA DE APROVECHAMIENTO,4,Fecha de inicio de aplicación de la metodología tarifaria para la actividad de aprovechamiento,Fecha de inicio de aplicación de la metodología tarifaria para la actividad de aprovechamiento,Fecha,fecha,10,DD-MM-AAAA,Sí,obligatorio,Formato DD-MM-AAAA,,,,sin-cruce,publico-propuesto,,WEBFETCH_LECTOR,,true,H10;H11
VF-508863df,ANEXO_TECNICO_APROVECHAMIENTO_596_2016,,RESOLUCIÓN MVCT 276 DE 2016,10. RECEPCIÓN DE RECURSOS DE APROVECHAMIENTO,1,NUAP,Número único de Identificación del área de prestación,Alfanumérico,alfanumerico,,,Sí,obligatorio,NUAP asignado por el SUI,,,,sin-cruce,publico-propuesto,,WEBFETCH_LECTOR,,true,H10;H11
VF-f681c462,ANEXO_TECNICO_APROVECHAMIENTO_596_2016,,RESOLUCIÓN MVCT 276 DE 2016,10. RECEPCIÓN DE RECURSOS DE APROVECHAMIENTO,2,ID del prestador de recolección y transporte de no aprovechables,Número de ID asignado por la Superservicios al prestador de recolección,Numérico,numerico,,,Sí,obligatorio,ID válido en RUPS,,,,sin-cruce,publico-propuesto,,WEBFETCH_LECTOR,,true,H10;H11
VF-a48b165f,ANEXO_TECNICO_APROVECHAMIENTO_596_2016,,RESOLUCIÓN MVCT 276 DE 2016,10. RECEPCIÓN DE RECURSOS DE APROVECHAMIENTO,3,Periodo de pago,Fecha para la cual corresponde el traslado de recursos,Fecha,fecha,10,DD-MM-AAAA,Sí,obligatorio,Formato DD-MM-AAAA,,,,sin-cruce,publico-propuesto,,WEBFETCH_LECTOR,,true,H10;H11
VF-975df5a1,ANEXO_TECNICO_APROVECHAMIENTO_596_2016,,RESOLUCIÓN MVCT 276 DE 2016,10. RECEPCIÓN DE RECURSOS DE APROVECHAMIENTO,4,Valor recibido ($ corrientes),Valor total recibido por concepto de CCS y TA,Numérico,numerico,,Pesos corrientes,Sí,obligatorio,Valores positivos,,,,sin-cruce,publico-propuesto,,WEBFETCH_LECTOR,,true,H10;H11
VF-fac57e8c,ANEXO_TECNICO_APROVECHAMIENTO_596_2016,,RESOLUCIÓN MVCT 276 DE 2016,10. RECEPCIÓN DE RECURSOS DE APROVECHAMIENTO,5,Fecha de recepción,Fecha en que el prestador recibió los recursos,Fecha,fecha,10,DD-MM-AAAA,Sí,obligatorio,Posterior al periodo de pago,,,,sin-cruce,publico-propuesto,,WEBFETCH_LECTOR,,true,H10;H11
VF-0db65753,ANEXO_TECNICO_APROVECHAMIENTO_596_2016,,RESOLUCIÓN MVCT 276 DE 2016,11. SUSCRIPTORES AFORADOS - APROVECHAMIENTO,1,NUIS - NUID,Número único de identificación del suscriptor o domicilio,Alfanumérico,alfanumerico,,,Sí,obligatorio,ID válido asignado,,,,sin-cruce,restringido-propuesto,dato personal · identificador de suscriptor,WEBFETCH_LECTOR,,true,H10;H11
VF-fafaca9e,ANEXO_TECNICO_APROVECHAMIENTO_596_2016,,RESOLUCIÓN MVCT 276 DE 2016,11. SUSCRIPTORES AFORADOS - APROVECHAMIENTO,2,NUMACRO,Número único de identificación de la macrorruta,Alfanumérico,alfanumerico,,,Sí,obligatorio,NUMACRO asignado por el SUI,,,,sin-cruce,publico-propuesto,,WEBFETCH_LECTOR,,true,H10;H11
VF-e73c1046,ANEXO_TECNICO_APROVECHAMIENTO_596_2016,,RESOLUCIÓN MVCT 276 DE 2016,11. SUSCRIPTORES AFORADOS - APROVECHAMIENTO,3,NUAP del prestador de recolección y transporte,NUAP del prestador de recolección y transporte,Alfanumérico,alfanumerico,,,Sí,obligatorio,NUAP válido,,,,sin-cruce,publico-propuesto,,WEBFETCH_LECTOR,,true,H10;H11
VF-120c33a3,ANEXO_TECNICO_APROVECHAMIENTO_596_2016,,RESOLUCIÓN MVCT 276 DE 2016,11. SUSCRIPTORES AFORADOS - APROVECHAMIENTO,4,Código de ubicación,Clasifica la localización geográfica del suscriptor,Numérico codificado,codificado,1,,Sí,obligatorio,1=Rural; 2=Urbano; 3=Expansión urbana,,,,sin-cruce,publico-propuesto,,WEBFETCH_LECTOR,,true,H10;H11
VF-4d8f0108,ANEXO_TECNICO_APROVECHAMIENTO_596_2016,,RESOLUCIÓN MVCT 276 DE 2016,11. SUSCRIPTORES AFORADOS - APROVECHAMIENTO,5,Código clase de uso,Clasificación del suscriptor residencial y no residencial,Numérico codificado,codificado,2,,Sí,obligatorio,1=Bajo-Bajo; 2=Bajo; 3=Medio-Bajo; 4=Medio; 5=Medio-Alto; 6=Alto; 10=Industrial; 11=Comercial; 12=Oficial,,,,sin-cruce,publico-propuesto,,WEBFETCH_LECTOR,,true,H10;H11
VF-ab472cc5,ANEXO_TECNICO_APROVECHAMIENTO_596_2016,,RESOLUCIÓN MVCT 276 DE 2016,11. SUSCRIPTORES AFORADOS - APROVECHAMIENTO,6,Tipo de aforo,Tipo de aforo practicado al suscriptor,Numérico codificado,codificado,1,,Sí,obligatorio,1=Ordinario; 2=Extraordinario; 3=Permanente,,,,sin-cruce,publico-propuesto,,WEBFETCH_LECTOR,,true,H10;H11
VF-88536dbb,ANEXO_TECNICO_APROVECHAMIENTO_596_2016,,RESOLUCIÓN MVCT 276 DE 2016,11. SUSCRIPTORES AFORADOS - APROVECHAMIENTO,7,Toneladas efectivamente aprovechadas del suscriptor aforado (TAFA),Toneladas de residuos efectivamente aprovechados del suscriptor aforado,Numérico,numerico,,Toneladas,Sí,obligatorio,Cero o valores positivos,,,,sin-cruce,publico-propuesto,,WEBFETCH_LECTOR,,true,H10;H11
VF-c6539d78,ANEXO_TECNICO_APROVECHAMIENTO_596_2016,,RESOLUCIÓN MVCT 276 DE 2016,12. SUSCRIPTORES BENEFICIARIOS DEL INCENTIVO A LA SEPARACIÓN EN LA FUENTE DINC,1,NUMACRO,"Número único de identificación de la macrorruta, asignado por el SUI",Alfanumérico,alfanumerico,,,Sí,obligatorio,Asignado por el SUI,,,,sin-cruce,publico-propuesto,,WEBFETCH_LECTOR,,true,H10;H11
VF-7ef4ed38,ANEXO_TECNICO_APROVECHAMIENTO_596_2016,,RESOLUCIÓN MVCT 276 DE 2016,12. SUSCRIPTORES BENEFICIARIOS DEL INCENTIVO A LA SEPARACIÓN EN LA FUENTE DINC,2,NUIS - NUID,Número único de identificación del suscriptor o domicilio,Alfanumérico,alfanumerico,,,Sí,obligatorio,Asignado por el prestador de recolección,,,,sin-cruce,restringido-propuesto,dato personal · identificador de suscriptor,WEBFETCH_LECTOR,,true,H10;H11
VF-39c6baeb,ANEXO_TECNICO_APROVECHAMIENTO_596_2016,,RESOLUCIÓN MVCT 276 DE 2016,12. SUSCRIPTORES BENEFICIARIOS DEL INCENTIVO A LA SEPARACIÓN EN LA FUENTE DINC,3,Incentivo a la separación en la fuente (DINC) a otorgar,Valor monetario del incentivo otorgado al suscriptor,Numérico,numerico,,Pesos,Sí,obligatorio,Valores según Resolución CRA 720 de 2015 y CRA 853 de 2018 [?],,,,sin-cruce,publico-propuesto,,WEBFETCH_LECTOR,,true,H10;H11
VF-0d12d70c,ANEXO_TECNICO_APROVECHAMIENTO_596_2016,,RESOLUCIÓN MVCT 276 DE 2016,13. TONELADAS APROVECHADAS,1,NUECA + Nombre + Municipio,Lista desplegable que contiene la o las estaciones de clasificación y aprovechamiento (ECA),Lista desplegable,codificado,,,Sí,obligatorio,ECA registradas del prestador,,,,sin-cruce,restringido-propuesto,dato personal · nombre,WEBFETCH_LECTOR,,true,H10;H11
VF-c4660d10,ANEXO_TECNICO_APROVECHAMIENTO_596_2016,,RESOLUCIÓN MVCT 276 DE 2016,13. TONELADAS APROVECHADAS,2,Número de factura,Número de la factura que soporta la venta del material,Alfanumérico,alfanumerico,,,Sí,obligatorio,Según normativa vigente,,,,sin-cruce,publico-propuesto,,WEBFETCH_LECTOR,,true,H10;H11
VF-ddef0a89,ANEXO_TECNICO_APROVECHAMIENTO_596_2016,,RESOLUCIÓN MVCT 276 DE 2016,13. TONELADAS APROVECHADAS,3,Fecha de factura,Fecha de expedición de la factura,Fecha,fecha,10,DD-MM-AAAA,Sí,obligatorio,Dentro del período de reporte,,,,sin-cruce,publico-propuesto,,WEBFETCH_LECTOR,,true,H10;H11
VF-07062405,ANEXO_TECNICO_APROVECHAMIENTO_596_2016,,RESOLUCIÓN MVCT 276 DE 2016,13. TONELADAS APROVECHADAS,4,Tipo de identificación del comprador,Tipo de identificación de la empresa o persona compradora,Numérico codificado,codificado,1,,Sí,obligatorio,1=CC; 2=CE; 3=Pasaporte; 4=NIT,,,,sin-cruce,publico-propuesto,,WEBFETCH_LECTOR,,true,H10;H11
VF-0914f8de,ANEXO_TECNICO_APROVECHAMIENTO_596_2016,,RESOLUCIÓN MVCT 276 DE 2016,13. TONELADAS APROVECHADAS,5,Número de identificación del comprador,Número de identificación de la empresa o persona compradora,Alfanumérico,alfanumerico,,,Sí,obligatorio,Según tipo de identificación,,,,sin-cruce,publico-propuesto,,WEBFETCH_LECTOR,,true,H10;H11
VF-a61198c7,ANEXO_TECNICO_APROVECHAMIENTO_596_2016,,RESOLUCIÓN MVCT 276 DE 2016,13. TONELADAS APROVECHADAS,6,Dígito de verificación,Dígito de verificación del NIT del comprador,Numérico,numerico,1,,Condicional,condicional,0 a 9 cuando el tipo de identificación es NIT,,,,sin-cruce,restringido-propuesto,dato personal · identificación,WEBFETCH_LECTOR,,true,H10;H11
VF-fbb04331,ANEXO_TECNICO_APROVECHAMIENTO_596_2016,,RESOLUCIÓN MVCT 276 DE 2016,13. TONELADAS APROVECHADAS,7,Nombre o razón social del comprador,Razón social de la empresa o persona a quien se vendió,Texto,alfanumerico,,,Sí,obligatorio,Texto libre,,,,sin-cruce,restringido-propuesto,dato personal · nombre,WEBFETCH_LECTOR,,true,H10;H11
VF-284b3864,ANEXO_TECNICO_APROVECHAMIENTO_596_2016,,RESOLUCIÓN MVCT 276 DE 2016,13. TONELADAS APROVECHADAS,8,¿El material vendido fue entregado a otra ECA?,Indicar si el material fue entregado a otra estación de clasificación y aprovechamiento,Lista desplegable,codificado,,,Sí,obligatorio,Sí; No,,,,sin-cruce,publico-propuesto,,WEBFETCH_LECTOR,,true,H10;H11
VF-3d7c1120,ANEXO_TECNICO_APROVECHAMIENTO_596_2016,,RESOLUCIÓN MVCT 276 DE 2016,13. TONELADAS APROVECHADAS,9,Subtotal Total sin IVA,Valor de la venta antes de IVA,Numérico,numerico,,Pesos,Sí,obligatorio,Valores positivos,,,,sin-cruce,publico-propuesto,,WEBFETCH_LECTOR,,true,H10;H11
VF-caace002,ANEXO_TECNICO_APROVECHAMIENTO_596_2016,,RESOLUCIÓN MVCT 276 DE 2016,13. TONELADAS APROVECHADAS,10,IVA,Valor del IVA asociado a la venta,Numérico,numerico,,Pesos,Sí,obligatorio,Valores positivos,,,,sin-cruce,publico-propuesto,,WEBFETCH_LECTOR,,true,H10;H11
VF-bfa373e4,ANEXO_TECNICO_APROVECHAMIENTO_596_2016,,RESOLUCIÓN MVCT 276 DE 2016,13. TONELADAS APROVECHADAS,11,Total con IVA,Valor total de la venta (subtotal más IVA),Numérico,numerico,,Pesos,Sí,obligatorio,Valores positivos,,,,sin-cruce,publico-propuesto,,WEBFETCH_LECTOR,,true,H10;H11
VF-3464dfc4,ANEXO_TECNICO_APROVECHAMIENTO_596_2016,,RESOLUCIÓN MVCT 276 DE 2016,13. TONELADAS APROVECHADAS,12,Código CUFE,Código Único de Facturación Electrónica,Alfanumérico,alfanumerico,,,Sí,obligatorio,Según DIAN,,,,sin-cruce,publico-propuesto,,WEBFETCH_LECTOR,,true,H10;H11
VF-a5bc0f18,ANEXO_TECNICO_APROVECHAMIENTO_596_2016,,RESOLUCIÓN MVCT 276 DE 2016,13. TONELADAS APROVECHADAS,13,Soporte de la factura,"El prestador debe cargar al aplicativo, en formato PDF, la factura",Archivo,archivo,,,Sí,obligatorio,Formato PDF,,,,sin-cruce,publico-propuesto,,WEBFETCH_LECTOR,,true,H10;H11
VF-fd75dc58,ANEXO_TECNICO_APROVECHAMIENTO_596_2016,,RESOLUCIÓN MVCT 276 DE 2016,13. TONELADAS APROVECHADAS,14,Departamento origen de residuos,Departamento de origen de los residuos aprovechados,Lista desplegable,codificado,,,Sí,obligatorio,Departamentos registrados por el prestador,,,,sin-cruce,publico-propuesto,,WEBFETCH_LECTOR,,true,H10;H11
VF-e4065e84,ANEXO_TECNICO_APROVECHAMIENTO_596_2016,,RESOLUCIÓN MVCT 276 DE 2016,13. TONELADAS APROVECHADAS,15,Municipio origen,Municipio de origen de los residuos aprovechados,Lista desplegable,codificado,,,Sí,obligatorio,Municipios registrados por el prestador,,,,sin-cruce,publico-propuesto,,WEBFETCH_LECTOR,,true,H10;H11
VF-56c5d676,ANEXO_TECNICO_APROVECHAMIENTO_596_2016,,RESOLUCIÓN MVCT 276 DE 2016,13. TONELADAS APROVECHADAS,16,Origen de los residuos por usuario,Origen del material en términos del tipo de usuario,Lista desplegable,codificado,,,Sí,obligatorio,Suscriptores no aforados; Suscriptores aforados; Otro,,,,sin-cruce,publico-propuesto,,WEBFETCH_LECTOR,,true,H10;H11
VF-52c2c593,ANEXO_TECNICO_APROVECHAMIENTO_596_2016,,RESOLUCIÓN MVCT 276 DE 2016,13. TONELADAS APROVECHADAS,17,Origen de los residuos por área,Origen del material por área de prestación,Lista desplegable,codificado,,,Sí,obligatorio,Rural; Urbana,,,,sin-cruce,publico-propuesto,,WEBFETCH_LECTOR,,true,H10;H11
VF-ebbc1d41,ANEXO_TECNICO_APROVECHAMIENTO_596_2016,,RESOLUCIÓN MVCT 276 DE 2016,13. TONELADAS APROVECHADAS,18,Tipo de Material,Tipo de material aprovechado,Codificado,codificado,,,Sí,obligatorio,Listado DTGA vigente para el periodo,,,,sin-cruce,publico-propuesto,,WEBFETCH_LECTOR,,true,H10;H11
VF-d1c33480,ANEXO_TECNICO_APROVECHAMIENTO_596_2016,,RESOLUCIÓN MVCT 276 DE 2016,13. TONELADAS APROVECHADAS,19,Kilogramos facturados,Kilogramos aprovechados del material relacionado en la factura,Numérico,numerico,,Kg,Sí,obligatorio,Valores positivos,,,,sin-cruce,publico-propuesto,,WEBFETCH_LECTOR,,true,H10;H11
VF-948df1ee,ANEXO_TECNICO_APROVECHAMIENTO_596_2016,,RESOLUCIÓN MVCT 276 DE 2016,13. TONELADAS APROVECHADAS,20,Toneladas,Toneladas aprovechadas del material relacionado en la factura,Numérico,numerico,,Ton,Sí,obligatorio,Valores positivos,,,,sin-cruce,publico-propuesto,,WEBFETCH_LECTOR,,true,H10;H11
VF-6053da1d,ANEXO_TECNICO_APROVECHAMIENTO_596_2016,,RESOLUCIÓN MVCT 276 DE 2016,13. TONELADAS APROVECHADAS,21,Valor por Kilo,Precio del kilogramo antes de IVA,Numérico,numerico,,Pesos/Kg,Sí,obligatorio,Valores positivos,,,,sin-cruce,publico-propuesto,,WEBFETCH_LECTOR,,true,H10;H11
VF-489936bf,ANEXO_TECNICO_APROVECHAMIENTO_596_2016,,RESOLUCIÓN MVCT 276 DE 2016,13. TONELADAS APROVECHADAS,22,¿Aplica decreto 596 de 2016?,Indicar si el material proviene de la prestación integral en el marco del Decreto 596 de 2016,Lista desplegable,codificado,,,Sí,obligatorio,Sí; No,,,,sin-cruce,publico-propuesto,,WEBFETCH_LECTOR,,true,H10;H11
VF-66b88af9,ANEXO_TECNICO_APROVECHAMIENTO_596_2016,,RESOLUCIÓN MVCT 276 DE 2016,14. BALANCE DE MASAS,1,NUECA,Número único de identificación de la estación de clasificación y aprovechamiento,Alfanumérico,alfanumerico,,,Sí,obligatorio,NUECA asignados al prestador,,,,sin-cruce,publico-propuesto,,WEBFETCH_LECTOR,,true,H10;H11
VF-77acef87,ANEXO_TECNICO_APROVECHAMIENTO_596_2016,,RESOLUCIÓN MVCT 276 DE 2016,14. BALANCE DE MASAS,2,NUMACRO,Número único de identificación de la macrorruta,Alfanumérico,alfanumerico,,,Sí,obligatorio,Debe corresponder a la macrorruta de origen,,,,sin-cruce,publico-propuesto,,WEBFETCH_LECTOR,,true,H10;H11
VF-79ccd2d4,ANEXO_TECNICO_APROVECHAMIENTO_596_2016,,RESOLUCIÓN MVCT 276 DE 2016,14. BALANCE DE MASAS,3,Número de semana,Número de la semana del mes en la cual se ingresó el material,Numérico,numerico,1,,Sí,obligatorio,1 a 5,,,,sin-cruce,publico-propuesto,,WEBFETCH_LECTOR,,true,H10;H11
VF-1714cc23,ANEXO_TECNICO_APROVECHAMIENTO_596_2016,,RESOLUCIÓN MVCT 276 DE 2016,14. BALANCE DE MASAS,4,Tipo de identificación del reciclador u operario,Tipo de identificación del reciclador u operario que entrega el material,Numérico codificado,codificado,1,,Sí,obligatorio,1=CC; 2=CE; 3=Pasaporte; 4=NIT,,,,sin-cruce,publico-propuesto,,WEBFETCH_LECTOR,,true,H10;H11
VF-c8809171,ANEXO_TECNICO_APROVECHAMIENTO_596_2016,,RESOLUCIÓN MVCT 276 DE 2016,14. BALANCE DE MASAS,5,Número de identificación del reciclador u operario,Número de identificación del miembro que entrega el material,Alfanumérico,alfanumerico,,,Sí,obligatorio,Sin puntos ni guiones; sin dígito de verificación si es NIT,,,,sin-cruce,publico-propuesto,,WEBFETCH_LECTOR,,true,H10;H11
VF-57a91fba,ANEXO_TECNICO_APROVECHAMIENTO_596_2016,,RESOLUCIÓN MVCT 276 DE 2016,14. BALANCE DE MASAS,6,Placa del vehículo que ingresa el material,Placa del vehículo que transportó los residuos sólidos hasta la ECA,Alfanumérico,alfanumerico,,,Sí,obligatorio,Sin espacios ni guiones; asignación RUPS si no tiene placas,,,,sin-cruce,publico-propuesto,,WEBFETCH_LECTOR,,true,H10;H11
VF-86371f20,ANEXO_TECNICO_APROVECHAMIENTO_596_2016,,RESOLUCIÓN MVCT 276 DE 2016,14. BALANCE DE MASAS,7,Cantidad de material entrante,Toneladas entregadas a la ECA,Numérico,numerico,,Ton,Sí,obligatorio,Valores positivos,,,,sin-cruce,publico-propuesto,,WEBFETCH_LECTOR,,true,H10;H11
VF-57f7b5bd,ANEXO_TECNICO_APROVECHAMIENTO_596_2016,,RESOLUCIÓN MVCT 276 DE 2016,14. BALANCE DE MASAS,8,Tipo de material entrante,Código del tipo de material aprovechado,Codificado,codificado,,,Sí,obligatorio,Listado vigente en el SUI para el período de reporte,,,,sin-cruce,publico-propuesto,,WEBFETCH_LECTOR,,true,H10;H11
VF-3a05fb46,ANEXO_TECNICO_APROVECHAMIENTO_596_2016,,RESOLUCIÓN MVCT 276 DE 2016,14. BALANCE DE MASAS,9,Rechazo asociado al material entrante,Toneladas de rechazo provenientes de la clasificación y aprovechamiento,Numérico,numerico,,Ton,Sí,obligatorio,Valor menor o igual a la cantidad del campo 7,,,,sin-cruce,publico-propuesto,,WEBFETCH_LECTOR,,true,H10;H11
VF-cc7225c7,ANEXO_TECNICO_APROVECHAMIENTO_596_2016,,RESOLUCIÓN MVCT 276 DE 2016,14. BALANCE DE MASAS,10,Tipo de sitio de destino,Tipo de sitio de destino de los residuos de rechazo,Numérico codificado,codificado,1,,Sí,obligatorio,1=Relleno sanitario; 2=Estación de transferencia,,,,sin-cruce,publico-propuesto,,WEBFETCH_LECTOR,,true,H10;H11
VF-bcf71af3,ANEXO_TECNICO_APROVECHAMIENTO_596_2016,,RESOLUCIÓN MVCT 276 DE 2016,14. BALANCE DE MASAS,11,Número único del sitio de destino,Número único de identificación asignado por el SUI al sitio de destino,Alfanumérico,alfanumerico,,,Sí,obligatorio,Según el valor del campo 10,,,,sin-cruce,publico-propuesto,,WEBFETCH_LECTOR,,true,H10;H11
VF-38a30a58,ANEXO_TECNICO_APROVECHAMIENTO_596_2016,,RESOLUCIÓN MVCT 276 DE 2016,15. BÁSCULAS DE LA ACTIVIDAD DE APROVECHAMIENTO,1,NUECA,Número único de identificación de la estación de clasificación y aprovechamiento,Alfanumérico,alfanumerico,,,Sí,obligatorio,NUECA asignados al prestador,,,,sin-cruce,publico-propuesto,,WEBFETCH_LECTOR,,true,H10;H11
VF-9b5b19e1,ANEXO_TECNICO_APROVECHAMIENTO_596_2016,,RESOLUCIÓN MVCT 276 DE 2016,15. BÁSCULAS DE LA ACTIVIDAD DE APROVECHAMIENTO,2,Número de serie de la báscula,Número de serie asignado por el fabricante de la báscula,Alfanumérico,alfanumerico,,,Sí,obligatorio,,,,,sin-cruce,publico-propuesto,,WEBFETCH_LECTOR,,true,H10;H11
VF-27a33190,ANEXO_TECNICO_APROVECHAMIENTO_596_2016,,RESOLUCIÓN MVCT 276 DE 2016,15. BÁSCULAS DE LA ACTIVIDAD DE APROVECHAMIENTO,3,Marca,Marca de la báscula,Texto,alfanumerico,,,Sí,obligatorio,Texto libre,,,,sin-cruce,publico-propuesto,,WEBFETCH_LECTOR,,true,H10;H11
VF-154016d4,ANEXO_TECNICO_APROVECHAMIENTO_596_2016,,RESOLUCIÓN MVCT 276 DE 2016,15. BÁSCULAS DE LA ACTIVIDAD DE APROVECHAMIENTO,4,Fecha de compra,Fecha de compra de la báscula,Fecha,fecha,10,DD-MM-AAAA,Sí,obligatorio,Formato DD-MM-AAAA,,,,sin-cruce,publico-propuesto,,WEBFETCH_LECTOR,,true,H10;H11
VF-dd2ccf63,ANEXO_TECNICO_APROVECHAMIENTO_596_2016,,RESOLUCIÓN MVCT 276 DE 2016,15. BÁSCULAS DE LA ACTIVIDAD DE APROVECHAMIENTO,5,Capacidad (Kg),Capacidad de la báscula en kilogramos,Numérico,numerico,,Kg,Sí,obligatorio,Valores positivos,,,,sin-cruce,publico-propuesto,,WEBFETCH_LECTOR,,true,H10;H11
VF-7294f26b,ANEXO_TECNICO_APROVECHAMIENTO_596_2016,,RESOLUCIÓN MVCT 276 DE 2016,15. BÁSCULAS DE LA ACTIVIDAD DE APROVECHAMIENTO,6,¿Se realizó la calibración?,Indicar si se realizó la calibración de la báscula,Lista desplegable,codificado,,,Sí,obligatorio,SI; NO,,,,sin-cruce,publico-propuesto,,WEBFETCH_LECTOR,,true,H10;H11
VF-397ceea8,ANEXO_TECNICO_APROVECHAMIENTO_596_2016,,RESOLUCIÓN MVCT 276 DE 2016,15. BÁSCULAS DE LA ACTIVIDAD DE APROVECHAMIENTO,7,Fecha del último mantenimiento,Fecha del último mantenimiento realizado a la báscula,Fecha,fecha,10,DD-MM-AAAA,Sí,obligatorio,Formato DD-MM-AAAA,,,,sin-cruce,publico-propuesto,,WEBFETCH_LECTOR,,true,H10;H11
VF-a8acca9a,ANEXO_TECNICO_APROVECHAMIENTO_596_2016,,RESOLUCIÓN MVCT 276 DE 2016,15. BÁSCULAS DE LA ACTIVIDAD DE APROVECHAMIENTO,8,Fecha de la última calibración,Fecha de la última calibración realizada a la báscula,Fecha,fecha,10,DD-MM-AAAA,Sí,obligatorio,Formato DD-MM-AAAA,,,,sin-cruce,publico-propuesto,,WEBFETCH_LECTOR,,true,H10;H11
VF-36df0666,ANEXO_TECNICO_APROVECHAMIENTO_596_2016,,RESOLUCIÓN MVCT 276 DE 2016,15. BÁSCULAS DE LA ACTIVIDAD DE APROVECHAMIENTO,9,Nombre de la entidad calibradora,Nombre de la entidad que realizó la calibración,Texto,alfanumerico,,,Sí,obligatorio,Texto libre,,,,sin-cruce,restringido-propuesto,dato personal · nombre,WEBFETCH_LECTOR,,true,H10;H11
VF-7f2a8187,ANEXO_TECNICO_APROVECHAMIENTO_596_2016,,RESOLUCIÓN MVCT 276 DE 2016,15. BÁSCULAS DE LA ACTIVIDAD DE APROVECHAMIENTO,10,NIT de la entidad calibradora,Número de identificación tributaria de la entidad calibradora,Alfanumérico,alfanumerico,,,Sí,obligatorio,,,,,sin-cruce,restringido-propuesto,dato personal · identificación,WEBFETCH_LECTOR,,true,H10;H11
VF-4de8eea9,ANEXO_TECNICO_APROVECHAMIENTO_596_2016,,RESOLUCIÓN MVCT 276 DE 2016,2. REGISTRO DE ÁREAS DE LA ACTIVIDAD DE APROVECHAMIENTO,1,Número de áreas de prestación,Cantidad de áreas de prestación a operar (maestro de detalle),Numérico,numerico,,Unidad,Sí,obligatorio,Números enteros positivos,,,,sin-cruce,publico-propuesto,,WEBFETCH_LECTOR,,true,H10;H11
VF-e328b90c,ANEXO_TECNICO_APROVECHAMIENTO_596_2016,,RESOLUCIÓN MVCT 276 DE 2016,2. REGISTRO DE ÁREAS DE LA ACTIVIDAD DE APROVECHAMIENTO,2,Departamento,Departamento donde se ubica el área de prestación,Lista desplegable,codificado,,,Sí,obligatorio,Departamentos DANE,,,,sin-cruce,publico-propuesto,,WEBFETCH_LECTOR,,true,H10;H11
VF-770572b8,ANEXO_TECNICO_APROVECHAMIENTO_596_2016,,RESOLUCIÓN MVCT 276 DE 2016,2. REGISTRO DE ÁREAS DE LA ACTIVIDAD DE APROVECHAMIENTO,3,Municipio,Municipio donde se ubica el área de prestación,Lista desplegable,codificado,,,Sí,obligatorio,Municipios DANE,,,,sin-cruce,publico-propuesto,,WEBFETCH_LECTOR,,true,H10;H11
VF-6f92d846,ANEXO_TECNICO_APROVECHAMIENTO_596_2016,,RESOLUCIÓN MVCT 276 DE 2016,2. REGISTRO DE ÁREAS DE LA ACTIVIDAD DE APROVECHAMIENTO,4,Nombre del área de prestación,Nombre con el que se identifica el área de prestación del servicio,Texto,alfanumerico,,,Sí,obligatorio,Texto libre,,,,sin-cruce,restringido-propuesto,dato personal · nombre,WEBFETCH_LECTOR,,true,H10;H11
VF-87a97bf0,ANEXO_TECNICO_APROVECHAMIENTO_596_2016,,RESOLUCIÓN MVCT 276 DE 2016,2. REGISTRO DE ÁREAS DE LA ACTIVIDAD DE APROVECHAMIENTO,5,Fecha de entrada en operación,Fecha en que el área de prestación entró en operación,Fecha,fecha,10,DD-MM-AAAA,Sí,obligatorio,Formato DD-MM-AAAA,,,,sin-cruce,publico-propuesto,,WEBFETCH_LECTOR,,true,H10;H11
VF-d306e702,ANEXO_TECNICO_APROVECHAMIENTO_596_2016,,RESOLUCIÓN MVCT 276 DE 2016,3. ACTUALIZACIÓN DE LAS ÁREAS DE PRESTACIÓN DE LA ACTIVIDAD DE APROVECHAMIENTO,1,NUAP,Número único de Identificación del área de prestación previamente registrada,Alfanumérico,alfanumerico,,,Sí,obligatorio,Asignado por el SUI,,,,sin-cruce,publico-propuesto,,WEBFETCH_LECTOR,,true,H10;H11
VF-3fb25443,ANEXO_TECNICO_APROVECHAMIENTO_596_2016,,RESOLUCIÓN MVCT 276 DE 2016,3. ACTUALIZACIÓN DE LAS ÁREAS DE PRESTACIÓN DE LA ACTIVIDAD DE APROVECHAMIENTO,2,Estado,Estado en el que se encuentra el área de prestación del servicio,Lista desplegable,codificado,,,Sí,obligatorio,En operación; Inactiva,,,,sin-cruce,publico-propuesto,,WEBFETCH_LECTOR,,true,H10;H11
VF-9a6464a3,ANEXO_TECNICO_APROVECHAMIENTO_596_2016,,RESOLUCIÓN MVCT 276 DE 2016,3. ACTUALIZACIÓN DE LAS ÁREAS DE PRESTACIÓN DE LA ACTIVIDAD DE APROVECHAMIENTO,3,Fecha del estado,Fecha a partir de la cual se encuentra vigente el estado nuevo,Fecha,fecha,10,DD-MM-AAAA,Sí,obligatorio,Formato DD-MM-AAAA,,,,sin-cruce,publico-propuesto,,WEBFETCH_LECTOR,,true,H10;H11
VF-47d93126,ANEXO_TECNICO_APROVECHAMIENTO_596_2016,,RESOLUCIÓN MVCT 276 DE 2016,4. REGISTRO DE ESTACIONES DE CLASIFICACIÓN Y APROVECHAMIENTO (ECA),1,Número de estaciones,Cantidad de ECA que opera como único responsable (maestro de detalle),Numérico,numerico,,Unidad,Sí,obligatorio,Números enteros positivos,,,,sin-cruce,publico-propuesto,,WEBFETCH_LECTOR,,true,H10;H11
VF-c240d136,ANEXO_TECNICO_APROVECHAMIENTO_596_2016,,RESOLUCIÓN MVCT 276 DE 2016,4. REGISTRO DE ESTACIONES DE CLASIFICACIÓN Y APROVECHAMIENTO (ECA),2,NUAP,Número único de Identificación del área de prestación asociada,Alfanumérico,alfanumerico,,,Sí,obligatorio,Registrado previamente en el SUI,,,,sin-cruce,publico-propuesto,,WEBFETCH_LECTOR,,true,H10;H11
VF-4931c66d,ANEXO_TECNICO_APROVECHAMIENTO_596_2016,,RESOLUCIÓN MVCT 276 DE 2016,4. REGISTRO DE ESTACIONES DE CLASIFICACIÓN Y APROVECHAMIENTO (ECA),3,Nombre de la estación,Nombre asignado a la estación que permite reconocerla,Texto,alfanumerico,,,Sí,obligatorio,Texto libre,,,,sin-cruce,restringido-propuesto,dato personal · nombre,WEBFETCH_LECTOR,,true,H10;H11
VF-83528b17,ANEXO_TECNICO_APROVECHAMIENTO_596_2016,,RESOLUCIÓN MVCT 276 DE 2016,4. REGISTRO DE ESTACIONES DE CLASIFICACIÓN Y APROVECHAMIENTO (ECA),4,Fecha de inicio de operaciones,Fecha en que la estación inició operaciones,Fecha,fecha,10,DD-MM-AAAA,Sí,obligatorio,Formato DD-MM-AAAA,,,,sin-cruce,publico-propuesto,,WEBFETCH_LECTOR,,true,H10;H11
VF-267bd752,ANEXO_TECNICO_APROVECHAMIENTO_596_2016,,RESOLUCIÓN MVCT 276 DE 2016,4. REGISTRO DE ESTACIONES DE CLASIFICACIÓN Y APROVECHAMIENTO (ECA),5,Dirección,Dirección del predio en el cual está ubicada la estación,Texto,alfanumerico,,,Sí,obligatorio,Texto libre,,,,sin-cruce,restringido-propuesto,dato personal · dirección,WEBFETCH_LECTOR,,true,H10;H11
VF-b3201f1b,ANEXO_TECNICO_APROVECHAMIENTO_596_2016,,RESOLUCIÓN MVCT 276 DE 2016,4. REGISTRO DE ESTACIONES DE CLASIFICACIÓN Y APROVECHAMIENTO (ECA),6,Información complementaria al predio,"Atributo adicional del predio (vereda, interior, etc.)",Texto,alfanumerico,,,No,opcional,Texto libre o vacío,,,,sin-cruce,publico-propuesto,,WEBFETCH_LECTOR,,true,H10;H11
VF-ed0af8c5,ANEXO_TECNICO_APROVECHAMIENTO_596_2016,,RESOLUCIÓN MVCT 276 DE 2016,4. REGISTRO DE ESTACIONES DE CLASIFICACIÓN Y APROVECHAMIENTO (ECA),7,Longitud,Coordenadas geográficas correspondientes a la longitud en grados decimales en el sistema de referencia MAGNA-SIRGAS,Decimal,decimal,,Grados decimales,Sí,obligatorio,Coordenada válida MAGNA-SIRGAS,,,,sin-cruce,publico-propuesto,,WEBFETCH_LECTOR,,true,H10;H11
VF-e8446739,ANEXO_TECNICO_APROVECHAMIENTO_596_2016,,RESOLUCIÓN MVCT 276 DE 2016,4. REGISTRO DE ESTACIONES DE CLASIFICACIÓN Y APROVECHAMIENTO (ECA),8,Latitud,Coordenadas geográficas correspondientes a la latitud en grados decimales en el sistema de referencia MAGNA-SIRGAS,Decimal,decimal,,Grados decimales,Sí,obligatorio,Coordenada válida MAGNA-SIRGAS,,,,sin-cruce,publico-propuesto,,WEBFETCH_LECTOR,,true,H10;H11
VF-5177b4cd,ANEXO_TECNICO_APROVECHAMIENTO_596_2016,,RESOLUCIÓN MVCT 276 DE 2016,4. REGISTRO DE ESTACIONES DE CLASIFICACIÓN Y APROVECHAMIENTO (ECA),9,Propietario predio de la ECA,Propietario del terreno donde se ubica la ECA,Lista desplegable,codificado,,,Sí,obligatorio,Prestador; Municipio; Departamento; Otra persona,,,,sin-cruce,publico-propuesto,,WEBFETCH_LECTOR,,true,H10;H11
VF-de66b7ff,ANEXO_TECNICO_APROVECHAMIENTO_596_2016,,RESOLUCIÓN MVCT 276 DE 2016,4. REGISTRO DE ESTACIONES DE CLASIFICACIÓN Y APROVECHAMIENTO (ECA),10,Tipo de contrato,Acuerdo mediante el cual se usa el predio,Lista desplegable,codificado,,,Sí,obligatorio,Arrendamiento escrito; Arrendamiento verbal; Comodato; Propia; Otro,,,,sin-cruce,publico-propuesto,,WEBFETCH_LECTOR,,true,H10;H11
VF-e615a862,ANEXO_TECNICO_APROVECHAMIENTO_596_2016,,RESOLUCIÓN MVCT 276 DE 2016,4. REGISTRO DE ESTACIONES DE CLASIFICACIÓN Y APROVECHAMIENTO (ECA),11,Capacidad de operación (Ton/mes),Capacidad de operación de la estación en toneladas/mes,Numérico,numerico,,Ton/mes,Sí,obligatorio,Valores positivos,,,,sin-cruce,publico-propuesto,,WEBFETCH_LECTOR,,true,H10;H11
VF-6f0497c6,ANEXO_TECNICO_APROVECHAMIENTO_596_2016,,RESOLUCIÓN MVCT 276 DE 2016,4. REGISTRO DE ESTACIONES DE CLASIFICACIÓN Y APROVECHAMIENTO (ECA),12,Capacidad de almacenamiento (m3),Capacidad de almacenamiento de la estación en metros cúbicos,Numérico,numerico,,m3,Sí,obligatorio,Valores positivos,,,,sin-cruce,publico-propuesto,,WEBFETCH_LECTOR,,true,H10;H11
VF-b610dd85,ANEXO_TECNICO_APROVECHAMIENTO_596_2016,,RESOLUCIÓN MVCT 276 DE 2016,4. REGISTRO DE ESTACIONES DE CLASIFICACIÓN Y APROVECHAMIENTO (ECA),13,Capacidad de almacenamiento (Ton),Capacidad de almacenamiento de la estación en toneladas,Numérico,numerico,,Ton,Sí,obligatorio,Valores positivos,,,,sin-cruce,publico-propuesto,,WEBFETCH_LECTOR,,true,H10;H11
VF-00c1205a,ANEXO_TECNICO_APROVECHAMIENTO_596_2016,,RESOLUCIÓN MVCT 276 DE 2016,4. REGISTRO DE ESTACIONES DE CLASIFICACIÓN Y APROVECHAMIENTO (ECA),14,¿El uso del suelo es compatible con la actividad?,Conformidad con la normativa de ordenamiento territorial,Lista desplegable,codificado,,,Sí,obligatorio,Sí; No,,,,sin-cruce,publico-propuesto,,WEBFETCH_LECTOR,,true,H10;H11
VF-f03fcc51,ANEXO_TECNICO_APROVECHAMIENTO_596_2016,,RESOLUCIÓN MVCT 276 DE 2016,4. REGISTRO DE ESTACIONES DE CLASIFICACIÓN Y APROVECHAMIENTO (ECA),15,Uso del suelo del predio,Clasificación del uso del suelo del predio,Lista desplegable,codificado,,,Sí,obligatorio,Residencial; Comercial; Mixto; Industrial,,,,sin-cruce,publico-propuesto,,WEBFETCH_LECTOR,,true,H10;H11
VF-ab465b9e,ANEXO_TECNICO_APROVECHAMIENTO_596_2016,,RESOLUCIÓN MVCT 276 DE 2016,5. ACTUALIZACIÓN DE LAS ESTACIONES DE CLASIFICACIÓN Y APROVECHAMIENTO (ECA),1,NUECA,Número único de identificación de la estación de clasificación y aprovechamiento,Alfanumérico,alfanumerico,,,Sí,obligatorio,Registrado previamente en el SUI,,,,sin-cruce,publico-propuesto,,WEBFETCH_LECTOR,,true,H10;H11
VF-e9c9832e,ANEXO_TECNICO_APROVECHAMIENTO_596_2016,,RESOLUCIÓN MVCT 276 DE 2016,5. ACTUALIZACIÓN DE LAS ESTACIONES DE CLASIFICACIÓN Y APROVECHAMIENTO (ECA),2,Estado,Estado de la estación de clasificación y aprovechamiento,Lista desplegable,codificado,,,Condicional,condicional,En operación; Inactiva,,,,sin-cruce,publico-propuesto,,WEBFETCH_LECTOR,,true,H10;H11
VF-d37abbd8,ANEXO_TECNICO_APROVECHAMIENTO_596_2016,,RESOLUCIÓN MVCT 276 DE 2016,5. ACTUALIZACIÓN DE LAS ESTACIONES DE CLASIFICACIÓN Y APROVECHAMIENTO (ECA),3,Fecha en que adquirió el estado,Fecha en que la estación adquirió el nuevo estado,Fecha,fecha,10,DD-MM-AAAA,Condicional,condicional,Formato DD-MM-AAAA,,,,sin-cruce,publico-propuesto,,WEBFETCH_LECTOR,,true,H10;H11
VF-8b48e7a9,ANEXO_TECNICO_APROVECHAMIENTO_596_2016,,RESOLUCIÓN MVCT 276 DE 2016,5. ACTUALIZACIÓN DE LAS ESTACIONES DE CLASIFICACIÓN Y APROVECHAMIENTO (ECA),4,Propietario predio de la ECA,Propietario del terreno donde se ubica la ECA,Lista desplegable,codificado,,,Sí,obligatorio,Prestador; Municipio; Departamento; Otra persona,,,,sin-cruce,publico-propuesto,,WEBFETCH_LECTOR,,true,H10;H11
VF-7424fd72,ANEXO_TECNICO_APROVECHAMIENTO_596_2016,,RESOLUCIÓN MVCT 276 DE 2016,5. ACTUALIZACIÓN DE LAS ESTACIONES DE CLASIFICACIÓN Y APROVECHAMIENTO (ECA),5,Tipo de contrato,Acuerdo mediante el cual se usa el predio,Lista desplegable,codificado,,,Sí,obligatorio,Arrendamiento escrito; Arrendamiento verbal; Comodato; Propia; Otro,,,,sin-cruce,publico-propuesto,,WEBFETCH_LECTOR,,true,H10;H11
VF-6b16c67f,ANEXO_TECNICO_APROVECHAMIENTO_596_2016,,RESOLUCIÓN MVCT 276 DE 2016,5. ACTUALIZACIÓN DE LAS ESTACIONES DE CLASIFICACIÓN Y APROVECHAMIENTO (ECA),6,Capacidad de operación (Ton/mes),Capacidad de operación de la estación en toneladas/mes,Numérico,numerico,,Ton/mes,Sí,obligatorio,Valores positivos,,,,sin-cruce,publico-propuesto,,WEBFETCH_LECTOR,,true,H10;H11
VF-19df2e4a,ANEXO_TECNICO_APROVECHAMIENTO_596_2016,,RESOLUCIÓN MVCT 276 DE 2016,5. ACTUALIZACIÓN DE LAS ESTACIONES DE CLASIFICACIÓN Y APROVECHAMIENTO (ECA),7,Capacidad de almacenamiento (m3),Capacidad de almacenamiento de la estación en metros cúbicos,Numérico,numerico,,m3,Sí,obligatorio,Valores positivos,,,,sin-cruce,publico-propuesto,,WEBFETCH_LECTOR,,true,H10;H11
VF-c8ac1cb1,ANEXO_TECNICO_APROVECHAMIENTO_596_2016,,RESOLUCIÓN MVCT 276 DE 2016,5. ACTUALIZACIÓN DE LAS ESTACIONES DE CLASIFICACIÓN Y APROVECHAMIENTO (ECA),8,Capacidad de almacenamiento (Ton),Capacidad de almacenamiento de la estación en toneladas,Numérico,numerico,,Ton,Sí,obligatorio,Valores positivos,,,,sin-cruce,publico-propuesto,,WEBFETCH_LECTOR,,true,H10;H11
VF-038249a5,ANEXO_TECNICO_APROVECHAMIENTO_596_2016,,RESOLUCIÓN MVCT 276 DE 2016,5. ACTUALIZACIÓN DE LAS ESTACIONES DE CLASIFICACIÓN Y APROVECHAMIENTO (ECA),9,¿El uso del suelo es compatible con la actividad?,Conformidad con la normativa de ordenamiento territorial,Lista desplegable,codificado,,,Sí,obligatorio,Sí; No,,,,sin-cruce,publico-propuesto,,WEBFETCH_LECTOR,,true,H10;H11
VF-a9a19112,ANEXO_TECNICO_APROVECHAMIENTO_596_2016,,RESOLUCIÓN MVCT 276 DE 2016,5. ACTUALIZACIÓN DE LAS ESTACIONES DE CLASIFICACIÓN Y APROVECHAMIENTO (ECA),10,Uso del suelo del predio,Clasificación del uso del suelo del predio,Lista desplegable,codificado,,,Sí,obligatorio,Residencial; Comercial; Mixto; Industrial,,,,sin-cruce,publico-propuesto,,WEBFETCH_LECTOR,,true,H10;H11
VF-455510fa,ANEXO_TECNICO_APROVECHAMIENTO_596_2016,,RESOLUCIÓN MVCT 276 DE 2016,6. REGISTRO DE MACRORUTAS,1,Número de macrorrutas en las que opera,Cantidad de macrorrutas que el prestador opera (maestro de detalle),Numérico,numerico,,Unidad,Sí,obligatorio,Números enteros positivos,,,,sin-cruce,publico-propuesto,,WEBFETCH_LECTOR,,true,H10;H11
VF-1512d3e5,ANEXO_TECNICO_APROVECHAMIENTO_596_2016,,RESOLUCIÓN MVCT 276 DE 2016,6. REGISTRO DE MACRORUTAS,2,NUAP,Número único de Identificación del área de prestación asignado por el SUI,Alfanumérico,alfanumerico,,,Sí,obligatorio,Asignado previamente por el SUI,,,,sin-cruce,publico-propuesto,,WEBFETCH_LECTOR,,true,H10;H11
VF-25fe189e,ANEXO_TECNICO_APROVECHAMIENTO_596_2016,,RESOLUCIÓN MVCT 276 DE 2016,6. REGISTRO DE MACRORUTAS,3,Nombre de la macrorruta,Identificación que permite reconocerla y distinguirla de otra,Texto,alfanumerico,,,Sí,obligatorio,Texto libre,,,,sin-cruce,restringido-propuesto,dato personal · nombre,WEBFETCH_LECTOR,,true,H10;H11
VF-cfe05449,ANEXO_TECNICO_APROVECHAMIENTO_596_2016,,RESOLUCIÓN MVCT 276 DE 2016,6. REGISTRO DE MACRORUTAS,4,Fecha de inicio de operación de la macrorruta,Fecha en que el prestador inició operación en la macrorruta,Fecha,fecha,10,DD-MM-AAAA,Sí,obligatorio,Formato DD-MM-AAAA,,,,sin-cruce,publico-propuesto,,WEBFETCH_LECTOR,,true,H10;H11
VF-4c3f5878,ANEXO_TECNICO_APROVECHAMIENTO_596_2016,,RESOLUCIÓN MVCT 276 DE 2016,7. ACTUALIZACIÓN DE MACRORUTAS,1,NUMACRO,Identificador único de la macrorruta a actualizar,Alfanumérico,alfanumerico,,,Sí,obligatorio,Asignado previamente por el SUI,,,,sin-cruce,publico-propuesto,,WEBFETCH_LECTOR,,true,H10;H11
VF-c19d206c,ANEXO_TECNICO_APROVECHAMIENTO_596_2016,,RESOLUCIÓN MVCT 276 DE 2016,7. ACTUALIZACIÓN DE MACRORUTAS,2,Estado,Estado de la macrorruta al momento de la actualización,Lista desplegable,codificado,,,Sí,obligatorio,En operación; Inactiva,,,,sin-cruce,publico-propuesto,,WEBFETCH_LECTOR,,true,H10;H11
VF-98ba7704,ANEXO_TECNICO_APROVECHAMIENTO_596_2016,,RESOLUCIÓN MVCT 276 DE 2016,7. ACTUALIZACIÓN DE MACRORUTAS,3,Fecha en que adquirió el estado,Fecha a partir de la cual rige el nuevo estado,Fecha,fecha,10,DD-MM-AAAA,Sí,obligatorio,Formato DD-MM-AAAA,,,,sin-cruce,publico-propuesto,,WEBFETCH_LECTOR,,true,H10;H11
VF-27352490,ANEXO_TECNICO_APROVECHAMIENTO_596_2016,,RESOLUCIÓN MVCT 276 DE 2016,8. BASE DE DATOS DE USUARIOS DE LA ACTIVIDAD DE APROVECHAMIENTO,1,NUMACRO,Número único de identificación de la macrorruta asignado por el SUI,Alfanumérico,alfanumerico,,,Sí,obligatorio,Asignado previamente por el SUI,,,,sin-cruce,publico-propuesto,,WEBFETCH_LECTOR,,true,H10;H11
VF-ee0c1545,ANEXO_TECNICO_APROVECHAMIENTO_596_2016,,RESOLUCIÓN MVCT 276 DE 2016,8. BASE DE DATOS DE USUARIOS DE LA ACTIVIDAD DE APROVECHAMIENTO,2,NUIS - NUID,Número único de identificación del suscriptor o domicilio asignado por prestador de recolección,Alfanumérico,alfanumerico,,,Sí,obligatorio,Asignado por el prestador de recolección,,,,sin-cruce,restringido-propuesto,dato personal · identificador de suscriptor,WEBFETCH_LECTOR,,true,H10;H11
VF-151d9837,ANEXO_TECNICO_APROVECHAMIENTO_596_2016,,RESOLUCIÓN MVCT 276 DE 2016,8. BASE DE DATOS DE USUARIOS DE LA ACTIVIDAD DE APROVECHAMIENTO,3,Dirección del Suscriptor,Ubicación del predio del suscriptor,Texto,alfanumerico,,,Sí,obligatorio,Dirección completa,,,,sin-cruce,restringido-propuesto,dato personal · dirección,WEBFETCH_LECTOR,,true,H10;H11
VF-d185d6a3,ANEXO_TECNICO_APROVECHAMIENTO_596_2016,,RESOLUCIÓN MVCT 276 DE 2016,8. BASE DE DATOS DE USUARIOS DE LA ACTIVIDAD DE APROVECHAMIENTO,4,Uso del usuario,Clasificación del usuario según normativa,Numérico codificado,codificado,1,,Sí,obligatorio,1=Residencial; 2=Comercial; 3=Industrial; 4=Oficial,,,,sin-cruce,publico-propuesto,,WEBFETCH_LECTOR,,true,H10;H11
VF-8a2c3745,ANEXO_TECNICO_APROVECHAMIENTO_596_2016,,RESOLUCIÓN MVCT 276 DE 2016,8. BASE DE DATOS DE USUARIOS DE LA ACTIVIDAD DE APROVECHAMIENTO,5,Tipo de usuario,Clasificación por generación de residuos aprovechables,Numérico codificado,codificado,1,,Condicional,condicional,1=Gran generador; 2=Pequeño generador; vacío si uso residencial,,,,sin-cruce,publico-propuesto,,WEBFETCH_LECTOR,,true,H10;H11
VF-0a559b75,ANEXO_TECNICO_APROVECHAMIENTO_596_2016,,RESOLUCIÓN MVCT 276 DE 2016,8. BASE DE DATOS DE USUARIOS DE LA ACTIVIDAD DE APROVECHAMIENTO,6,Usuario Multiusuario,Indicador de condición de multiusuario para aprovechamiento,Numérico codificado,codificado,1,,Sí,obligatorio,1=Es multiusuario; 2=No es multiusuario,,,,sin-cruce,publico-propuesto,,WEBFETCH_LECTOR,,true,H10;H11
VF-62c1da2b,ANEXO_TECNICO_APROVECHAMIENTO_596_2016,,RESOLUCIÓN MVCT 276 DE 2016,9. RELACIÓN DE MIEMBROS DE LA ORGANIZACIÓN,1,Departamento (Código DANE),Código DANE del departamento donde presta la actividad,Numérico,numerico,2,,Sí,obligatorio,Códigos DANE válidos,,,,sin-cruce,publico-propuesto,,WEBFETCH_LECTOR,,true,H10;H11
VF-a9926007,ANEXO_TECNICO_APROVECHAMIENTO_596_2016,,RESOLUCIÓN MVCT 276 DE 2016,9. RELACIÓN DE MIEMBROS DE LA ORGANIZACIÓN,2,Municipio (Código DANE),Código DANE del municipio donde presta la actividad,Numérico,numerico,3,,Sí,obligatorio,Códigos DANE válidos,,,,sin-cruce,publico-propuesto,,WEBFETCH_LECTOR,,true,H10;H11
VF-eb38d239,ANEXO_TECNICO_APROVECHAMIENTO_596_2016,,RESOLUCIÓN MVCT 276 DE 2016,9. RELACIÓN DE MIEMBROS DE LA ORGANIZACIÓN,3,Tipo de Identificación,Tipo de identificación del miembro de la organización,Numérico codificado,codificado,1,,Sí,obligatorio,1=CC; 2=CE; 3=Pasaporte; 4=NIT,,,,sin-cruce,publico-propuesto,,WEBFETCH_LECTOR,,true,H10;H11
VF-902f0d9d,ANEXO_TECNICO_APROVECHAMIENTO_596_2016,,RESOLUCIÓN MVCT 276 DE 2016,9. RELACIÓN DE MIEMBROS DE LA ORGANIZACIÓN,4,Número de Identificación,Número único de identificación del miembro sin puntos ni guiones,Alfanumérico,alfanumerico,,,Sí,obligatorio,Sin dígito de verificación cuando es NIT,,,,sin-cruce,publico-propuesto,,WEBFETCH_LECTOR,,true,H10;H11
VF-0d8adf91,ANEXO_TECNICO_APROVECHAMIENTO_596_2016,,RESOLUCIÓN MVCT 276 DE 2016,9. RELACIÓN DE MIEMBROS DE LA ORGANIZACIÓN,5,Nombre del Miembro,Denominación completa del integrante de la organización,Texto,alfanumerico,,,Sí,obligatorio,Según documento de identidad,,,,sin-cruce,restringido-propuesto,dato personal · nombre,WEBFETCH_LECTOR,,true,H10;H11
VF-4952aae4,ANEXO_TECNICO_IUS_284385_2022,,RESOLUCION SSPD 20221000284385 DE 2022,FORMATO IUS INDICADORES NIVEL DE ANÁLISIS POR APS,1,Código DANE,"Corresponde a la codificación dada por el DANE a la división político-administrativa, con estructura DDMMMCCC",Alfanumérico,alfanumerico,8,,Obligatorio,obligatorio,Códigos DANE válidos,,,,sin-cruce,publico-propuesto,,WEBFETCH_LECTOR,,true,H10;H11
VF-314c8214,ANEXO_TECNICO_IUS_284385_2022,,RESOLUCION SSPD 20221000284385 DE 2022,FORMATO IUS INDICADORES NIVEL DE ANÁLISIS POR APS,2,Sumatoria_ICg,"Numerador de la fórmula para obtener el Índice de Continuidad - IC, redondeado a dos cifras decimales",Numérico,numerico,,,Obligatorio,obligatorio,,,,,sin-cruce,publico-propuesto,,WEBFETCH_LECTOR,,true,H10;H11
VF-69a8b2e3,ANEXO_TECNICO_IUS_284385_2022,,RESOLUCION SSPD 20221000284385 DE 2022,FORMATO IUS INDICADORES NIVEL DE ANÁLISIS POR APS,3,Período de Facturación_PF x APS,Número de períodos de facturación generados durante el año de evaluación,Numérico,numerico,,,Obligatorio,obligatorio,,,,,sin-cruce,publico-propuesto,,WEBFETCH_LECTOR,,true,H10;H11
VF-00b5d561,ANEXO_TECNICO_IUS_284385_2022,,RESOLUCION SSPD 20221000284385 DE 2022,FORMATO IUS INDICADORES NIVEL DE ANÁLISIS POR APS,4,NDNA_Acueducto,Número de PQR del servicio público domiciliario de Acueducto no atendidos dentro del tiempo estipulado,Numérico,numerico,,,Obligatorio,obligatorio,,,,,sin-cruce,publico-propuesto,,WEBFETCH_LECTOR,,true,H10;H11
VF-b20ac81b,ANEXO_TECNICO_IUS_284385_2022,,RESOLUCION SSPD 20221000284385 DE 2022,FORMATO IUS INDICADORES NIVEL DE ANÁLISIS POR APS,5,NTD_Acueducto,Número total de PQR del servicio público domiciliario de Acueducto resueltas en el período,Numérico,numerico,,,Obligatorio,obligatorio,,,,,sin-cruce,publico-propuesto,,WEBFETCH_LECTOR,,true,H10;H11
VF-ec38d70f,ANEXO_TECNICO_IUS_284385_2022,,RESOLUCION SSPD 20221000284385 DE 2022,FORMATO IUS INDICADORES NIVEL DE ANÁLISIS POR APS,6,NDNA_Alcantarillado,Número de PQR del servicio público domiciliario de Alcantarillado no atendidos dentro del tiempo estipulado,Numérico,numerico,,,Obligatorio,obligatorio,,,,,sin-cruce,publico-propuesto,,WEBFETCH_LECTOR,,true,H10;H11
VF-761b9e73,ANEXO_TECNICO_IUS_284385_2022,,RESOLUCION SSPD 20221000284385 DE 2022,FORMATO IUS INDICADORES NIVEL DE ANÁLISIS POR APS,7,NTD_Alcantarillado,Número total de PQR del servicio público domiciliario de Alcantarillado resueltas en el período,Numérico,numerico,,,Obligatorio,obligatorio,,,,,sin-cruce,publico-propuesto,,WEBFETCH_LECTOR,,true,H10;H11
VF-1cb8c043,ANEXO_TECNICO_IUS_284385_2022,,RESOLUCION SSPD 20221000284385 DE 2022,FORMATO IUS INDICADORES NIVEL DE ANÁLISIS POR APS,8,Plan de inversiones Acueducto,Indica si cuenta con inversiones proyectadas con cargo a tarifa para acueducto,Código,codificado,,,Obligatorio,obligatorio,1=SI; 2=NO,,,,sin-cruce,publico-propuesto,,WEBFETCH_LECTOR,,true,H10;H11
VF-f6297391,ANEXO_TECNICO_IUS_284385_2022,,RESOLUCION SSPD 20221000284385 DE 2022,FORMATO IUS INDICADORES NIVEL DE ANÁLISIS POR APS,9,Valor presente de los recursos ejecutados de Acueducto,"Sumatoria del valor presente de los recursos ejecutados en el plan de inversiones, expresado en pesos del año base",Numérico,numerico,,Pesos año base,Condicional,condicional,,,,,sin-cruce,publico-propuesto,,WEBFETCH_LECTOR,,true,H10;H11
VF-a457ba32,ANEXO_TECNICO_IUS_284385_2022,,RESOLUCION SSPD 20221000284385 DE 2022,FORMATO IUS INDICADORES NIVEL DE ANÁLISIS POR APS,10,Valor presente de las inversiones proyectadas de Acueducto,"Sumatoria del valor presente de las inversiones proyectadas del plan de inversiones, expresado en pesos del año base",Numérico,numerico,,Pesos año base,Condicional,condicional,,,,,sin-cruce,publico-propuesto,,WEBFETCH_LECTOR,,true,H10;H11
VF-7586fa91,ANEXO_TECNICO_IUS_284385_2022,,RESOLUCION SSPD 20221000284385 DE 2022,FORMATO IUS INDICADORES NIVEL DE ANÁLISIS POR APS,11,Valor Ejecutado del Activo y/o Proyecto - Acueducto,"Sumatoria del valor del activo y/o proyecto ejecutado, en pesos corrientes, de aquellos que se encuentran en operación",Numérico,numerico,,Pesos corrientes,Condicional,condicional,,,,,sin-cruce,publico-propuesto,,WEBFETCH_LECTOR,,true,H10;H11
VF-93816177,ANEXO_TECNICO_IUS_284385_2022,,RESOLUCION SSPD 20221000284385 DE 2022,FORMATO IUS INDICADORES NIVEL DE ANÁLISIS POR APS,12,Valor de los Proyectos y/o Activos establecidos - Acueducto,"Sumatoria del valor de los proyectos y/o activos establecidos en el plan de inversiones, en pesos corrientes",Numérico,numerico,,Pesos corrientes,Condicional,condicional,,,,,sin-cruce,publico-propuesto,,WEBFETCH_LECTOR,,true,H10;H11
VF-93d3b31d,ANEXO_TECNICO_IUS_284385_2022,,RESOLUCION SSPD 20221000284385 DE 2022,FORMATO IUS INDICADORES NIVEL DE ANÁLISIS POR APS,13,Plan de inversiones Alcantarillado,Indica si cuenta con inversiones proyectadas con cargo a tarifa para alcantarillado,Código,codificado,,,Obligatorio,obligatorio,1=SI; 2=NO,,,,sin-cruce,publico-propuesto,,WEBFETCH_LECTOR,,true,H10;H11
VF-75eec648,ANEXO_TECNICO_IUS_284385_2022,,RESOLUCION SSPD 20221000284385 DE 2022,FORMATO IUS INDICADORES NIVEL DE ANÁLISIS POR APS,14,Valor presente de los recursos ejecutados en Alcantarillado,"Sumatoria del valor presente de los recursos ejecutados en el plan de inversiones, expresado en pesos del año base",Numérico,numerico,,Pesos año base,Condicional,condicional,,,,,sin-cruce,publico-propuesto,,WEBFETCH_LECTOR,,true,H10;H11
VF-83e83424,ANEXO_TECNICO_IUS_284385_2022,,RESOLUCION SSPD 20221000284385 DE 2022,FORMATO IUS INDICADORES NIVEL DE ANÁLISIS POR APS,15,Valor presente de las inversiones proyectadas en Alcantarillado,"Sumatoria del valor presente de las inversiones proyectadas del plan de inversiones, expresado en pesos del año base",Numérico,numerico,,Pesos año base,Condicional,condicional,,,,,sin-cruce,publico-propuesto,,WEBFETCH_LECTOR,,true,H10;H11
VF-d6429ef4,ANEXO_TECNICO_IUS_284385_2022,,RESOLUCION SSPD 20221000284385 DE 2022,FORMATO IUS INDICADORES NIVEL DE ANÁLISIS POR APS,16,Valor del Activo y/o Proyecto Ejecutado - Alcantarillado,"Sumatoria del valor del activo y/o proyecto ejecutado, en pesos corrientes, de aquellos que se encuentran en operación",Numérico,numerico,,Pesos corrientes,Condicional,condicional,,,,,sin-cruce,publico-propuesto,,WEBFETCH_LECTOR,,true,H10;H11
VF-df0614d4,ANEXO_TECNICO_IUS_284385_2022,,RESOLUCION SSPD 20221000284385 DE 2022,FORMATO IUS INDICADORES NIVEL DE ANÁLISIS POR APS,17,Valor de los Proyectos y/o Activos establecidos - Alcantarillado,"Sumatoria del valor de los proyectos y/o activos establecidos en el plan de inversiones, en pesos corrientes",Numérico,numerico,,Pesos corrientes,Condicional,condicional,,,,,sin-cruce,publico-propuesto,,WEBFETCH_LECTOR,,true,H10;H11
VF-c8682fcc,ANEXO_TECNICO_IUS_284385_2022,,RESOLUCION SSPD 20221000284385 DE 2022,FORMATO IUS INDICADORES NIVEL DE ANÁLISIS POR APS,18,Sumatoria_IMIg,"Numerador de la fórmula para obtener el Índice de Micromedición Efectiva - IMI, redondeado a dos cifras decimales",Numérico,numerico,,,Obligatorio,obligatorio,,,,,sin-cruce,publico-propuesto,,WEBFETCH_LECTOR,,true,H10;H11
VF-5ba6b05b,ANEXO_TECNICO_IUS_284385_2022,,RESOLUCION SSPD 20221000284385 DE 2022,FORMATO IUS INDICADORES NIVEL DE ANÁLISIS POR APS,19,Catastro_medidores_CM,Indica si contó con Catastro de Medidores actualizado a la vigencia del período de evaluación,Código,codificado,,,Obligatorio,obligatorio,1=SI; 2=NO; 3=NO APLICA,,,,sin-cruce,restringido-propuesto,dato personal · identificador predial,WEBFETCH_LECTOR,,true,H10;H11
VF-a586034a,ANEXO_TECNICO_IUS_284385_2022,,RESOLUCION SSPD 20221000284385 DE 2022,FORMATO IUS INDICADORES NIVEL DE ANÁLISIS POR APS,20,Observaciones,Comentarios que la persona prestadora considere necesarios para explicar lo reportado,Texto,alfanumerico,,,Opcional,opcional,,,,,sin-cruce,publico-propuesto,,WEBFETCH_LECTOR,,true,H10;H11
VF-c2c6f6dc,ANEXO_TECNICO_IUS_284385_2022,,RESOLUCION SSPD 20221000284385 DE 2022,FORMATO IUS INDICADORES NIVEL DE ANÁLISIS POR PRESTADOR,1,Sumatoria PPAPg,"Sumatoria de PPAPi (Productividad del personal administrativo del prestador en el período de facturación g) obtenidos durante el año de evaluación, redondeado a dos (2) cifras decimales",Numérico,numerico,,,Obligatorio,obligatorio,,,,,sin-cruce,publico-propuesto,,WEBFETCH_LECTOR,,true,H10;H11
VF-61007b77,ANEXO_TECNICO_IUS_284385_2022,,RESOLUCION SSPD 20221000284385 DE 2022,FORMATO IUS INDICADORES NIVEL DE ANÁLISIS POR PRESTADOR,2,Período de Facturación_PF x Prestador,Número de períodos de facturación generados por el prestador durante el año de evaluación,Numérico entero,entero,,Períodos,Obligatorio,obligatorio,,,,,sin-cruce,publico-propuesto,,WEBFETCH_LECTOR,,true,H10;H11
VF-ca423c8e,ANEXO_TECNICO_IUS_284385_2022,,RESOLUCION SSPD 20221000284385 DE 2022,FORMATO IUS INDICADORES NIVEL DE ANÁLISIS POR PRESTADOR,3,Observaciones,Comentarios que la persona prestadora considere necesarios para explicar lo reportado,Texto,alfanumerico,,,Opcional,opcional,,,,,sin-cruce,publico-propuesto,,WEBFETCH_LECTOR,,true,H10;H11
VF-ea356c7f,ANEXO_TECNICO_IUS_284385_2022,,RESOLUCION SSPD 20221000284385 DE 2022,FORMATO IUS INDICADORES NIVEL DE ANÁLISIS POR SISTEMA,1,Código del sistema,Identificador numérico del sistema generado a través del diligenciamiento del módulo de configuración en el aplicativo SURICATA,Numérico,numerico,,,Obligatorio,obligatorio,,,,,sin-cruce,publico-propuesto,,WEBFETCH_LECTOR,,true,H10;H11
VF-8929e394,ANEXO_TECNICO_IUS_284385_2022,,RESOLUCION SSPD 20221000284385 DE 2022,FORMATO IUS INDICADORES NIVEL DE ANÁLISIS POR SISTEMA,2,Código DANE - APS,"Codificación dada por el DANE a la división político-administrativa con estructura DDMMMCCC (DD=departamento, MMM=municipio, CCC=000)",Alfanumérico,alfanumerico,8,,Obligatorio,obligatorio,,,,,sin-cruce,publico-propuesto,,WEBFETCH_LECTOR,,true,H10;H11
VF-6b4597a9,ANEXO_TECNICO_IUS_284385_2022,,RESOLUCION SSPD 20221000284385 DE 2022,FORMATO IUS INDICADORES NIVEL DE ANÁLISIS POR SISTEMA,3,Servicio,Servicio público domiciliario del Sistema,Numérico,numerico,1,,Obligatorio,obligatorio,1=Acueducto; 2=Alcantarillado; 3=Acueducto y Alcantarillado,,,,sin-cruce,publico-propuesto,,WEBFETCH_LECTOR,,true,H10;H11
VF-efeccde1,ANEXO_TECNICO_IUS_284385_2022,,RESOLUCION SSPD 20221000284385 DE 2022,FORMATO IUS INDICADORES NIVEL DE ANÁLISIS POR SISTEMA,4,Tipo de sistemas,Clasificación del sistema,Numérico,numerico,1,,Obligatorio,obligatorio,1=Interconectado; 2=No Interconectado,,,,sin-cruce,publico-propuesto,,WEBFETCH_LECTOR,,true,H10;H11
VF-c678f291,ANEXO_TECNICO_IUS_284385_2022,,RESOLUCION SSPD 20221000284385 DE 2022,FORMATO IUS INDICADORES NIVEL DE ANÁLISIS POR SISTEMA,5,Volumen de agua producida_VTAP,Volumen anual de agua potable (m3) producida en la planta o plantas de tratamiento,Numérico,numerico,,m3,Obligatorio,obligatorio,,,,,sin-cruce,publico-propuesto,,WEBFETCH_LECTOR,,true,H10;H11
VF-4b4e0438,ANEXO_TECNICO_IUS_284385_2022,,RESOLUCION SSPD 20221000284385 DE 2022,FORMATO IUS INDICADORES NIVEL DE ANÁLISIS POR SISTEMA,6,Volumen adquirido en puntos de interconexión,Volumen anual que adquirió (entrante) en puntos de interconexión de agua potable (m3),Numérico,numerico,,m3,Obligatorio,obligatorio,,,,,sin-cruce,publico-propuesto,,WEBFETCH_LECTOR,,true,H10;H11
VF-bd8d9cb8,ANEXO_TECNICO_IUS_284385_2022,,RESOLUCION SSPD 20221000284385 DE 2022,FORMATO IUS INDICADORES NIVEL DE ANÁLISIS POR SISTEMA,7,Volumen entregado en puntos de interconexión,Volumen anual que entregó (saliente) en puntos de interconexión de agua potable (m3),Numérico,numerico,,m3,Obligatorio,obligatorio,,,,,sin-cruce,publico-propuesto,,WEBFETCH_LECTOR,,true,H10;H11
VF-5a3f2593,ANEXO_TECNICO_IUS_284385_2022,,RESOLUCION SSPD 20221000284385 DE 2022,FORMATO IUS INDICADORES NIVEL DE ANÁLISIS POR SISTEMA,8,Consumo facturado,Volumen (m3) de consumo anual facturado medido y no medido en todo el sistema de acueducto,Numérico,numerico,,m3,Obligatorio,obligatorio,,,,,sin-cruce,publico-propuesto,,WEBFETCH_LECTOR,,true,H10;H11
VF-c752d6dc,ANEXO_TECNICO_IUS_284385_2022,,RESOLUCION SSPD 20221000284385 DE 2022,FORMATO IUS INDICADORES NIVEL DE ANÁLISIS POR SISTEMA,9,Número de Suscriptores_ACPUC,"Número de suscriptores que hacen parte del sistema de acueducto, determinado como sumatoria del total",Numérico,numerico,,Suscriptores,Obligatorio,obligatorio,,,,,sin-cruce,publico-propuesto,,WEBFETCH_LECTOR,,true,H10;H11
VF-3256c7d2,ANEXO_TECNICO_IUS_284385_2022,,RESOLUCION SSPD 20221000284385 DE 2022,FORMATO IUS INDICADORES NIVEL DE ANÁLISIS POR SISTEMA,10,Aplica Nivel económico de pérdidas_NEP,Indicar SI si la persona prestadora aplicó lo dispuesto en el parágrafo 10 del artículo 9 de la Resolución CRA 688,Numérico,numerico,1,,Obligatorio,obligatorio,1=SI; 2=NO,,,,sin-cruce,publico-propuesto,,WEBFETCH_LECTOR,,true,H10;H11
VF-c646d603,ANEXO_TECNICO_IUS_284385_2022,,RESOLUCION SSPD 20221000284385 DE 2022,FORMATO IUS INDICADORES NIVEL DE ANÁLISIS POR SISTEMA,11,Pérdidas_NEP,"Si la respuesta anterior fue 1 (SI), indique el volumen de pérdidas por suscriptor (m3/suscriptor/mes)",Numérico,numerico,,m3/suscriptor/mes,Condicional,condicional,,,,,sin-cruce,publico-propuesto,,WEBFETCH_LECTOR,,true,H10;H11
VF-c95bd851,ANEXO_TECNICO_IUS_284385_2022,,RESOLUCION SSPD 20221000284385 DE 2022,FORMATO IUS INDICADORES NIVEL DE ANÁLISIS POR SISTEMA,12,Sumatoria_IMAi:m_Acueducto,"Sumatoria de IMAi (Índice de Macromedición Efectiva para el mes i), redondeado a dos (2) cifras decimales",Numérico,numerico,,Decimal,Obligatorio,obligatorio,,,,,sin-cruce,publico-propuesto,,WEBFETCH_LECTOR,,true,H10;H11
VF-878f3649,ANEXO_TECNICO_IUS_284385_2022,,RESOLUCION SSPD 20221000284385 DE 2022,FORMATO IUS INDICADORES NIVEL DE ANÁLISIS POR SISTEMA,13,m_Acueducto,Número de meses en los que se prestó el servicio público domiciliario de acueducto durante el período de evaluación,Numérico,numerico,2,Meses,Obligatorio,obligatorio,,,,,sin-cruce,publico-propuesto,,WEBFETCH_LECTOR,,true,H10;H11
VF-176870bf,ANEXO_TECNICO_IUS_284385_2022,,RESOLUCION SSPD 20221000284385 DE 2022,FORMATO IUS INDICADORES NIVEL DE ANÁLISIS POR SISTEMA,14,Sumatoria_FACi,Sumatoria de FACi (Número de fallas por longitud en tuberías de transporte y distribución de acueducto),Numérico,numerico,,Decimal,Obligatorio,obligatorio,,,,,sin-cruce,publico-propuesto,,WEBFETCH_LECTOR,,true,H10;H11
VF-9fd5d6a6,ANEXO_TECNICO_IUS_284385_2022,,RESOLUCION SSPD 20221000284385 DE 2022,FORMATO IUS INDICADORES NIVEL DE ANÁLISIS POR SISTEMA,15,Sumatoria_FALi:m_Alcantarillado,Sumatoria de FALi (Número de fallas por longitud en la red de alcantarillado en el mes i),Numérico,numerico,,Decimal,Obligatorio,obligatorio,,,,,sin-cruce,publico-propuesto,,WEBFETCH_LECTOR,,true,H10;H11
VF-69aaac32,ANEXO_TECNICO_IUS_284385_2022,,RESOLUCION SSPD 20221000284385 DE 2022,FORMATO IUS INDICADORES NIVEL DE ANÁLISIS POR SISTEMA,16,m_Alcantarillado,Número de meses en los que se prestó el servicio público domiciliario de alcantarillado durante el período de evaluación,Numérico,numerico,2,Meses,Obligatorio,obligatorio,,,,,sin-cruce,publico-propuesto,,WEBFETCH_LECTOR,,true,H10;H11
VF-0ff20f3f,ANEXO_TECNICO_IUS_284385_2022,,RESOLUCION SSPD 20221000284385 DE 2022,FORMATO IUS INDICADORES NIVEL DE ANÁLISIS POR SISTEMA,17,Contratos de suministro,Indique SI durante el período de evaluación incurrió en contratos de suministro de agua potable como única fuente,Numérico,numerico,1,,Obligatorio,obligatorio,1=SI; 2=NO,,,,sin-cruce,publico-propuesto,,WEBFETCH_LECTOR,,true,H10;H11
VF-9cd7e1c4,ANEXO_TECNICO_IUS_284385_2022,,RESOLUCION SSPD 20221000284385 DE 2022,FORMATO IUS INDICADORES NIVEL DE ANÁLISIS POR SISTEMA,18,Energía consumida en acueducto_EET,Energía (kWh) total consumida por los procesos de tratamiento del sistema de acueducto durante el período,Numérico,numerico,,kWh,Condicional,condicional,,,,,sin-cruce,publico-propuesto,,WEBFETCH_LECTOR,,true,H10;H11
VF-abf7f9ce,ANEXO_TECNICO_IUS_284385_2022,,RESOLUCION SSPD 20221000284385 DE 2022,FORMATO IUS INDICADORES NIVEL DE ANÁLISIS POR SISTEMA,19,Energía consumida en alcantarillado_EET,Energía (kWh) total consumida en el proceso de tratamiento de aguas servidas durante el período,Numérico,numerico,,kWh,Obligatorio,obligatorio,,,,,sin-cruce,publico-propuesto,,WEBFETCH_LECTOR,,true,H10;H11
VF-4e243cab,ANEXO_TECNICO_IUS_284385_2022,,RESOLUCION SSPD 20221000284385 DE 2022,FORMATO IUS INDICADORES NIVEL DE ANÁLISIS POR SISTEMA,20,Volumen de agua residual tratada_VTA,Volumen (m3) anual de agua residual tratada durante el período de evaluación,Numérico,numerico,,m3,Obligatorio,obligatorio,,,,,sin-cruce,publico-propuesto,,WEBFETCH_LECTOR,,true,H10;H11
VF-1377f875,ANEXO_TECNICO_IUS_284385_2022,,RESOLUCION SSPD 20221000284385 DE 2022,FORMATO IUS INDICADORES NIVEL DE ANÁLISIS POR SISTEMA,21,Sumatoria_POACg,Sumatoria de POACg (Productividad del personal operativo de acueducto en el período de facturación g),Numérico,numerico,,Decimal,Obligatorio,obligatorio,,,,,sin-cruce,publico-propuesto,,WEBFETCH_LECTOR,,true,H10;H11
VF-1aa10d72,ANEXO_TECNICO_IUS_284385_2022,,RESOLUCION SSPD 20221000284385 DE 2022,FORMATO IUS INDICADORES NIVEL DE ANÁLISIS POR SISTEMA,22,Período de Facturación_PF x Sistema Acueducto,Número de períodos de facturación generados durante el año de evaluación en el que se prestó el servicio de acueducto,Numérico,numerico,2,Períodos,Obligatorio,obligatorio,,,,,sin-cruce,publico-propuesto,,WEBFETCH_LECTOR,,true,H10;H11
VF-c556026c,ANEXO_TECNICO_IUS_284385_2022,,RESOLUCION SSPD 20221000284385 DE 2022,FORMATO IUS INDICADORES NIVEL DE ANÁLISIS POR SISTEMA,23,Sumatoria_POALCg,Sumatoria de POALCg (Productividad del personal operativo de alcantarillado en el período de facturación g),Numérico,numerico,,Decimal,Obligatorio,obligatorio,,,,,sin-cruce,publico-propuesto,,WEBFETCH_LECTOR,,true,H10;H11
VF-6c7aa732,ANEXO_TECNICO_IUS_284385_2022,,RESOLUCION SSPD 20221000284385 DE 2022,FORMATO IUS INDICADORES NIVEL DE ANÁLISIS POR SISTEMA,24,Período de Facturación_PF x Sistema Alcantarillado,Número de períodos de facturación generados durante el año de evaluación en el que se prestó el servicio de alcantarillado,Numérico,numerico,2,Períodos,Obligatorio,obligatorio,,,,,sin-cruce,publico-propuesto,,WEBFETCH_LECTOR,,true,H10;H11
VF-dcaf5018,ANEXO_TECNICO_IUS_284385_2022,,RESOLUCION SSPD 20221000284385 DE 2022,FORMATO IUS INDICADORES NIVEL DE ANÁLISIS POR SISTEMA,25,Sumatoria_IPAAi,"Sumatoria de IPAAi (Índice de Pérdidas de Agua en la Aducción en el mes i), redondeado a dos (2) cifras decimales",Numérico,numerico,,Decimal,Condicional,condicional,,,,,sin-cruce,publico-propuesto,,WEBFETCH_LECTOR,,true,H10;H11
VF-aa2a71aa,ANEXO_TECNICO_IUS_284385_2022,,RESOLUCION SSPD 20221000284385 DE 2022,FORMATO IUS INDICADORES NIVEL DE ANÁLISIS POR SISTEMA,26,Sumatoria_UAi,"Sumatoria de UAi (Utilización del Recurso Agua en el mes i), redondeado a dos (2) cifras decimales",Numérico,numerico,,Decimal,Condicional,condicional,,,,,sin-cruce,publico-propuesto,,WEBFETCH_LECTOR,,true,H10;H11
VF-e73a3a71,ANEXO_TECNICO_IUS_284385_2022,,RESOLUCION SSPD 20221000284385 DE 2022,FORMATO IUS INDICADORES NIVEL DE ANÁLISIS POR SISTEMA,27,Permiso de vertimiento de lodos acueducto,Indique SI durante el período de evaluación contó con permiso de vertimiento de lodos derivados del proceso de potabilización,Numérico,numerico,1,,Obligatorio,obligatorio,1=SI; 2=NO; 3=NO APLICA,,,,sin-cruce,publico-propuesto,,WEBFETCH_LECTOR,,true,H10;H11
VF-cd7cdb47,ANEXO_TECNICO_IUS_284385_2022,,RESOLUCION SSPD 20221000284385 DE 2022,FORMATO IUS INDICADORES NIVEL DE ANÁLISIS POR SISTEMA,28,Tratamiento de lodos acueducto,Indique SI durante el período de evaluación se realizaron procesos de tratamiento de lodos generados en la potabilización de agua,Numérico,numerico,1,,Condicional,condicional,1=SI; 2=NO; 3=NO GENERÓ LODOS,,,,sin-cruce,publico-propuesto,,WEBFETCH_LECTOR,,true,H10;H11
VF-a62309a4,ANEXO_TECNICO_IUS_284385_2022,,RESOLUCION SSPD 20221000284385 DE 2022,FORMATO IUS INDICADORES NIVEL DE ANÁLISIS POR SISTEMA,29,Lodos Tratados Acueducto_CLT,"Volumen de lodos (m3) que entraron al proceso de tratamiento de lodos durante el período de evaluación, derivados de la potabilización",Numérico,numerico,,m3,Condicional,condicional,,,,,sin-cruce,publico-propuesto,,WEBFETCH_LECTOR,,true,H10;H11
VF-f9abfcc8,ANEXO_TECNICO_IUS_284385_2022,,RESOLUCION SSPD 20221000284385 DE 2022,FORMATO IUS INDICADORES NIVEL DE ANÁLISIS POR SISTEMA,30,Lodos Generados Acueducto_CLG,"Volumen de lodos (m3) generados durante el período de la evaluación, derivados del proceso de potabilización de agua",Numérico,numerico,,m3,Condicional,condicional,,,,,sin-cruce,publico-propuesto,,WEBFETCH_LECTOR,,true,H10;H11
VF-1e965010,ANEXO_TECNICO_IUS_284385_2022,,RESOLUCION SSPD 20221000284385 DE 2022,FORMATO IUS INDICADORES NIVEL DE ANÁLISIS POR SISTEMA,31,Permiso de vertimiento de lodos alcantarillado,Indique SI durante el período de evaluación contó con permiso de vertimiento de lodos generados en la depuración de aguas residuales,Numérico,numerico,1,,Obligatorio,obligatorio,1=SI; 2=NO; 3=NO APLICA,,,,sin-cruce,publico-propuesto,,WEBFETCH_LECTOR,,true,H10;H11
VF-92807a48,ANEXO_TECNICO_IUS_284385_2022,,RESOLUCION SSPD 20221000284385 DE 2022,FORMATO IUS INDICADORES NIVEL DE ANÁLISIS POR SISTEMA,32,Tratamiento de lodos alcantarillado,Indique SI durante el período de evaluación se realizaron procesos de tratamiento de lodos en la depuración de aguas residuales,Numérico,numerico,1,,Condicional,condicional,1=SI; 2=NO; 3=NO GENERÓ LODOS,,,,sin-cruce,publico-propuesto,,WEBFETCH_LECTOR,,true,H10;H11
VF-3bb5241d,ANEXO_TECNICO_IUS_284385_2022,,RESOLUCION SSPD 20221000284385 DE 2022,FORMATO IUS INDICADORES NIVEL DE ANÁLISIS POR SISTEMA,33,Lodos Tratados Alcantarillado_CLT,"Volumen de lodos (m3) que entraron al proceso de tratamiento durante el período, derivados de la depuración de aguas residuales",Numérico,numerico,,m3,Condicional,condicional,,,,,sin-cruce,publico-propuesto,,WEBFETCH_LECTOR,,true,H10;H11
VF-b9ab1b72,ANEXO_TECNICO_IUS_284385_2022,,RESOLUCION SSPD 20221000284385 DE 2022,FORMATO IUS INDICADORES NIVEL DE ANÁLISIS POR SISTEMA,34,Lodos Generados Alcantarillado_CLG,"Volumen de lodos (m3) generados en el período de la evaluación, derivados del proceso de depuración de aguas residuales",Numérico,numerico,,m3,Condicional,condicional,,,,,sin-cruce,publico-propuesto,,WEBFETCH_LECTOR,,true,H10;H11
VF-0185cda9,ANEXO_TECNICO_IUS_284385_2022,,RESOLUCION SSPD 20221000284385 DE 2022,FORMATO IUS INDICADORES NIVEL DE ANÁLISIS POR SISTEMA,35,Cumplimiento medición del agua captada_CMCAP,"Indicar si da cumplimiento a la medición del volumen de agua captada en la bocatoma, para el sistema de acueducto",Numérico,numerico,1,,Obligatorio,obligatorio,1=SI; 2=NO; 3=NO APLICA,,,,sin-cruce,publico-propuesto,,WEBFETCH_LECTOR,,true,H10;H11
VF-0d7aaa61,ANEXO_TECNICO_IUS_284385_2022,,RESOLUCION SSPD 20221000284385 DE 2022,FORMATO IUS INDICADORES NIVEL DE ANÁLISIS POR SISTEMA,36,Observaciones,Comentarios que la persona prestadora considere necesarios para explicar lo reportado,Texto,alfanumerico,,,Opcional,opcional,,,,,sin-cruce,publico-propuesto,,WEBFETCH_LECTOR,,true,H10;H11
VF-9afc7d35,INSTRUCTIVO_CARGUE_AA_2024,,RESOLUCION SSPD 20211000316965 DE 2021,FORMATO TRANSITORIO. INDICADORES NIVEL DE ANALISIS POR APS,1,Código DANE,Corresponde a la codificación dada por el DANE con la división,Alfanumérico,alfanumerico,8,N/A,Si,obligatorio,Corresponde a la codificación dada por el DANE a la división político- administrativa de Colombia.,,"- Si el prestador previamente no ha diligenciado el “Módulo de configuración” de SURICATA, el sistema no le permitirá reportar este campo. - El Código DANE debe corresponder al registrado en el “Módulo de configuración” de SURICATA - Debe venir todas las APS que el prestador previamente configuró en el Módulo de configuración de SURICATA - El sistema no le permitirá el reporte de datos duplicados en el campo ""Código DANE - APS"".",,sin-cruce,publico-propuesto,,PDF_TABLA,3,false,H10;H11
VF-db64ad32,INSTRUCTIVO_CARGUE_AA_2024,,RESOLUCION SSPD 20211000316965 DE 2021,FORMATO TRANSITORIO. INDICADORES NIVEL DE ANALISIS POR APS,2,Valor presente de los recursos ejecutados de Acueducto,Sumatoria del,Numérico Decimal,decimal,"15 enteros, 2 Decimales",Pesos del año base,(Ver Observaciones de validación),condicional,"Números positivos, sin caracteres especiales",Grande Prestador,"x -Si el APS reportada en SURICATA atiende solo el servicio de ""ALCANTARILLADO"" el aplicativo le exigirá que este campo debe venir vacío ( ).. -El validador AAA, solo permitirá registrar conforme a los valores admisible y longitud del campo hasta 999999999999999.99 - El valor a reportar corresponde al numerador de la fórmula establecida para el cálculo del indicador, en pesos del año base, que debe incluir el ajuste con el Índice de Precios al Consumidor - IPC que corresponda, y el 𝑤𝑎𝑐𝑐: Tasa del costo promedio ponderado de capital regulatorio. - En razón a que se requiere el valor acumulado de los recursos ejecutados, el valor a reportar es el resultado de la sumatoria del valor presente de los recursos ejecutados, desde el año tarifario de inicio de ejecución del plan de inversiones, hasta el final del año tarifario del período de evaluación, es decir hasta el 30 de junio de 2020. - Se debe utilizar el POIR actualizado de que trata el parágrafo 1° del artículo 109 de la Resolución CRA 688 de 2014, modificado por el artículo 1° de la Resolución CRA 938 de 2020.",,sin-cruce,publico-propuesto,,PDF_TABLA,4,false,H10;H11
VF-8a306c60,INSTRUCTIVO_CARGUE_AA_2024,,RESOLUCION SSPD 20211000316965 DE 2021,FORMATO TRANSITORIO. INDICADORES NIVEL DE ANALISIS POR APS,3,Valor presente de las inversiones proyectadas de Acueducto,Sumatoria,Numérico Decimal,decimal,"15 enteros, 2 Decimales",Pesos del año base,(Ver Observaciones de validación),condicional,"Números positivos, sin caracteres especiales, hasta 999999999999999.99",Grande Prestador,"x -Si el APS reportada en SURICATA atiende solo el servicio de ""ALCANTARILLADO"" el aplicativo le exigirá que este campo debe venir vacío ( ).. -El validador AAA, solo permitirá registrar conforme a los valores admisible y longitud del campo hasta 999999999999999.99 - El valor a reportar corresponde al denominador de la fórmula establecida para el cálculo del indicador, en pesos del año base, que debe incluir el ajuste con el 𝑤𝑎𝑐𝑐: Tasa del costo promedio ponderado de capital regulatorio. Son las inversiones proyectadas del plan de inversiones con el que se calcularon los costos del servicio público domiciliario de acueducto. - En razón a que se requiere el valor acumulado de los recursos proyectados, el valor a reportar es el resultado de la sumatoria del valor presente de los recursos proyectados, desde el año tarifario de inicio de ejecución del plan de inversiones, hasta el final del año tarifario del período de evaluación, es decir hasta el 30 de junio de 2020.",,sin-cruce,publico-propuesto,,PDF_TABLA,5,false,H10;H11
VF-65428238,INSTRUCTIVO_CARGUE_AA_2024,,RESOLUCION SSPD 20211000316965 DE 2021,FORMATO TRANSITORIO. INDICADORES NIVEL DE ANALISIS POR APS,4,Valor Ejecutado del Activo y/o Proyecto – Acueducto,Sumatoria del valor,Numérico Decimal,decimal,"15 enteros, 2 Decimales",Pesos corrientes,(Ver Observaciones de validación),condicional,"Números positivos, sin caracteres especiales, hasta 999999999999999.99",Grande Prestador Pequeño prestador Prestador Rural,"x -Si el APS reportada en SURICATA atiende solo el servicio de ""ALCANTARILLADO"" el aplicativo le exigirá que este campo debe venir vacío ( ).. -El validador AAA, solo permitirá registrar conforme a los valores admisible y longitud del campo hasta 999999999999999.99 - El valor a reportar corresponde al numerador de la fórmula establecida para el cálculo del indicador, en pesos corrientes. - El periodo de cálculo incluye la ejecución de inversiones durante el periodo del año tarifario comprendido entre el 1 de julio de 2019 hasta el 30 de junio de 2020. - Para el caso de los grandes prestadores, se debe utilizar el POIR actualizado de que trata el parágrafo 1° del artículo 109 de la Resolución CRA 688 de 2014, modificado por el artículo 1° de la Resolución CRA 938 de 2020. Para el caso de pequeños prestadores se tendrá en consideración el plan o valor de inversiones definido de acuerdo con las Resoluciones CRA 825 de 2017, CRA 864 de 2018 y CRA 939 de 2021.",,sin-cruce,publico-propuesto,,PDF_TABLA,6,false,H10;H11
VF-9067b13c,INSTRUCTIVO_CARGUE_AA_2024,,RESOLUCION SSPD 20211000316965 DE 2021,FORMATO TRANSITORIO. INDICADORES NIVEL DE ANALISIS POR APS,5,Valor de los Proyectos y/o Activos establecidos – Acueducto,Sumatoria,Numérico Decimal,decimal,"15 enteros, 2 Decimales",Pesos corrientes,(Ver Observaciones de validación),condicional,"Números positivos, sin caracteres especiales",Grande Prestador Pequeño prestador Prestador Rural,"x -Si el APS reportada en SURICATA atiende solo el servicio de ""ALCANTARILLADO"" el aplicativo le exigirá que este campo debe venir vacío ( ).. -El validador AAA, solo permitirá registrar conforme a los valores admisible y longitud del campo hasta 999999999999999.99 - El valor a reportar corresponde al denominador de la fórmula establecida para el cálculo del indicador, en pesos corrientes. - El periodo de cálculo incluye la proyección de inversiones definida en el plan, para el periodo tarifario comprendido entre el 1 de julio de 2019 hasta el 30 de junio de 2020. - Para el caso de los grandes prestadores, se debe utilizar el POIR actualizado de que trata el parágrafo 1° del artículo 109 de la Resolución CRA 688 de 2014, modificado por el artículo 1° de la Resolución CRA 938 de 2020. Para el caso de pequeños prestadores se tendrá en consideración el plan o valor de inversiones definido de acuerdo con las Resoluciones CRA 825 de 2017, CRA 864 de 2018 y CRA 939 de 2021. - Si la persona prestadora ha proyectado un plan de inversiones y no ha reportado ejecución de este, el indicador será calificado como cero (0).",,sin-cruce,publico-propuesto,,PDF_TABLA,7,false,H10;H11
VF-96bfa789,INSTRUCTIVO_CARGUE_AA_2024,,RESOLUCION SSPD 20211000316965 DE 2021,FORMATO TRANSITORIO. INDICADORES NIVEL DE ANALISIS POR APS,6,Valor presente de los recursos ejecutados en Alcantarillado,Sumatoria,Numérico Decimal,decimal,"15 enteros, 2 Decimales",Pesos del año base,(Ver Observaciones de validación),condicional,"Números positivos, sin caracteres especiales",Grande Prestador,"x -Si el APS reportada en SURICATA atiende solo el servicio de ""ACUEDUCTO"" el aplicativo le exigirá que este campo debe venir vacío ( ).. -El validador AAA, solo permitirá registrar conforme a los valores admisible y longitud del campo hasta 999999999999999.99 - El valor a reportar corresponde al numerador de la fórmula establecida para el cálculo del indicador, en pesos del año base, que debe incluir el ajuste con el Índice de Precios al Consumidor - IPC que corresponda, y el 𝑤𝑎𝑐𝑐: Tasa del costo promedio ponderado de capital regulatorio. - En razón a que se requiere el valor acumulado de los recursos ejecutados, el valor a reportar es el resultado de la sumatoria del valor presente de los recursos ejecutados, desde el año tarifario de inicio de ejecución del plan de inversiones, hasta el final del año tarifario del período de evaluación, es decir hasta el 30 de junio de 2020. - Se debe utilizar el POIR actualizado de que trata el parágrafo 1° del artículo 109 de la Resolución CRA 688 de 2014, modificado por el artículo 1° de la Resolución CRA 938 de 2020. - En el caso que el prestador cuente con recursos ejecutados en inversiones compartidas entre Áreas de Prestación del Servicio – APS, se aplicará la distribución de dichos recursos por APS aplicando los mismos criterios que el prestador consideró en la elaboración del plan de inversiones o POIR. Si no se realizó dicha distribución, la distribución de los recursos ejecutados y proyectados se realizará a partir del número de suscriptores atendidos por el prestador en cada APS beneficiada en el último período de facturación del año tarifario.",,sin-cruce,publico-propuesto,,PDF_TABLA,7,false,H10;H11
VF-84083edc,INSTRUCTIVO_CARGUE_AA_2024,,RESOLUCION SSPD 20211000316965 DE 2021,FORMATO TRANSITORIO. INDICADORES NIVEL DE ANALISIS POR APS,7,Valor presente de las inversiones proyectadas en Alcantarillado:,,Numérico Decimal,decimal,"15 enteros, 2 Decimales",Pesos del año base,(Ver Observaciones de validación),condicional,"Números positivos, sin caracteres especiales",Grande Prestador,"x -Si el APS reportada en SURICATA atiende solo el servicio de ""ACUEDUCTO"" el aplicativo le exigirá que este campo debe venir vacío ( ).. -El validador AAA, solo permitirá registrar conforme a los valores admisible y longitud del campo hasta 999999999999999.99 - El valor a reportar corresponde al denominador de la fórmula establecida para el cálculo del indicador, en pesos del año base, que debe incluir el ajuste con el Índice de Precios al Consumidor - IPC que corresponda, y el 𝑤𝑎𝑐𝑐: Tasa del costo promedio ponderado de capital regulatorio. - En razón a que se requiere el valor acumulado de los recursos proyectados, el valor a reportar es el resultado de la sumatoria del valor presente de los recursos proyectados, desde el año tarifario de inicio de ejecución del plan de inversiones, hasta el final del año tarifario del período de evaluación, es decir hasta el 30 de junio de 2020. - Se debe utilizar el POIR actualizado de que trata el parágrafo 1° del artículo 109 de la Resolución CRA 688 de 2014, modificado por el artículo 1° de la Resolución CRA 938 de 2020. - En el caso que el prestador cuente con recursos ejecutados en inversiones compartidas entre Áreas de Prestación del Servicio – APS, se aplicará la distribución de dichos recursos por APS aplicando los mismos criterios que el prestador consideró en la elaboración del plan de inversiones o POIR. Si no se realizó dicha distribución, la distribución de los recursos ejecutados y proyectados se realizará a partir del número de suscriptores atendidos por el prestador en cada APS beneficiada en el último período de facturación del año tarifario.",,sin-cruce,publico-propuesto,,PDF_TABLA,9,false,H10;H11
VF-98f0b764,INSTRUCTIVO_CARGUE_AA_2024,,RESOLUCION SSPD 20211000316965 DE 2021,FORMATO TRANSITORIO. INDICADORES NIVEL DE ANALISIS POR APS,8,Valor del Activo y/o Proyecto Ejecutado - Alcantarillado,Sumatoria del,Numérico Decimal,decimal,"15 enteros, 2 Decimales",Pesos corrientes,(Ver Observaciones de validación),condicional,"Números positivos, sin caracteres especiales, hasta 999999999999999.99",Grande Prestador Pequeño prestador Prestador Rural,"x -Si el APS reportada en SURICATA atiende solo el servicio de ""ACUEDUCTO"" el aplicativo le exigirá que este campo debe venir vacío ( ).. -El validador AAA, solo permitirá registrar conforme a los valores admisible y longitud del campo hasta 999999999999999.99 - El valor a reportar corresponde al numerador de la fórmula establecida para el cálculo del indicador, en pesos corrientes. - El periodo de cálculo incluye la ejecución de inversiones durante el periodo del año tarifario comprendido entre el 1 de julio de 2019 hasta el 30 de junio de 2020. - Para el caso de los grandes prestadores, se debe utilizar el POIR actualizado de que trata el parágrafo 1° del artículo 109 de la Resolución CRA 688 de 2014, modificado por el artículo 1° de la Resolución CRA 938 de 2020. Para el caso de pequeños prestadores se tendrá en consideración el plan o valor de inversiones definido de acuerdo con las Resoluciones CRA 825 de 2017, CRA 864 de 2018 y CRA 939 de 2021. - Si la persona prestadora ha proyectado un plan de inversiones y no ha reportado ejecución de este, el indicador será calificado como cero (0).",,sin-cruce,publico-propuesto,,PDF_TABLA,10,false,H10;H11
VF-fe92a6ff,INSTRUCTIVO_CARGUE_AA_2024,,RESOLUCION SSPD 20211000316965 DE 2021,FORMATO TRANSITORIO. INDICADORES NIVEL DE ANALISIS POR APS,9,Valor de los Proyectos y/o Activos establecidos - Alcantarillado:,,Numérico Decimal,decimal,,,,sin-dato,,Grande Prestador Pequeño prestador Prestador Rural,"x -Si el APS reportada en SURICATA atiende solo el servicio de ""ACUEDUCTO"" el aplicativo le exigirá que este campo debe venir vacío ( ).. -El validador AAA, solo permitirá registrar conforme a los valores admisible y longitud del campo hasta 999999999999999.99 - El valor a reportar corresponde al denominador de la fórmula establecida para el cálculo del indicador, en pesos corrientes. - El periodo de cálculo incluye la proyección de inversiones definida en el plan, para el periodo tarifario comprendido entre el 1 de julio de 2019 hasta el 30 de junio de 2020. - Para el caso de los grandes prestadores, se debe utilizar el POIR actualizado de que trata el parágrafo 1° del artículo 109 de la Resolución CRA 688 de 2014, modificado por el artículo 1° de la Resolución CRA 938 de 2020. Para el caso de pequeños prestadores se tendrá en consideración el plan o valor de inversiones definido de acuerdo con las Resoluciones CRA 825 de 2017, CRA 864 de 2018 y CRA 939 de 2021. - Si la persona prestadora ha proyectado un plan de inversiones y no ha reportado ejecución de este, el indicador será calificado como cero (0).",,sin-cruce,publico-propuesto,,PDF_TABLA,10,false,H10;H11
VF-d4e8c334,INSTRUCTIVO_CARGUE_AA_2024,,RESOLUCION SSPD 20211000316965 DE 2021,FORMATO TRANSITORIO. INDICADORES NIVEL DE ANALISIS POR APS,10,Índice de Continuidad_IC,Resultado normalizado del indicador CS.2.1,Numérico Decimal,decimal,"3 enteros, 2 Decimales",N/A,(Ver Observaciones de validación),condicional,"Números positivos, sin caracteres especiales",,,,sin-cruce,publico-propuesto,,PDF_TABLA,11,false,H10;H11
VF-19a06c1e,INSTRUCTIVO_CARGUE_AA_2024,,RESOLUCION SSPD 20211000316965 DE 2021,FORMATO TRANSITORIO. INDICADORES NIVEL DE ANALISIS POR APS,11,NDNA ACUEDUCTO Corresponde al número de PQR del servicio público,,Numérico Decimal,decimal,15 enteros,N/A,(Ver Observaciones de validación),condicional,"Números positivos, sin caracteres especiales",Grande Prestador Pequeño prestador Prestador Rural,"x -Si el APS reportada en SURICATA atiende solo el servicio de ""ALCANTARILLADO"" el aplicativo le exigirá que este campo debe venir vacío ( ).. -El validador AAA, solo permitirá registrar conforme a los valores admisible y longitud del campo hasta 999999999999999",,sin-cruce,publico-propuesto,,PDF_TABLA,12,false,H10;H11
VF-09298d99,INSTRUCTIVO_CARGUE_AA_2024,,RESOLUCION SSPD 20211000316965 DE 2021,FORMATO TRANSITORIO. INDICADORES NIVEL DE ANALISIS POR APS,12,NTD ACUEDUCTO Corresponde al número total de PQR del servicio público,,Numérico Decimal,decimal,15 enteros,N/A,(Ver Observaciones de validación),condicional,"Números positivos, sin caracteres especiales",Grande Prestador Pequeño prestador Prestador Rural,"x -Si el APS reportada en SURICATA atiende solo el servicio de ""ALCANTARILLADO"" el aplicativo le exigirá que este campo debe venir vacío ( ).. -El validador AAA, solo permitirá registrar conforme a los valores admisible y longitud del campo hasta 999999999999999 - Para la variable Número total de PQR (variables 𝑁𝑇𝐷) se tomará todas las PQR cuya fecha de respuesta se encuentre entre el 1 de enero y el 31 de diciembre del 2020. - En el cálculo de la variable, deberá contemplar la totalidad de PQR recibidas, independientemente del tipo de causal.",,sin-cruce,publico-propuesto,,PDF_TABLA,13,false,H10;H11
VF-05581d55,INSTRUCTIVO_CARGUE_AA_2024,,RESOLUCION SSPD 20211000316965 DE 2021,FORMATO TRANSITORIO. INDICADORES NIVEL DE ANALISIS POR APS,13,NDNA ALCANTARILLADO Corresponde al número de PQR del servicio,,Numérico Decimal,decimal,15 enteros,N/A,(Ver Observaciones de validación),condicional,"Números positivos, sin caracteres especiales",Grande Prestador Pequeño prestador Prestador Rural,,,sin-cruce,publico-propuesto,,PDF_TABLA,13,false,H10;H11
VF-1b956617,INSTRUCTIVO_CARGUE_AA_2024,,RESOLUCION SSPD 20211000316965 DE 2021,FORMATO TRANSITORIO. INDICADORES NIVEL DE ANALISIS POR APS,14,NTD ALCANTARILLADO Corresponde al número total de PQR del servicio,,Numérico Decimal,decimal,"15 enteros, 2 Decimales",N/A,(Ver Observaciones de validación),condicional,"Números positivos, sin caracteres especiales",Grande Prestador Pequeño prestador Prestador Rural,"x -Si el APS reportada en SURICATA atiende solo el servicio de ""ACUEDUCTO"" el aplicativo le exigirá que este campo debe venir vacío ( ).. -El validador AAA, solo permitirá registrar conforme a los valores admisible y longitud del campo hasta 999999999999999 - Para la variable Número total de PQR (variable 𝑁𝑇𝐷) se tomará todas las PQR cuya fecha de respuesta se encuentre entre el 1 de enero y el 31 de diciembre del 2020. - En el cálculo de la variable, deberá contemplar la totalidad de PQR recibidas, independientemente del tipo de causal.",,sin-cruce,publico-propuesto,,PDF_TABLA,14,false,H10;H11
VF-87b987aa,INSTRUCTIVO_CARGUE_AA_2024,,RESOLUCION SSPD 20211000316965 DE 2021,FORMATO TRANSITORIO. INDICADORES NIVEL DE ANALISIS POR APS,15,Índice de micromedición efectiva_IMI,Resultado normalizado del indicador,Numérico Decimal,decimal,"3 enteros, 2 Decimales",N/A,(Ver Observaciones de validación),condicional,"Números positivos, sin caracteres especiales",,,,sin-cruce,publico-propuesto,,PDF_TABLA,14,false,H10;H11
VF-24cc0797,INSTRUCTIVO_CARGUE_AA_2024,,RESOLUCION SSPD 20211000316965 DE 2021,FORMATO TRANSITORIO. INDICADORES NIVEL DE ANALISIS POR APS,16,Catastro de medidores_CM,Indique si contó con Catastro de Medidores,Numérico Decimal,decimal,1 entero,N/A,(Ver Observaciones de validación),condicional,"Números positivos, sin caracteres especiales",Grande Prestador Pequeño prestador,"x -Si el APS reportada en SURICATA atiende solo el servicio de ""ALCANTARILLADO"" el aplicativo le exigirá que este campo debe venir vacío ( ). -El validador AAA, solo permitirá registrar conforme a los valores admisible conforme la siguiente codificación: 1=SÍ 2=NO 3=NO APLICA",,sin-cruce,restringido-propuesto,dato personal · identificador predial,PDF_TABLA,15,false,H10;H11
VF-1bcd10ad,INSTRUCTIVO_CARGUE_AA_2024,,RESOLUCION SSPD 20211000316965 DE 2021,FORMATO TRANSITORIO. INDICADORES NIVEL DE ANALISIS POR APS,17,Observaciones,Corresponde a los comentarios que la persona prestadora,Alfanumérico,alfanumerico,1000,N/A,(Ver Observaciones de validación),condicional,Números y letras sin caracteres especiales,,"-El validador AAA, solo permitirá registrar información conforme a los valores admisibles y de longitud del campo Para los campos que no sean diligenciados, las observaciones son de obligatorio diligenciamiento.",,sin-cruce,publico-propuesto,,PDF_TABLA,16,false,H10;H11
VF-1b79df17,INSTRUCTIVO_CARGUE_AA_2024,,RESOLUCION SSPD 20211000316965 DE 2021,FORMATO TRANSITORIO. INDICADORES NIVEL DE ANALISIS POR PRESTADOR,1,PPAP,Resultado de la fórmula del indicador GE.1.1. Productividad del,Numérico Decimal,decimal,"3 enteros, 2 decimales",N/A,No,opcional,=>0.00 =<100.00,Grande Prestador Pequeño prestador Prestador Rural,"x -El sistema solo le permitirá cargar un registro -El validador AAA, solo permitirá registrar conforme a los valores admisibles desde 0.00 hasta 100.00 Para la aplicación de la fórmula se debe tener en cuenta los siguientes aspectos:",,sin-cruce,publico-propuesto,,PDF_TABLA,36,false,H10;H11
VF-06bc6089,INSTRUCTIVO_CARGUE_AA_2024,,RESOLUCION SSPD 20211000316965 DE 2021,FORMATO TRANSITORIO. INDICADORES NIVEL DE ANALISIS POR PRESTADOR,2,IRPD,Resultado de la fórmula del indicador GYT.1.1. Índice de Rotación de,Numérico Decimal,decimal,"3 enteros, 2 decimales",N/A,No,opcional,=>0.00 =<100.00,Grande Prestador Pequeño prestador Prestador Rural,"x -El sistema solo le permitirá cargar un registro -El validador AAA, solo permitirá registrar conforme a los valores admisibles desde 0.00 hasta 100.00 Para la aplicación de la fórmula se debe tener en cuenta los siguientes aspectos: -Cada vez que se genere un cambio de cargo, reincorporación y/o contratación de nuevo personal, deberá reportarse como personas diferentes y/o nuevas. - Para el caso de reemplazos y encargos, se contará como un solo cargo y una misma persona, siempre que el tiempo no supere seis (6) meses. - Se tendrá en cuenta el año de inicio de operación del prestador. -El indicador es aplicable a prestadores que empleen una fórmula tarifaria contractual en los términos del parágrafo 1 del artículo 87 de la Ley 142 de 1994, lo anterior, de acuerdo con el alcance de lo previsto en el contrato.",,sin-cruce,publico-propuesto,,PDF_TABLA,37,false,H10;H11
VF-a7d3e3dc,INSTRUCTIVO_CARGUE_AA_2024,,RESOLUCION SSPD 20211000316965 DE 2021,FORMATO TRANSITORIO. INDICADORES NIVEL DE ANALISIS POR PRESTADOR,3,Observaciones Corresponde a los comentarios que la persona prestadora,,Alfanumérico,alfanumerico,1000,N/A,Si,obligatorio,Números y letras sin caracteres especiales,,"-El validador AAA, solo permitirá registrar información conforme a los valores admisibles y de longitud del campo Para los campos que no sean diligenciados, las observaciones son de obligatorio diligenciamiento.",,sin-cruce,publico-propuesto,,PDF_TABLA,38,false,H10;H11
VF-6f529d22,INSTRUCTIVO_CARGUE_AA_2024,,RESOLUCION SSPD 20211000316965 DE 2021,FORMATO TRANSITORIO. INDICADORES NIVEL DE ANALISIS POR SISTEMA,1,Código del sistema,Hace referencia al identificador numérico del sistema,Numérico Entero,entero,5,N/A,SI,obligatorio,Valores numéricos asignados por el aplicativo SURICATA,,"-Si el prestador previamente no ha diligenciado el “Módulo de configuración” de SURICATA, el sistema no le permitirá reportar este campo. -El sistema validará que todos los SISTEMAS registrados en el “Módulo de configuración” de SURICATA, cuenten con el indicador que se está reportando. - El sistema validará que el código de sistema reportado en el formato sea el mismo asignado por el aplicativo SURICATA. -El validador AAA le solicitara que este campo sea obligatorio conformes a los valores admisibles.",,sin-cruce,publico-propuesto,,PDF_TABLA,17,false,H10;H11
VF-e76a5e08,INSTRUCTIVO_CARGUE_AA_2024,,RESOLUCION SSPD 20211000316965 DE 2021,FORMATO TRANSITORIO. INDICADORES NIVEL DE ANALISIS POR SISTEMA,2,Código DANE,Corresponde a la codificación dada por el DANE a la división,Alfanumérico,alfanumerico,8,N/A,Si,obligatorio,Corresponde a la codificación dada por el DANE a la división político- administrativa de Colombia.,,"- Si el prestador previamente no ha diligenciado el “Módulo de configuración” de SURICATA, el sistema no le permitirá reportar este campo. - Tenga presente que el Código DANE debe corresponder al registrado en el “Módulo de configuración” de SURICATA - El validador AAA le solicitará que este campo tenga valor y que cumpla la longitud conforme a los valores admisibles",,sin-cruce,publico-propuesto,,PDF_TABLA,18,false,H10;H11
VF-3b03b5bc,INSTRUCTIVO_CARGUE_AA_2024,,RESOLUCION SSPD 20211000316965 DE 2021,FORMATO TRANSITORIO. INDICADORES NIVEL DE ANALISIS POR SISTEMA,3,Servicio,"Es el servicio público domiciliario al cual corresponde el Sistema, de",Numérico Entero,entero,1,N/A,Si,obligatorio,1=Acueducto 2=Alcantarillado,,"-Se debe tener en cuenta que el sistema validará que vengan todos los sistemas asociados con los respectivos servicios. - El validador AAA, le solicitara de acuerdo con los valores admisibles, indique a que servicio está asociado el sistema. -Se debe tener en cuenta que cada registro está asociado a un servicio dependiendo el tipo de sistema",,sin-cruce,publico-propuesto,,PDF_TABLA,19,false,H10;H11
VF-6a3abbe4,INSTRUCTIVO_CARGUE_AA_2024,,RESOLUCION SSPD 20211000316965 DE 2021,FORMATO TRANSITORIO. INDICADORES NIVEL DE ANALISIS POR SISTEMA,4,Tipo de sistemas,"Es el tipo de sistema, de acuerdo con la siguiente",Numérico Entero,entero,1,N/A,Si,obligatorio,1=Interconectado 2=No interconectado,,"- Si en tipo de sistema eligió la opción 1 ""Interconectado"", la combinación Código de sistema, Código DANE, Servicio y tipo de sistema (Campos 1,2,3 y 4) No se puede repetir. En este caso para el código DANE deberá reportar 1 solo código DANE que tenga asociado el sistema en el módulo de configuración SURICATA. - Si en tipo de sistema eligió la opción 2 ""No interconectado"" la combinación Código de Sistema, Servicio y Tipo de Sistema (Campos 1,3 y 4), se debe repetir tantas veces como APS tenga asociado el SISTEMA en el módulo de configuración de SURICATA. Vale precisar que la combinación “código Sistema”, “código DANE”, Servicio y tipo de sistema deben ser diferentes cuando el tipo de sistema sea 2 ""No interconectado"". - El validador AAA, le solicitara que este campo sea diligenciado de acuerdo con los valores admisibles, adicionalmente qué este tipo de sistema este asociado al servicio.",,sin-cruce,publico-propuesto,,PDF_TABLA,19,false,H10;H11
VF-bafe66ad,INSTRUCTIVO_CARGUE_AA_2024,,RESOLUCION SSPD 20211000316965 DE 2021,FORMATO TRANSITORIO. INDICADORES NIVEL DE ANALISIS POR SISTEMA,5,Cumplimiento Medición del Agua Captada,CMCAP. El prestador del,Numérico Entero,entero,1,N/A,(Ver Observaciones),condicional,1=SI 2=NO 3=NO APLICA,Grande Prestador,"x -El validador AAA no le permitirá reportar dato si en el campo 3 “Servicio” = “2 Alcantarillado” -El validador AAA, solo permitirá registrar el respectivo valor admisible",,sin-cruce,publico-propuesto,,PDF_TABLA,20,false,H10;H11
VF-2bcd6327,INSTRUCTIVO_CARGUE_AA_2024,,RESOLUCION SSPD 20211000316965 DE 2021,FORMATO TRANSITORIO. INDICADORES NIVEL DE ANALISIS POR SISTEMA,6,VTAP,Volumen anual de agua potable (m3) producida en la planta o plantas,Numérico Decimal,decimal,"15 enteros, 2 Decimales",m3,(Ver Observaciones),condicional,"Números positivos, sin caracteres especiales",Grande Prestador Pequeño prestador Prestador Rural,,,sin-cruce,publico-propuesto,,PDF_TABLA,20,false,H10;H11
VF-4761348b,INSTRUCTIVO_CARGUE_AA_2024,,RESOLUCION SSPD 20211000316965 DE 2021,FORMATO TRANSITORIO. INDICADORES NIVEL DE ANALISIS POR SISTEMA,7,Volumen adquirido en puntos de interconexión,Volumen anual que,Numérico Decimal,decimal,"15 enteros, 2 Decimales",m3,(Ver Observaciones),condicional,"Números positivos, sin caracteres especiales",Grande Prestador Pequeño prestador Prestador Rural,"x -El validador AAA no le permitirá reportar dato si en el campo 3 “Servicio” = “2 Alcantarillado” -El validador AAA, solo permitirá registrar conforme a los valores admisible y longitud del campo",,sin-cruce,publico-propuesto,,PDF_TABLA,21,false,H10;H11
VF-c322760a,INSTRUCTIVO_CARGUE_AA_2024,,RESOLUCION SSPD 20211000316965 DE 2021,FORMATO TRANSITORIO. INDICADORES NIVEL DE ANALISIS POR SISTEMA,8,Volumen entregado en puntos de interconexión,Volumen anual que,Numérico Decimal,decimal,"15 enteros, 2 Decimales",m3,(Ver Observaciones),condicional,"Números positivos, sin caracteres especiales",,,,sin-cruce,publico-propuesto,,PDF_TABLA,21,false,H10;H11
VF-de34ceec,INSTRUCTIVO_CARGUE_AA_2024,,RESOLUCION SSPD 20211000316965 DE 2021,FORMATO TRANSITORIO. INDICADORES NIVEL DE ANALISIS POR SISTEMA,9,Consumo Facturado,Corresponde al volumen en (m3) de consumo anual,Numérico Decimal,decimal,"15 enteros, 2 Decimales",m3,(Ver Observaciones),condicional,"Números positivos, sin caracteres especiales",Grande Prestador Pequeño prestador Prestador Rural,"x -El validador AAA no le permitirá reportar dato si en el campo 3 “Servicio” = “2 Alcantarillado” -Debe tener en cuenta que, Si en el campo 3 registró ""1 Acueducto"", este campo debe ser diferente de NULO. -El validador AAA, solo permitirá registrar conforme a los valores admisible y longitud del campo - La información de referencia para calcular el consumo anual, entendido como el consumo agregado de todos los suscriptores abastecidos por el sistema de acueducto, deberá ser la que cargó por medio de los Formatos de Facturación de acueducto al SUI durante el año 2020.",,sin-cruce,publico-propuesto,,PDF_TABLA,22,false,H10;H11
VF-a492e24f,INSTRUCTIVO_CARGUE_AA_2024,,RESOLUCION SSPD 20211000316965 DE 2021,FORMATO TRANSITORIO. INDICADORES NIVEL DE ANALISIS POR SISTEMA,10,NS_ACPUC,Número de suscriptores que hacen parte del sistema de,Numérico Decimal,decimal,10 enteros,N/A,(Ver Observaciones),condicional,"Números positivos, sin caracteres especiales",Grande Prestador Pequeño prestador Prestador Rural,"x -El validador AAA no le permitirá reportar dato si en el campo 3 “Servicio” = “2 Alcantarillado” -Debe tener en cuenta que, Si en el campo 3 registró ""1 Acueducto"", este campo debe ser diferente de NULO. -El validador AAA, solo permitirá registrar conforme a los valores admisible y longitud del campo - La información de referencia para calcular la variable deberá ser la que cargó por medio de los Formatos de Facturación de acueducto al SUI durante el año 2020. - El valor de la variable deberá ser el resultado de la sumatoria del total de suscriptores que componen cada periodo de facturación.",,sin-cruce,publico-propuesto,,PDF_TABLA,22,false,H10;H11
VF-16ae0010,INSTRUCTIVO_CARGUE_AA_2024,,RESOLUCION SSPD 20211000316965 DE 2021,FORMATO TRANSITORIO. INDICADORES NIVEL DE ANALISIS POR SISTEMA,11,Índice de macromedición efectiva_IMA,Resultado normalizado del,Numérico Decimal,decimal,=>0.00 =<100.00,N/A,(Ver Observaciones),condicional,"Números, sin caracteres especiales",Grande Prestador Pequeño prestador Prestador Rural,x -El validador AAA no le permitirá reportar dato si en el campo 3 “Servicio” = “2 Alcantarillado”,,sin-cruce,publico-propuesto,,PDF_TABLA,23,false,H10;H11
VF-8bd8ec46,INSTRUCTIVO_CARGUE_AA_2024,,RESOLUCION SSPD 20211000316965 DE 2021,FORMATO TRANSITORIO. INDICADORES NIVEL DE ANALISIS POR SISTEMA,12,FAC_Acueducto,Resultado de la fórmula del indicador EO.2.1 Fallas en la,Numérico Decimal,decimal,"2 enteros, 10 Decimales",N/A,(Ver Observaciones),condicional,"Números, sin caracteres especiales",Grande Prestador Pequeño prestador,"x -El validador AAA no le permitirá reportar dato si en el campo 3 “Servicio” = “2 Alcantarillado” -El validador AAA, solo permitirá registrar conforme a los valores admisible y longitud del campo - Se debe reportar el resultado de la fórmula, el cual corresponde al promedio mensual del año 2020 y NO a un valor agregado anual. - En el cálculo del indicador se deberá contemplar las fallas causadas por terceros.",,sin-cruce,publico-propuesto,,PDF_TABLA,24,false,H10;H11
VF-38e14153,INSTRUCTIVO_CARGUE_AA_2024,,RESOLUCION SSPD 20211000316965 DE 2021,FORMATO TRANSITORIO. INDICADORES NIVEL DE ANALISIS POR SISTEMA,13,FAL_Alcantarillado,Resultado de la fórmula del indicador EO.2.2 Fallas en,,sin-dato,,,,sin-dato,,,,,sin-cruce,publico-propuesto,,PDF_TABLA,24,false,H10;H11
VF-c29d89ab,INSTRUCTIVO_CARGUE_AA_2024,,RESOLUCION SSPD 20211000316965 DE 2021,FORMATO TRANSITORIO. INDICADORES NIVEL DE ANALISIS POR SISTEMA,14,Contratos de suministro,"Indique si durante el año de análisis, incurrió en",Numérico Entero,entero,1,N/A,(Ver Observaciones),condicional,1=SI 2=NO 3=NO APLICA,Grande Prestador Pequeño prestador Prestador Rural,"x -El validador AAA no le permitirá reportar dato si en el campo 3 “Servicio” = “2 Alcantarillado” -Debe tener en cuenta que, Si en el campo 3 registró ""1 Acueducto"", este campo es obligatorio -El validador AAA, solo permitirá registrar conforme a los valores admisible y longitud del campo",,sin-cruce,publico-propuesto,,PDF_TABLA,25,false,H10;H11
VF-60df3703,INSTRUCTIVO_CARGUE_AA_2024,,RESOLUCION SSPD 20211000316965 DE 2021,FORMATO TRANSITORIO. INDICADORES NIVEL DE ANALISIS POR SISTEMA,15,EET Acueducto,Energía eléctrica (kWh) total consumida por los procesos,Numérico Decimal,decimal,"15 enteros, 2 Decimales",kWh,(Ver Observaciones,condicional,"Números, sin caracteres especiales",Grande Prestador Pequeño prestador,"x -El validador AAA no le permitirá reportar dato si en el campo 3 “Servicio” = “2 Alcantarillado” -El validador AAA, solo permitirá registrar conforme a los valores admisible y longitud del campo - Para prestadores que cuenten con contratos de suministro de agua potable como única fuente de abastecimiento, debe dejar vacío este campo y en el numeral 14 (Contratos de suministro) deberá indicar el código 1 (SI).",,sin-cruce,publico-propuesto,,PDF_TABLA,26,false,H10;H11
VF-1d53ee73,INSTRUCTIVO_CARGUE_AA_2024,,RESOLUCION SSPD 20211000316965 DE 2021,FORMATO TRANSITORIO. INDICADORES NIVEL DE ANALISIS POR SISTEMA,16,EET Alcantarillado,Energía eléctrica (kWh) total en consumida por en el,Numérico Decimal,decimal,"15 enteros, 2 Decimales",kWh,(Ver Observaciones),condicional,"Números, sin caracteres especiales",Grande Prestador Pequeño prestador,x -El validador AAA no le permitirá reportar dato si en el campo 3 “Servicio” = “1 Acueducto”,,sin-cruce,publico-propuesto,,PDF_TABLA,26,false,H10;H11
VF-f7bf25f7,INSTRUCTIVO_CARGUE_AA_2024,,RESOLUCION SSPD 20211000316965 DE 2021,FORMATO TRANSITORIO. INDICADORES NIVEL DE ANALISIS POR SISTEMA,17,VTA,"Volumen (m3) anual de agua residual tratada, durante el año 2020.",Numérico Decimal,decimal,"15 enteros, 2 Decimales",m3,(Ver Observaciones),condicional,"Números, sin caracteres especiales",Grande Prestador Pequeño prestador,"x -El validador AAA no le permitirá reportar dato si en el campo 3 “Servicio” = “1 Acueducto” -El validador AAA, solo permitirá registrar conforme a los valores admisible y longitud del campo",,sin-cruce,publico-propuesto,,PDF_TABLA,27,false,H10;H11
VF-42f292f7,INSTRUCTIVO_CARGUE_AA_2024,,RESOLUCION SSPD 20211000316965 DE 2021,FORMATO TRANSITORIO. INDICADORES NIVEL DE ANALISIS POR SISTEMA,18,IPAA,Resultado de la fórmula del indicador SA.1.1 Índice de Pérdidas de,Numérico Decimal,decimal,"3 enteros, 2 Decimales",N/A,(Ver Observaciones),condicional,"Números, sin caracteres especiales",Grande Prestador Pequeño prestador Prestador Rural,"x -El validador AAA no le permitirá reportar dato si en el campo 3 “Servicio” = “2 Alcantarillado” -Si en el campo ""14. CONTRATOS DE SUMINISTRO"" Indicaron “1=SI“ es obligatorio que este campo venga vacío.",,sin-cruce,publico-propuesto,,PDF_TABLA,27,false,H10;H11
VF-cf3307d1,INSTRUCTIVO_CARGUE_AA_2024,,RESOLUCION SSPD 20211000316965 DE 2021,FORMATO TRANSITORIO. INDICADORES NIVEL DE ANALISIS POR SISTEMA,19,Utilización del recurso agua_UA,Resultado normalizado del indicador,Numérico Decimal,decimal,"3 enteros, 2 Decimales",N/A,(Ver Observaciones),condicional,"Números, sin caracteres especiales",Grande Prestador Pequeño prestador Prestador Rural,"x -El validador AAA no le permitirá reportar dato si en el campo 3 “Servicio” = “2 Alcantarillado” -Si en el campo ""14. CONTRATOS DE SUMINISTRO"" Indicaron “1=SI“ es obligatorio que este campo venga vacío. -El validador AAA, solo permitirá registrar conforme a los valores admisible y longitud del campo - En dado caso que los valores para la captación de agua cruda sean estimados, se deberá indicar en el campo de “Observaciones” el método de estimación empleado. - Para el cálculo de la variable VCAA, se debe tomar el caudal otorgado por la autoridad ambiental y realizar la conversión para obtener el valor metros cúbicos anuales.",,sin-cruce,publico-propuesto,,PDF_TABLA,28,false,H10;H11
VF-ee35b895,INSTRUCTIVO_CARGUE_AA_2024,,RESOLUCION SSPD 20211000316965 DE 2021,FORMATO TRANSITORIO. INDICADORES NIVEL DE ANALISIS POR SISTEMA,20,Permiso de vertimiento de lodos acueducto,Indique si durante el año de,Numérico Entero,entero,1,N/A,(Ver Observaciones),condicional,1=SI 2=NO,,,,sin-cruce,publico-propuesto,,PDF_TABLA,28,false,H10;H11
VF-718a2c86,INSTRUCTIVO_CARGUE_AA_2024,,RESOLUCION SSPD 20211000316965 DE 2021,FORMATO TRANSITORIO. INDICADORES NIVEL DE ANALISIS POR SISTEMA,21,Tratamiento de lodos acueducto,Indique si durante el año de evaluación,Numérico Entero,entero,1,N/A,(Ver Observaciones),condicional,1=SI 2=NO 3=NO APLICA,Grande Prestador Pequeño prestador,"x -El validador AAA no le permitirá reportar dato si en el campo 3 “Servicio” = “2 Alcantarillado” -El validador AAA, le permitirá reportar dato si en el campo 3 ""Servicio""= ""1 Acueducto"" este campo es obligatorio.",,sin-cruce,publico-propuesto,,PDF_TABLA,29,false,H10;H11
VF-819e5463,INSTRUCTIVO_CARGUE_AA_2024,,RESOLUCION SSPD 20211000316965 DE 2021,FORMATO TRANSITORIO. INDICADORES NIVEL DE ANALISIS POR SISTEMA,22,CLT Acueducto,Volumen de lodos (m3) que entraron al proceso de,Numérico Decimal,decimal,"15 enteros, 2 Decimales",m3,(Ver Observaciones),condicional,"Números, sin caracteres especiales",Grande Prestador Pequeño prestador,"x -El validador AAA no le permitirá reportar dato si en el campo 3 “Servicio” = “2 Alcantarillado” - Si el campo ""20. PERMISO DE VERTIMIENTO DE LODOS_ACUEDUCTO"" Indico ”1= (Si)”, es obligatorio que este campo venga vacío. - Si el campo ""21. TRATAMIENTO DE LODOS_ACUEDUCTO"" indico “2= NO” o “3=No aplica” es obligatorio que este campo venga vacío. -El validador AAA, solo permitirá registrar conforme a los valores admisible y longitud del campo",,sin-cruce,publico-propuesto,,PDF_TABLA,30,false,H10;H11
VF-aa9e1cf6,INSTRUCTIVO_CARGUE_AA_2024,,RESOLUCION SSPD 20211000316965 DE 2021,FORMATO TRANSITORIO. INDICADORES NIVEL DE ANALISIS POR SISTEMA,23,CLG Acueducto,"Volumen de lodos (m3) generados durante el año 2020,",Numérico Decimal,decimal,"15 enteros, 2 Decimales",m3,(Ver Observaciones),condicional,"Números, sin caracteres especiales",,,,sin-cruce,publico-propuesto,,PDF_TABLA,30,false,H10;H11
VF-e9299d46,INSTRUCTIVO_CARGUE_AA_2024,,RESOLUCION SSPD 20211000316965 DE 2021,FORMATO TRANSITORIO. INDICADORES NIVEL DE ANALISIS POR SISTEMA,24,Permiso de vertimiento de lodos alcantarillado,Indique si durante el año,Numérico Entero,entero,1,N/A,(Ver Observaciones),condicional,1=SI 2=NO 3=NO APLICA,Grande Prestador Pequeño prestador Prestador Rural,"x -El validador AAA no le permitirá reportar dato si en el campo 3 “Servicio” = “1 Acueducto” -Debe tener en cuenta que, Si en el campo 3 “Servicio” = ""2 Alcantarillado"", este campo es obligatorio -El validador AAA, solo permitirá registrar conforme a los valores admisible y longitud del campo - Si el reporte corresponde a un sistema de alcantarillado en área de prestación rural, de acuerdo con el Anexo 4 de la Resolución CRA 906 de 2019 este indicador no le aplica, por tanto, deberá reportar el código 3 (NO APLICA).",,sin-cruce,publico-propuesto,,PDF_TABLA,31,false,H10;H11
VF-3f36734e,INSTRUCTIVO_CARGUE_AA_2024,,RESOLUCION SSPD 20211000316965 DE 2021,FORMATO TRANSITORIO. INDICADORES NIVEL DE ANALISIS POR SISTEMA,25,Tratamiento de lodos alcantarillado,Indique si durante el año de,Numérico Entero,entero,1,N/A,(Ver Observaciones),condicional,1=SI 2=NO 3=NO APLICA,Grande Prestador Pequeño prestador Prestador Rural,"x -El validador AAA no le permitirá reportar dato si en el campo 3 “Servicio” = “1 Acueducto” -Debe tener en cuenta que, Si en el campo 3 “Servicio” = ""2 Alcantarillado"", este campo es obligatorio Si en el campo ""24. PERMISO DE VERTIMIENTO DE LODOS_ALCANTARILLADO"" Indicaron “1 (Si)”, es obligatorio que este campo venga vacío. Si en el campo ""24. PERMISO DE VERTIMIENTO DE LODOS_ALCANTARILLADO""= “3= (NO APLICA)”, este campo es obligatorio y solo admite valores “2=No” ó “3=No aplica”. -El validador AAA, solo permitirá registrar conforme a los valores admisible y longitud del campo Dado que el indicador no le aplica al segmento “Rural”, este tipo de prestador deberá indicar el campo “3=No aplica”.",,sin-cruce,publico-propuesto,,PDF_TABLA,31,false,H10;H11
VF-3f067369,INSTRUCTIVO_CARGUE_AA_2024,,RESOLUCION SSPD 20211000316965 DE 2021,FORMATO TRANSITORIO. INDICADORES NIVEL DE ANALISIS POR SISTEMA,26,CLT Alcantarillado,Volumen de lodos (m3) que entraron al proceso de,Numérico Decimal,decimal,"15 enteros, 2 Decimales",m3,(Ver Observaciones),condicional,"Números, sin caracteres especiales",Grande Prestador Pequeño prestador,,,sin-cruce,publico-propuesto,,PDF_TABLA,32,false,H10;H11
VF-fc04f8cb,INSTRUCTIVO_CARGUE_AA_2024,,RESOLUCION SSPD 20211000316965 DE 2021,FORMATO TRANSITORIO. INDICADORES NIVEL DE ANALISIS POR SISTEMA,27,CLG Alcantarillado,Volumen de lodos (m3) generados durante en el año,Numérico Decimal,decimal,"15 enteros, 2 Decimales",m3,(Ver Observaciones),condicional,"Números, sin caracteres especiales",Grande Prestador Pequeño prestador,"x -El validador AAA no le permitirá reportar dato si en el campo 3 “Servicio” = “1 Acueducto” -El validador AAA, solo permitirá registrar conforme a los valores admisible y longitud del campo",,sin-cruce,publico-propuesto,,PDF_TABLA,33,false,H10;H11
VF-f0b2bfba,INSTRUCTIVO_CARGUE_AA_2024,,RESOLUCION SSPD 20211000316965 DE 2021,FORMATO TRANSITORIO. INDICADORES NIVEL DE ANALISIS POR SISTEMA,28,POAC,Resultado de la fórmula del indicador GE.2.1 Productividad del,Numérico Decimal,decimal,"3 enteros, 2 Decimales",N/A,(Ver Observaciones),condicional,=>0.00 =<100.00,,,,sin-cruce,publico-propuesto,,PDF_TABLA,33,false,H10;H11
VF-a6b8a1e3,INSTRUCTIVO_CARGUE_AA_2024,,RESOLUCION SSPD 20211000316965 DE 2021,FORMATO TRANSITORIO. INDICADORES NIVEL DE ANALISIS POR SISTEMA,29,POALC,Resultado de la fórmula del indicador GE.2.2 Productividad del,Numérico Decimal,decimal,"3 enteros, 2 Decimales",N/A,(Ver Observaciones),condicional,=>0.00 =<100.00,Grande Prestador Pequeño prestador Prestador Rural,"x -El validador AAA no le permitirá reportar dato si en el campo 3 “Servicio” = “1 Acueducto” -El validador AAA, solo permitirá registrar conforme a los valores admisible y longitud del campo",,sin-cruce,publico-propuesto,,PDF_TABLA,34,false,H10;H11
VF-8716929d,INSTRUCTIVO_CARGUE_AA_2024,,RESOLUCION SSPD 20211000316965 DE 2021,FORMATO TRANSITORIO. INDICADORES NIVEL DE ANALISIS POR SISTEMA,30,Observaciones,Corresponde a los comentarios que la persona prestadora,Alfanumérico,alfanumerico,1000,N/A,(Ver Observaciones),condicional,Números y letras sin caracteres especiales,,"-El validador AAA, solo permitirá registrar información conforme a los valores admisibles y de longitud del campo. Para los campos que no sean diligenciados, las observaciones son de obligatorio diligenciamiento.",,sin-cruce,publico-propuesto,,PDF_TABLA,35,false,H10;H11
VF-5979fbc5,INSTRUCTIVO_CARGUE_AA_2024,,RESOLUCION SSPD 20211000316965 DE 2021,FORMATO. MODELO HIDRAULICO,1,Código sistema,Hace referencia al identificador numérico del sistema,Numérico Entero,entero,5,N/A,Si,obligatorio,Código de SISTEMA asignado por SURICATA,,"Si el prestador previamente no ha diligenciado el “Módulo de configuración” de SURICATA, el sistema no le permitirá reportar este campo. El validador AAA le solicitará que este campo sea obligatorio conforme a los valores admisibles.",,sin-cruce,publico-propuesto,,PDF_TABLA,41,false,H10;H11
VF-b62fbc45,INSTRUCTIVO_CARGUE_AA_2024,,RESOLUCION SSPD 20211000316965 DE 2021,FORMATO. MODELO HIDRAULICO,2,Fecha de última actualización,Reportar la última fecha de actualización del,Fecha,fecha,10,Fecha,Si,obligatorio,DD-MM-AAAA,,"La fecha no debe superar el periodo de cargue El validador AAA. le solicitará este campo obligatorio, conforme a los valores admisibles y de longitud de campo",,sin-cruce,publico-propuesto,,PDF_TABLA,42,false,H10;H11
VF-94cf4138,INSTRUCTIVO_CARGUE_AA_2024,,RESOLUCION SSPD 20211000316965 DE 2021,FORMATO. MODELO HIDRAULICO,3,Fecha de última calibración,Reportar la última fecha de calibración del,Fecha,fecha,10,Fecha,Si,obligatorio,DD-MM-AAAA,,"La fecha registrada no puede ser inferior al periodo de reporte El validador AAA, la fecha registrada No le permitirá registrar una fecha inferior a la fecha del campo 2",,sin-cruce,publico-propuesto,,PDF_TABLA,42,false,H10;H11
VF-25feed2a,INSTRUCTIVO_CARGUE_AA_2024,,RESOLUCION SSPD 20211000316965 DE 2021,FORMATO. MODELO HIDRAULICO,4,Modelación de operación bajo contingencia por incendios,Indique Si o No,Numérico Entero,entero,1,N/A,Si,obligatorio,1 o 2,,"El validador AAA, le exigirá el reporte de este campo conforme a la longitud de campo y valores admisibles.",,sin-cruce,publico-propuesto,,PDF_TABLA,42,false,H10;H11
VF-9f030b10,INSTRUCTIVO_CARGUE_AA_2024,,RESOLUCION SSPD 20211000316965 DE 2021,FORMULARIO. ENCUESTA MODELO HIDRAULICO,1,Código sistema,Hace referencia al identificador numérico del sistema generado,Numérico Entero,entero,5,N/A,N/A,sin-dato,Son los SISTEMAS prediligenciados generados por SURICATA,,"Si el prestador previamente no ha diligenciado el “Módulo de configuración” de SURICATA, el sistema no le generará detalle de este campo",,sin-cruce,publico-propuesto,,PDF_TABLA,38,false,H10;H11
VF-9c435e8c,INSTRUCTIVO_CARGUE_AA_2024,,RESOLUCION SSPD 20211000316965 DE 2021,FORMULARIO. ENCUESTA MODELO HIDRAULICO,2,El sistema de acueducto cuenta con modelación hidráulica,El prestador,Numérico Entero,entero,1,N/A,Si,obligatorio,Solo los definidos en el listado: 1:Si 2:No,,Solo podrá seleccionar alguna de las variables del listado,,sin-cruce,publico-propuesto,,PDF_TABLA,39,false,H10;H11
VF-cc328811,INSTRUCTIVO_CARGUE_AA_2024,,RESOLUCION SSPD 20211000316965 DE 2021,FORMULARIO. ENCUESTA MODELO HIDRAULICO,3,Porcentaje de redes con modelación hidráulica,Indicar qué porcentaje del,Numérico Decimal,decimal,"3 Enteros, 2 Decimales",%,(Ver Observaciones),condicional,"Números positivos, sin caracteres especiales",,"Este campo no es obligatorio si en el campo 2 “El sistema de acueducto cuenta con modelación hidráulica.”= ""NO"" y por lo tanto se debe dejar vacío. Este campo es obligatorio si en el campo 2 “El sistema de acueducto cuenta con modelación hidráulica.”= ""SI"" y por lo tanto deberá cumplir conforme a los valores admisibles de este campo El Formato Modelo Hidráulico se habilita si todas las redes de distribución cuentan con modelo hidráulico en el marco de lo determinado por el Artículo 57 de la Resolución 330 de 2017 del MVCT.",,sin-cruce,publico-propuesto,,PDF_TABLA,39,false,H10;H11
VF-aedbb887,INSTRUCTIVO_CARGUE_AA_2024,,RESOLUCION SSPD 20211000316965 DE 2021,FORMULARIO. ENCUESTA MODELO HIDRAULICO,4,Cuántos modelos hidráulicos tiene el sistema de acueducto,Indicar la,Numérico Entero,entero,3 Enteros,N/A,(Ver Observaciones),condicional,"Números positivos, sin caracteres especiales",,"Este campo no es obligatorio si en el campo 2 “El sistema de acueducto cuenta con modelación hidráulica.”= ""NO"" y por lo tanto se debe dejar vacío. Este campo es obligatorio si en el campo 2 “El sistema de acueducto cuenta con modelación hidráulica.”= ""SI"" y por lo tanto deberá cumplir conforme a los valores admisibles de este campo Solo permitirá registrar conforme a los valores admisible y longitud del campo",,sin-cruce,publico-propuesto,,PDF_TABLA,40,false,H10;H11
VF-c1713dff,INSTRUCTIVO_CARGUE_AA_2024,,RESOLUCION SSPD 20211000316965 DE 2021,FORMULARIO. PERSONAL ADMINISTRATIVO,1,Período,Corresponde a cada uno de los meses del año.,Numérico Entero,entero,2 Enteros,N/A,N/A,sin-dato,Prediligenciado con los 12 meses del año,,,,sin-cruce,publico-propuesto,,PDF_TABLA,43,false,H10;H11
VF-26284888,INSTRUCTIVO_CARGUE_AA_2024,,RESOLUCION SSPD 20211000316965 DE 2021,FORMULARIO. PERSONAL ADMINISTRATIVO,2,Número total de personal administrativo,Se incluyen el personal que realice,Numérico Entero,entero,5 Enteros,N/A,SI,obligatorio,>=00000 y <=99999,,"-Solo permitirá registrar conforme a los valores admisible y longitud del campo Para determinar la variable se debe tener en cuenta el siguiente aspecto: -La variable Número total de personal administrativo– NTAg, asociada a periodos de facturación, se debe tomar la nómina de personal y el número de contratos o colaboradores del fin de mes al cual pertenezca el maestro de facturación reportado al SUI.",,sin-cruce,publico-propuesto,,PDF_TABLA,44,false,H10;H11
VF-82ef4bd7,INSTRUCTIVO_CARGUE_AA_2024,,RESOLUCION SSPD 20211000316965 DE 2021,FORMULARIO. PERSONAL OPERATIVO ACUEDUCTO,1,Código sistema,Hace referencia al identificador numérico generado a través,Numérico Entero,entero,5,N/A,N/A,sin-dato,Prediligenciado valores obtenidos del módulo de configuración SURICATA del servicio de acueducto,,"Si el prestador previamente no ha diligenciado el “Módulo de configuración” de SURICATA, el sistema no le generará detalle este campo",,sin-cruce,publico-propuesto,,PDF_TABLA,45,false,H10;H11
VF-a14b541e,INSTRUCTIVO_CARGUE_AA_2024,,RESOLUCION SSPD 20211000316965 DE 2021,FORMULARIO. PERSONAL OPERATIVO ACUEDUCTO,2,Período,Corresponde a cada uno de los meses del año.,Numérico Entero,entero,2 Enteros,N/A,SI,obligatorio,Prediligenciado con los 12 meses del año,,,,sin-cruce,publico-propuesto,,PDF_TABLA,45,false,H10;H11
VF-80e7b86f,INSTRUCTIVO_CARGUE_AA_2024,,RESOLUCION SSPD 20211000316965 DE 2021,FORMULARIO. PERSONAL OPERATIVO ACUEDUCTO,3,Número total de personal operativo para el servicio público domiciliario de,,Numérico Entero,entero,4 Enteros,N/A,SI,obligatorio,>=0000 y <=9999,,-Solo permitirá registrar conforme a los valores admisibles y de longitud del campo,,sin-cruce,publico-propuesto,,PDF_TABLA,45,false,H10;H11
VF-99763539,INSTRUCTIVO_CARGUE_AA_2024,,RESOLUCION SSPD 20211000316965 DE 2021,FORMULARIO. PERSONAL OPERATIVO ALCANTARILLADO,1,Código sistema,Hace referencia al identificador numérico generado a través,Numérico Entero,entero,5,N/A,N/A,sin-dato,Prediligenciado Son todos los sistemas que le asignó SURICATA a través módulo de configuración del servicio de alcantarillado,,"Si el prestador previamente no ha diligenciado el “Módulo de configuración” de SURICATA, el sistema no le generará detalle en este campo y no le permitirá reportar información.",,sin-cruce,publico-propuesto,,PDF_TABLA,46,false,H10;H11
VF-424048e2,INSTRUCTIVO_CARGUE_AA_2024,,RESOLUCION SSPD 20211000316965 DE 2021,FORMULARIO. PERSONAL OPERATIVO ALCANTARILLADO,2,Código DANE,Hace referencia a los códigos DANE de las áreas de prestación,Numérico Entero,entero,N/A,No aplica,No aplica,condicional,Prediligenciado Es la descripción de los códigos DANE de las APS reportadas en el módulo de configuración de SURICATA,,"Si el prestador previamente no ha diligenciado el “Módulo de configuración” de SURICATA, el sistema no le generará detalle en este campo y no le permitirá reportar información.",,sin-cruce,publico-propuesto,,PDF_TABLA,47,false,H10;H11
VF-7ffb167f,INSTRUCTIVO_CARGUE_AA_2024,,RESOLUCION SSPD 20211000316965 DE 2021,FORMULARIO. PERSONAL OPERATIVO ALCANTARILLADO,3,Período,Corresponde a cada uno de los meses del año.,Numérico Entero,entero,2 Enteros,No aplica,SI,obligatorio,Prediligenciado con los 12 meses del año,,,,sin-cruce,publico-propuesto,,PDF_TABLA,47,false,H10;H11
VF-b5542af6,INSTRUCTIVO_CARGUE_AA_2024,,RESOLUCION SSPD 20211000316965 DE 2021,FORMULARIO. PERSONAL OPERATIVO ALCANTARILLADO,4,Número total de personal operativo para el servicio público domiciliario,,Numérico Entero,entero,4 Enteros,No aplica,SI,obligatorio,>=0 y <=9999,,,,sin-cruce,publico-propuesto,,PDF_TABLA,47,false,H10;H11
VF-de3d3ab7,INSTRUCTIVO_CARGUE_AA_2024,,RESOLUCION SSPD 20211000316965 DE 2021,FORMULARIO. ROTACION DE PERSONAL DIRECTIVO,1,Número de personal directivo,Sumatoria de personal directivo que haya,Numérico Entero,entero,3 Enteros,No aplica,SI,obligatorio,>=000 y <=999,,,,sin-cruce,publico-propuesto,,PDF_TABLA,48,false,H10;H11
VF-a2f24104,INSTRUCTIVO_CARGUE_AA_2024,,RESOLUCION SSPD 20211000316965 DE 2021,FORMULARIO. ROTACION DE PERSONAL DIRECTIVO,2,Años laborados del personal directivo,Sumatoria de años laborados de,Numérico Decimal,decimal,,,,sin-dato,,,-Solo permitirá registrar conforme a los valores admisibles y longitud del campo.,,sin-cruce,publico-propuesto,,PDF_TABLA,49,false,H10;H11
VF-fa0b14a8,INSTRUCTIVO_CAR_316965_2021_V3,,RESOLUCION SSPD 20211000316965 DE 2021,ACTUALIZACION DE ESTADO DE PERMISOS DE VERTIMIENTOS,1,Número de acto administrativo,Número de acto administrativo por medio del cual se autorizó el vertimiento de aguas residuales,Alfanumérico,alfanumerico,50 caracteres,N/A,Sí,obligatorio,Todos los valores excepto caracteres especiales,,,,sin-cruce,publico-propuesto,,WEBFETCH_LECTOR,,true,H10;H11
VF-f0a359f4,INSTRUCTIVO_CAR_316965_2021_V3,,RESOLUCION SSPD 20211000316965 DE 2021,ACTUALIZACION DE ESTADO DE PERMISOS DE VERTIMIENTOS,2,Estado,Corresponde al estado del permiso de vertimiento,Numérico Entero,entero,1 entero,N/A,Sí,obligatorio,2: Inactivo,,,,sin-cruce,publico-propuesto,,WEBFETCH_LECTOR,,true,H10;H11
VF-2edaa7df,INSTRUCTIVO_CAR_316965_2021_V3,,RESOLUCION SSPD 20211000316965 DE 2021,ACTUALIZACION DE ESTADO DE PERMISOS DE VERTIMIENTOS,3,Fecha de Estado,Corresponde a la fecha (dd-mm-aaaa) en que el permiso de vertimientos se inactivó,Fecha,fecha,10 caracteres,N/A,No,opcional,(dd-mm-aaaa),,,,sin-cruce,publico-propuesto,,WEBFETCH_LECTOR,,true,H10;H11
VF-11e1f8bf,INSTRUCTIVO_CAR_316965_2021_V3,,RESOLUCION SSPD 20211000316965 DE 2021,ACTUALIZACION DE REGISTRO DE FUENTES PARA CORPORACIONES AMBIENTALES,1,Código fuente SIRH,Es el código de identificación de la fuente hídrica suministrado por el IDEAM,Numérico Entero,entero,15,N/A,SI,obligatorio,Valores numéricos positivos,,,,sin-cruce,publico-propuesto,,WEBFETCH_LECTOR,,true,H10;H11
VF-81aeac82,INSTRUCTIVO_CAR_316965_2021_V3,,RESOLUCION SSPD 20211000316965 DE 2021,ACTUALIZACION DE REGISTRO DE FUENTES PARA CORPORACIONES AMBIENTALES,2,Estado,Corresponde al estado de la fuente,Numérico Entero,entero,1 entero,N/A,SI,obligatorio,1: En Operación; 2: Inactivo,,,,sin-cruce,publico-propuesto,,WEBFETCH_LECTOR,,true,H10;H11
VF-f3b82ec6,INSTRUCTIVO_CAR_316965_2021_V3,,RESOLUCION SSPD 20211000316965 DE 2021,ACTUALIZACION DE REGISTRO DE FUENTES PARA CORPORACIONES AMBIENTALES,3,Fecha en que adquirió el estado,Corresponde a la fecha (dd-mm-aaaa) a partir de la cual la fuente cambió de estado,Fecha,fecha,10 caracteres,N/A,Condicional,condicional,(dd-mm-aaaa),,,,sin-cruce,publico-propuesto,,WEBFETCH_LECTOR,,true,H10;H11
VF-56628a24,INSTRUCTIVO_CAR_316965_2021_V3,,RESOLUCION SSPD 20211000316965 DE 2021,ACTUALIZACION DE REGISTRO DE FUENTES PARA CORPORACIONES AMBIENTALES,4,Tipo de fuente,Indique el tipo de fuente hídrica conforme a la codificación establecida,Numérico Entero,entero,2 enteros,N/A,Condicional,condicional,1: Ciénaga; 2: Lago; 3: Laguna; 4: Rio; 5: Quebrada; 6: Arroyo; 7: Caño; 8: Mar; 9: Agua lluvia; 10: Embalses; 11: Acuífero,,,,sin-cruce,publico-propuesto,,WEBFETCH_LECTOR,,true,H10;H11
VF-3d7f8150,INSTRUCTIVO_CAR_316965_2021_V3,,RESOLUCION SSPD 20211000316965 DE 2021,ACTUALIZACION DE REGISTRO DE FUENTES PARA CORPORACIONES AMBIENTALES,5,Nombre de la fuente,Es la designación del nombre de la fuente según lo registrado en la concesión del SIRH,Alfanumérico,alfanumerico,40 caracteres,N/A,Condicional,condicional,Todos los valores excepto caracteres especiales,,,,sin-cruce,restringido-propuesto,dato personal · nombre,WEBFETCH_LECTOR,,true,H10;H11
VF-01609caa,INSTRUCTIVO_CAR_316965_2021_V3,,RESOLUCION SSPD 20211000316965 DE 2021,ACTUALIZACION DE REGISTRO PUNTOS DE CAPTACION DE AGUA PARA PRESTADORES DE SERVICIOS PUBLICOS,1,Código del punto de Captación asignado por la Autoridad Ambiental,"Código del punto de captación asignado por la Autoridad Ambiental, para identificar un punto y diferenciarlo de otros",Número Entero,entero,12 enteros,N/A,Sí,obligatorio,Mayor que 0 y menor que 999999999999,,,,sin-cruce,publico-propuesto,,WEBFETCH_LECTOR,,true,H10;H11
VF-23a24344,INSTRUCTIVO_CAR_316965_2021_V3,,RESOLUCION SSPD 20211000316965 DE 2021,ACTUALIZACION DE REGISTRO PUNTOS DE CAPTACION DE AGUA PARA PRESTADORES DE SERVICIOS PUBLICOS,2,Estado,Corresponde al estado del punto de captación,Numérico Entero,entero,1 entero,N/A,Sí,obligatorio,1: En Operación; 2: Inactivo,,,,sin-cruce,publico-propuesto,,WEBFETCH_LECTOR,,true,H10;H11
VF-262a9dc5,INSTRUCTIVO_CAR_316965_2021_V3,,RESOLUCION SSPD 20211000316965 DE 2021,ACTUALIZACION DE REGISTRO PUNTOS DE CAPTACION DE AGUA PARA PRESTADORES DE SERVICIOS PUBLICOS,3,Fecha en que adquirió el estado,Corresponde a la fecha (dd-mm-aaaa) a partir de la cual la fuente cambió de estado,Fecha,fecha,10 caracteres,N/A,Condicional,condicional,(dd-mm-aaaa),,,,sin-cruce,publico-propuesto,,WEBFETCH_LECTOR,,true,H10;H11
VF-ce05eb7b,INSTRUCTIVO_CAR_316965_2021_V3,,RESOLUCION SSPD 20211000316965 DE 2021,ACTUALIZACION DE REGISTRO PUNTOS DE CAPTACION DE AGUA PARA PRESTADORES DE SERVICIOS PUBLICOS,4,Concesión de aguas,Indique si se otorgó concesión de aguas en este punto de captación,Numérico Entero,entero,1 entero,N/A,Condicional,condicional,1: SI; 2: NO,,,,sin-cruce,publico-propuesto,,WEBFETCH_LECTOR,,true,H10;H11
VF-41e9900d,INSTRUCTIVO_CAR_316965_2021_V3,,RESOLUCION SSPD 20211000316965 DE 2021,ACTUALIZACION DE REGISTRO PUNTOS DE CAPTACION DE AGUA PARA PRESTADORES DE SERVICIOS PUBLICOS,5,Número de acto administrativo,Número de acto administrativo que corresponde a la concesión de aguas,Alfanumérico,alfanumerico,50 caracteres,N/A,Condicional,condicional,Todos los valores excepto caracteres especiales,,,,sin-cruce,publico-propuesto,,WEBFETCH_LECTOR,,true,H10;H11
VF-155d0bb1,INSTRUCTIVO_CAR_316965_2021_V3,,RESOLUCION SSPD 20211000316965 DE 2021,ACTUALIZACION DE REGISTRO PUNTOS DE CAPTACION DE AGUA PARA PRESTADORES DE SERVICIOS PUBLICOS,6,Fecha inicial de la concesión,"Día, mes y año (dd-mm-aaaa) a partir del cual la Autoridad Ambiental permitió el uso o aprovechamiento del agua",Fecha,fecha,10 caracteres,N/A,Condicional,condicional,(dd-mm-aaaa),,,,sin-cruce,publico-propuesto,,WEBFETCH_LECTOR,,true,H10;H11
VF-cb84c7b2,INSTRUCTIVO_CAR_316965_2021_V3,,RESOLUCION SSPD 20211000316965 DE 2021,ACTUALIZACION DE REGISTRO PUNTOS DE CAPTACION DE AGUA PARA PRESTADORES DE SERVICIOS PUBLICOS,7,Fecha final de la concesión,"Día, mes y año (dd-mm-aaaa) permitido por la Autoridad Ambiental para el uso o aprovechamiento del agua",Fecha,fecha,10 caracteres,N/A,Condicional,condicional,(dd-mm-aaaa),,,,sin-cruce,publico-propuesto,,WEBFETCH_LECTOR,,true,H10;H11
VF-ea20c6d6,INSTRUCTIVO_CAR_316965_2021_V3,,RESOLUCION SSPD 20211000316965 DE 2021,ACTUALIZACION DE REGISTRO PUNTOS DE CAPTACION DE AGUA PARA PRESTADORES DE SERVICIOS PUBLICOS,8,Caudal concesionado (l/s),"Es el caudal autorizado en litros por segundo, para el uso de la fuente",Número Decimal,decimal,"10 enteros, 2 decimales",l/s,Condicional,condicional,Mayor que 0.00 y menor o igual a 9999999999.99,,,,sin-cruce,publico-propuesto,,WEBFETCH_LECTOR,,true,H10;H11
VF-7dbf96b9,INSTRUCTIVO_CAR_316965_2021_V3,,RESOLUCION SSPD 20211000316965 DE 2021,ACTUALIZACION DE REGISTRO PUNTOS DE CAPTACION DE AGUA PARA PRESTADORES DE SERVICIOS PUBLICOS,9,Caudal ecológico (l/s),Es el caudal determinado por la Autoridad Ambiental como el caudal mínimo de la fuente,Número Decimal,decimal,"10 enteros, 2 decimales",l/s,Condicional,condicional,Mayor que 0.00 y menor o igual a 9999999999.99,,,,sin-cruce,publico-propuesto,,WEBFETCH_LECTOR,,true,H10;H11
VF-9bbd211e,INSTRUCTIVO_CAR_316965_2021_V3,,RESOLUCION SSPD 20211000316965 DE 2021,ACTUALIZACION DE REGISTRO PUNTOS DE CAPTACION DE AGUA PARA PRESTADORES DE SERVICIOS PUBLICOS,10,Tipo de estructura de medición de caudal,Indique el tipo de estructura de medición de caudal,Número Decimal [?],decimal,2 caracteres,N/A,Condicional,condicional,1: Canaleta Parshall; 2: Vertedero; 3: Volumétrico; 4: Tubo Vénturi; 5: Ultrasonido; 6: Efecto Doppler; 7: Electromagnético; 8: Aforos; 9: Otros; 10: No tiene,,,,sin-cruce,publico-propuesto,,WEBFETCH_LECTOR,,true,H10;H11
VF-ff7ac244,INSTRUCTIVO_CAR_316965_2021_V3,,RESOLUCION SSPD 20211000316965 DE 2021,CARACTERIZACION DE AUTORIZACION DE VERTIMIENTO,1,NIT,Número de identificación tributaria del prestador de servicios públicos domiciliarios,Número Entero,entero,9 enteros,N/A,Sí,obligatorio,Mayor que 0,,,,sin-cruce,restringido-propuesto,dato personal · identificación,WEBFETCH_LECTOR,,true,H10;H11
VF-97f27f1b,INSTRUCTIVO_CAR_316965_2021_V3,,RESOLUCION SSPD 20211000316965 DE 2021,CARACTERIZACION DE AUTORIZACION DE VERTIMIENTO,2,DV,Dígito de verificación del NIT del prestador de servicios públicos domiciliarios,Número Entero,entero,1 entero,N/A,Sí,obligatorio,Entre 0 y 9,,,,sin-cruce,restringido-propuesto,dato personal · identificación,WEBFETCH_LECTOR,,true,H10;H11
VF-6683d8b6,INSTRUCTIVO_CAR_316965_2021_V3,,RESOLUCION SSPD 20211000316965 DE 2021,CARACTERIZACION DE AUTORIZACION DE VERTIMIENTO,3,Tiene autorización de vertimiento de aguas residuales,Indique si el prestador cuenta con autorización de vertimiento conforme a la codificación,Numérico Entero,entero,1 entero,N/A,Sí,obligatorio,1: SI; 2: NO,,,,sin-cruce,publico-propuesto,,WEBFETCH_LECTOR,,true,H10;H11
VF-3643129a,INSTRUCTIVO_CAR_316965_2021_V3,,RESOLUCION SSPD 20211000316965 DE 2021,CARACTERIZACION DE AUTORIZACION DE VERTIMIENTO,4,Tipo de autorización de vertimiento,Indique el tipo de autorización de vertimiento conforme a la siguiente codificación,Numérico Entero,entero,1 entero,N/A,Condicional,condicional,1: Permiso de vertimiento; 2: Planes de cumplimiento; 3: PSMV,,,,sin-cruce,publico-propuesto,,WEBFETCH_LECTOR,,true,H10;H11
VF-6fd0dfdd,INSTRUCTIVO_CAR_316965_2021_V3,,RESOLUCION SSPD 20211000316965 DE 2021,CARACTERIZACION DE AUTORIZACION DE VERTIMIENTO,5,Código DANE,Indique el código DANE de 8 dígitos de la cabecera municipal donde opera el alcantarillado,Alfanumérico,alfanumerico,8,N/A,Condicional,condicional,Codificación DANE válida,,,,sin-cruce,publico-propuesto,,WEBFETCH_LECTOR,,true,H10;H11
VF-8fee18f8,INSTRUCTIVO_CAR_316965_2021_V3,,RESOLUCION SSPD 20211000316965 DE 2021,REGISTRO DE FUENTES PARA CORPORACIONES AMBIENTALES,1,Código fuente SIRH,Es el código de identificación de la fuente hídrica suministrado por el IDEAM,Numérico Entero,entero,15,N/A,SI,obligatorio,Valores numéricos positivos,,,,sin-cruce,publico-propuesto,,WEBFETCH_LECTOR,,true,H10;H11
VF-e831371f,INSTRUCTIVO_CAR_316965_2021_V3,,RESOLUCION SSPD 20211000316965 DE 2021,REGISTRO DE FUENTES PARA CORPORACIONES AMBIENTALES,2,Tipo de fuente,Indique el tipo de fuente hídrica conforme a la codificación establecida,Numérico Entero,entero,2 enteros,N/A,SI,obligatorio,1: Ciénaga; 2: Lago; 3: Laguna; 4: Rio; 5: Quebrada; 6: Arroyo; 7: Caño; 8: Mar; 9: Agua lluvia; 10: Embalses; 11: Acuífero,,,,sin-cruce,publico-propuesto,,WEBFETCH_LECTOR,,true,H10;H11
VF-350584da,INSTRUCTIVO_CAR_316965_2021_V3,,RESOLUCION SSPD 20211000316965 DE 2021,REGISTRO DE FUENTES PARA CORPORACIONES AMBIENTALES,3,Nombre de la fuente,Es la designación del nombre de la fuente según lo registrado en la concesión del SIRH,Alfanumérico [?],alfanumerico,40,N/A,SI,obligatorio,Todos los valores excepto caracteres especiales,,,,sin-cruce,restringido-propuesto,dato personal · nombre,WEBFETCH_LECTOR,,true,H10;H11
VF-9aee3eb7,INSTRUCTIVO_CAR_316965_2021_V3,,RESOLUCION SSPD 20211000316965 DE 2021,REGISTRO DE PERMISOS DE VERTIMIENTOS PARA PRESTADORES DE ALCANTARILLADO,1,NIT,Número de identificación tributaria del prestador de servicios públicos domiciliarios,Número Entero,entero,9 enteros,N/A,Sí,obligatorio,Mayor que 0,,,,sin-cruce,restringido-propuesto,dato personal · identificación,WEBFETCH_LECTOR,,true,H10;H11
VF-2fe93eb3,INSTRUCTIVO_CAR_316965_2021_V3,,RESOLUCION SSPD 20211000316965 DE 2021,REGISTRO DE PERMISOS DE VERTIMIENTOS PARA PRESTADORES DE ALCANTARILLADO,2,Código DANE,Indique el código DANE de 8 dígitos del municipio donde la empresa u organización presta el servicio,Alfanumérico,alfanumerico,8,N/A,Sí,obligatorio,Codificación DANE válida,,,,sin-cruce,publico-propuesto,,WEBFETCH_LECTOR,,true,H10;H11
VF-7b0819c7,INSTRUCTIVO_CAR_316965_2021_V3,,RESOLUCION SSPD 20211000316965 DE 2021,REGISTRO DE PERMISOS DE VERTIMIENTOS PARA PRESTADORES DE ALCANTARILLADO,3,Número de acto administrativo,Número de acto administrativo por medio del cual se autoriza el vertimiento de aguas residuales,Alfanumérico,alfanumerico,50 caracteres,N/A,Sí,obligatorio,Todos los valores excepto caracteres especiales,,,,sin-cruce,publico-propuesto,,WEBFETCH_LECTOR,,true,H10;H11
VF-1b4d7ecc,INSTRUCTIVO_CAR_316965_2021_V3,,RESOLUCION SSPD 20211000316965 DE 2021,REGISTRO DE PERMISOS DE VERTIMIENTOS PARA PRESTADORES DE ALCANTARILLADO,4,Fecha inicial del permiso de vertimiento de aguas residuales,"Día, mes y año (dd-mm-aaaa) de inicio de la autorización de vertimiento",Fecha,fecha,10 caracteres,N/A,Sí,obligatorio,(dd-mm-aaaa),,,,sin-cruce,publico-propuesto,,WEBFETCH_LECTOR,,true,H10;H11
VF-58b5f274,INSTRUCTIVO_CAR_316965_2021_V3,,RESOLUCION SSPD 20211000316965 DE 2021,REGISTRO DE PERMISOS DE VERTIMIENTOS PARA PRESTADORES DE ALCANTARILLADO,5,Fecha final del permiso de vertimiento de aguas residuales,"Día, mes y año (dd-mm-aaaa) de finalización de la autorización de vertimiento",Fecha,fecha,10 caracteres,N/A,Sí,obligatorio,(dd-mm-aaaa),,,,sin-cruce,publico-propuesto,,WEBFETCH_LECTOR,,true,H10;H11
VF-3436fd9b,INSTRUCTIVO_CAR_316965_2021_V3,,RESOLUCION SSPD 20211000316965 DE 2021,REGISTRO DE PERMISOS DE VERTIMIENTOS PARA PRESTADORES DE ALCANTARILLADO,6,Nombre del sistema de tratamiento de aguas residuales,Designación de la planta o sistema de tratamiento de aguas residuales,Alfanumérico,alfanumerico,50,N/A,Sí,obligatorio,Todos los valores excepto caracteres especiales,,,,sin-cruce,restringido-propuesto,dato personal · nombre,WEBFETCH_LECTOR,,true,H10;H11
VF-6f6c0004,INSTRUCTIVO_CAR_316965_2021_V3,,RESOLUCION SSPD 20211000316965 DE 2021,REGISTRO DE PERMISOS DE VERTIMIENTOS PARA PRESTADORES DE ALCANTARILLADO,7,Tipo de sistema de tratamiento de aguas residuales,Indique el tipo de sistema de tratamiento de aguas residuales,Numérico Entero,entero,1 entero,N/A,Sí,obligatorio,1: Aerobio; 2: Anaerobio; 3: Aerobio y anaerobio; 4: Otros,,,,sin-cruce,publico-propuesto,,WEBFETCH_LECTOR,,true,H10;H11
VF-6fc0fd97,INSTRUCTIVO_CAR_316965_2021_V3,,RESOLUCION SSPD 20211000316965 DE 2021,REGISTRO DE PERMISOS DE VERTIMIENTOS PARA PRESTADORES DE ALCANTARILLADO,8,Otro sistema de tratamiento,Especificación cuando se selecciona la opción Otros,Alfanumérico,alfanumerico,50,N/A,Condicional,condicional,Todos los valores excepto caracteres especiales,,,,sin-cruce,publico-propuesto,,WEBFETCH_LECTOR,,true,H10;H11
VF-00e483cd,INSTRUCTIVO_CAR_316965_2021_V3,,RESOLUCION SSPD 20211000316965 DE 2021,REGISTRO DE PERMISOS DE VERTIMIENTOS PARA PRESTADORES DE ALCANTARILLADO,9,Número de municipios atendidos por el sistema de tratamiento de aguas residuales,Cantidad de municipios beneficiados por el sistema de tratamiento,Número Decimal,decimal,2 caracteres,N/A,Sí,obligatorio,Mayor o igual a 0 y menor o igual a 20,,,,sin-cruce,publico-propuesto,,WEBFETCH_LECTOR,,true,H10;H11
VF-2a5d2596,INSTRUCTIVO_CAR_316965_2021_V3,,RESOLUCION SSPD 20211000316965 DE 2021,REGISTRO DE PERMISOS DE VERTIMIENTOS PARA PRESTADORES DE ALCANTARILLADO,10,Eficiencia de remoción DBO,Indique el porcentaje de eficiencia de remoción de Demanda Bioquímica de Oxígeno (DBO),Número Decimal,decimal,3 caracteres,N/A,Sí,obligatorio,Mayor o igual a 0 y menor o igual a 990 [?],,,,sin-cruce,publico-propuesto,,WEBFETCH_LECTOR,,true,H10;H11
VF-15105e60,INSTRUCTIVO_CAR_316965_2021_V3,,RESOLUCION SSPD 20211000316965 DE 2021,REGISTRO DE PERMISOS DE VERTIMIENTOS PARA PRESTADORES DE ALCANTARILLADO,11,Eficiencia de remoción SST,Indique el porcentaje de eficiencia de remoción de Sólidos Suspendidos Totales (SST),Número Decimal [?],decimal,3 caracteres [?],N/A,Sí [?],condicional,,,,,sin-cruce,publico-propuesto,,WEBFETCH_LECTOR,,true,H10;H11
VF-f0ed19e1,INSTRUCTIVO_CAR_316965_2021_V3,,RESOLUCION SSPD 20211000316965 DE 2021,REGISTRO DE PERMISOS DE VERTIMIENTOS PARA PRESTADORES DE ALCANTARILLADO,12,Código de la fuente SIRH donde realiza la disposición final,Código numérico asignado por el IDEAM de la fuente donde realiza la disposición final,Numérico Entero,entero,15,N/A,Sí,obligatorio,Valores numéricos positivos,,,,sin-cruce,publico-propuesto,,WEBFETCH_LECTOR,,true,H10;H11
VF-28dd5e3f,INSTRUCTIVO_CAR_316965_2021_V3,,RESOLUCION SSPD 20211000316965 DE 2021,REGISTRO DE PSMV,1,NIT,Número de identificación tributaria del prestador de servicios públicos domiciliarios,Número Entero,entero,9 enteros,N/A,Sí,obligatorio,Mayor que 0,,,,sin-cruce,restringido-propuesto,dato personal · identificación,WEBFETCH_LECTOR,,true,H10;H11
VF-d586ac1a,INSTRUCTIVO_CAR_316965_2021_V3,,RESOLUCION SSPD 20211000316965 DE 2021,REGISTRO DE PSMV,2,Presentó plan,Indique SÍ o NO el prestador presentó el Plan de Saneamiento y Manejo de Vertimientos,Numérico Entero,entero,1 entero,N/A,Sí,obligatorio,1: SI; 2: NO,,,,sin-cruce,publico-propuesto,,WEBFETCH_LECTOR,,true,H10;H11
VF-a3e6dd98,INSTRUCTIVO_CAR_316965_2021_V3,,RESOLUCION SSPD 20211000316965 DE 2021,REGISTRO DE PSMV,3,Fecha de presentación del plan,"En formato día-mes-año (DD-MM-AAAA), indicar el día en que se presentó el PSMV",Fecha,fecha,10 caracteres,N/A,Condicional,condicional,(dd-mm-aaaa),,,,sin-cruce,publico-propuesto,,WEBFETCH_LECTOR,,true,H10;H11
VF-3ae33de4,INSTRUCTIVO_CAR_316965_2021_V3,,RESOLUCION SSPD 20211000316965 DE 2021,REGISTRO DE PSMV,4,Posee auto de inicio,"Indique SI o NO, POSEE AUTO DE INICIO",Numérico Entero,entero,1 entero,N/A,Sí,obligatorio,1: SI; 2: NO,,,,sin-cruce,publico-propuesto,,WEBFETCH_LECTOR,,true,H10;H11
VF-3771e5a7,INSTRUCTIVO_CAR_316965_2021_V3,,RESOLUCION SSPD 20211000316965 DE 2021,REGISTRO DE PSMV,5,Número de auto de inicio,Número del auto por medio del cual se inició el trámite para la aprobación del PSMV,Alfanumérico,alfanumerico,50 caracteres,N/A,Condicional,condicional,Todos los valores excepto caracteres especiales,,,,sin-cruce,publico-propuesto,,WEBFETCH_LECTOR,,true,H10;H11
VF-c1a91abf,INSTRUCTIVO_CAR_316965_2021_V3,,RESOLUCION SSPD 20211000316965 DE 2021,REGISTRO DE PSMV,6,Fecha del auto de inicio,"Día, mes y año (dd-mm-aaaa) del auto de inicio",Fecha,fecha,10 caracteres,N/A,Condicional,condicional,(dd-mm-aaaa),,,,sin-cruce,publico-propuesto,,WEBFETCH_LECTOR,,true,H10;H11
VF-e1bb3f75,INSTRUCTIVO_CAR_316965_2021_V3,,RESOLUCION SSPD 20211000316965 DE 2021,REGISTRO DE PSMV,7,Posee definición de objetivos de calidad,Indique SÍ o NO se han definido objetivos de calidad para el cuerpo receptor,Numérico Entero,entero,1 entero,N/A,Sí,obligatorio,1: SI; 2: NO,,,,sin-cruce,publico-propuesto,,WEBFETCH_LECTOR,,true,H10;H11
VF-e254394a,INSTRUCTIVO_CAR_316965_2021_V3,,RESOLUCION SSPD 20211000316965 DE 2021,REGISTRO DE PSMV,8,Número de acto administrativo de objetivos de calidad,Número del acto administrativo por medio del cual se aprobaron los objetivos de calidad,Numérico Entero [?],entero,1 entero [?],N/A,Condicional,condicional,Valores numéricos positivos,,,,sin-cruce,publico-propuesto,,WEBFETCH_LECTOR,,true,H10;H11
VF-00f11851,INSTRUCTIVO_CAR_316965_2021_V3,,RESOLUCION SSPD 20211000316965 DE 2021,REGISTRO DE PSMV,9,Fecha de publicación acto objetivos de calidad,"En formato día-mes-año (DD-MM-AAAA), indicar el día de publicación del acto administrativo",Fecha,fecha,10 caracteres,N/A,Condicional,condicional,(dd-mm-aaaa),,,,sin-cruce,publico-propuesto,,WEBFETCH_LECTOR,,true,H10;H11
VF-ecf3a9d0,INSTRUCTIVO_CAR_316965_2021_V3,,RESOLUCION SSPD 20211000316965 DE 2021,REGISTRO DE PSMV,10,Estado de proceso del PSMV,Indicar el estado del proceso del PSMV presentado,Numérico Entero,entero,1 entero,N/A,Sí,obligatorio,1: En revisión; 2: Aprobado; 3: No Aprobado; 4: Actualización,,,,sin-cruce,publico-propuesto,,WEBFETCH_LECTOR,,true,H10;H11
VF-3a797a19,INSTRUCTIVO_CAR_316965_2021_V3,,RESOLUCION SSPD 20211000316965 DE 2021,REGISTRO DE PSMV,11,Número de acto administrativo de aprobación del PSMV,Número de acto administrativo por medio del cual se aprobó el PSMV,Alfanumérico,alfanumerico,50 caracteres,N/A,Condicional,condicional,Todos los valores excepto caracteres especiales,,,,sin-cruce,publico-propuesto,,WEBFETCH_LECTOR,,true,H10;H11
VF-5df593c4,INSTRUCTIVO_CAR_316965_2021_V3,,RESOLUCION SSPD 20211000316965 DE 2021,REGISTRO DE PSMV,12,Código DANE,Indicar el código DANE de 8 dígitos de la cabecera municipal asociada al PSMV,Alfanumérico,alfanumerico,8,N/A,Sí,obligatorio,Codificación DANE válida,,,,sin-cruce,publico-propuesto,,WEBFETCH_LECTOR,,true,H10;H11
VF-6135813d,INSTRUCTIVO_CAR_316965_2021_V3,,RESOLUCION SSPD 20211000316965 DE 2021,REGISTRO DE PSMV,13,Fecha de aprobación,"En formato día-mes-año (DD-MM-AAAA), indicar el día en que se aprobó el PSMV",Fecha,fecha,10 caracteres,N/A,Condicional,condicional,(dd-mm-aaaa),,,,sin-cruce,publico-propuesto,,WEBFETCH_LECTOR,,true,H10;H11
VF-e36bf011,INSTRUCTIVO_CAR_316965_2021_V3,,RESOLUCION SSPD 20211000316965 DE 2021,REGISTRO DE PSMV,14,Fecha de inicio del horizonte de planeación del PSMV,"En formato día-mes-año (DD-MM-AAAA), indicar la fecha de inicio del horizonte de planeación",Fecha,fecha,10 caracteres,N/A,Condicional,condicional,(dd-mm-aaaa),,,,sin-cruce,publico-propuesto,,WEBFETCH_LECTOR,,true,H10;H11
VF-6303c169,INSTRUCTIVO_CAR_316965_2021_V3,,RESOLUCION SSPD 20211000316965 DE 2021,REGISTRO DE PSMV,15,Fecha final del horizonte de planeación del PSMV,"En formato día-mes-año (DD-MM-AAAA), indicar la fecha de finalización del horizonte de planeación",Fecha,fecha,10 caracteres,N/A,Condicional,condicional,(dd-mm-aaaa),,,,sin-cruce,publico-propuesto,,WEBFETCH_LECTOR,,true,H10;H11
VF-16c7551e,INSTRUCTIVO_CAR_316965_2021_V3,,RESOLUCION SSPD 20211000316965 DE 2021,REGISTRO DE PSMV,16,Carga contaminante DBO efluente año 2,Indique el valor proyectado (kg/año) de DBO para el año 2 de planeamiento,Número Decimal,decimal,"15 enteros, 2 decimales",kg/año,Condicional,condicional,Mayor o igual a 0.00 y menor o igual a 9999999999.99,,,,sin-cruce,publico-propuesto,,WEBFETCH_LECTOR,,true,H10;H11
VF-f2230b64,INSTRUCTIVO_CAR_316965_2021_V3,,RESOLUCION SSPD 20211000316965 DE 2021,REGISTRO DE PSMV,17,Carga contaminante DBO efluente año 5,Indique el valor proyectado (kg/año) de DBO para el año 5 de planeamiento,Número Decimal,decimal,"15 enteros, 2 decimales",kg/año,Condicional,condicional,Mayor o igual a 0.00 y menor o igual a 9999999999.99,,,,sin-cruce,publico-propuesto,,WEBFETCH_LECTOR,,true,H10;H11
VF-4662b156,INSTRUCTIVO_CAR_316965_2021_V3,,RESOLUCION SSPD 20211000316965 DE 2021,REGISTRO DE PSMV,18,Carga contaminante DBO efluente año 10,Indique el valor proyectado (kg/año) de DBO para el año 10 de planeamiento,Número Decimal,decimal,"15 enteros, 2 decimales",kg/año,Condicional,condicional,Mayor o igual a 0.00 y menor o igual a 9999999999.99,,,,sin-cruce,publico-propuesto,,WEBFETCH_LECTOR,,true,H10;H11
VF-53c86edf,INSTRUCTIVO_CAR_316965_2021_V3,,RESOLUCION SSPD 20211000316965 DE 2021,REGISTRO DE PSMV,19,Carga contaminante SST efluente año 2,Indique el valor proyectado (kg/año) de SST para el año 2 de planeamiento,Número Decimal,decimal,"15 enteros, 2 decimales",kg/año,Condicional,condicional,Mayor o igual a 0.00 y menor o igual a 9999999999.99,,,,sin-cruce,publico-propuesto,,WEBFETCH_LECTOR,,true,H10;H11
VF-d47810ca,INSTRUCTIVO_CAR_316965_2021_V3,,RESOLUCION SSPD 20211000316965 DE 2021,REGISTRO DE PSMV,20,Carga contaminante SST efluente año 5,Indique el valor proyectado (kg/año) de SST para el año 5 de planeamiento,Número Decimal,decimal,"15 enteros, 2 decimales",kg/año,Condicional,condicional,Mayor o igual a 0.00 y menor o igual a 9999999999.99,,,,sin-cruce,publico-propuesto,,WEBFETCH_LECTOR,,true,H10;H11
VF-4ca47202,INSTRUCTIVO_CAR_316965_2021_V3,,RESOLUCION SSPD 20211000316965 DE 2021,REGISTRO DE PSMV,21,Carga contaminante SST efluente año 10,Indique el valor proyectado (kg/año) de SST para el año 10 de planeamiento,Número Decimal,decimal,"15 enteros, 2 decimales",kg/año,Condicional,condicional,Mayor o igual a 0.00 y menor o igual a 9999999999.99,,,,sin-cruce,publico-propuesto,,WEBFETCH_LECTOR,,true,H10;H11
VF-e68a4947,INSTRUCTIVO_CAR_316965_2021_V3,,RESOLUCION SSPD 20211000316965 DE 2021,REGISTRO DE PSMV,22,Número de vertimientos puntuales a eliminar año 2,Indique el número de vertimientos puntuales proyectados a eliminar para el año 2,Número Decimal,decimal,3 enteros,N/A,Condicional,condicional,Mayor o igual a 0 y menor o igual a 100,,,,sin-cruce,publico-propuesto,,WEBFETCH_LECTOR,,true,H10;H11
VF-fae4ae94,INSTRUCTIVO_CAR_316965_2021_V3,,RESOLUCION SSPD 20211000316965 DE 2021,REGISTRO DE PSMV,23,Número de vertimientos puntuales a eliminar año 5,Indique el número de vertimientos puntuales proyectados a eliminar para el año 5,Número Decimal,decimal,3 enteros,N/A,Condicional,condicional,Mayor o igual a 0 y menor o igual a 100,,,,sin-cruce,publico-propuesto,,WEBFETCH_LECTOR,,true,H10;H11
VF-fd86dceb,INSTRUCTIVO_CAR_316965_2021_V3,,RESOLUCION SSPD 20211000316965 DE 2021,REGISTRO DE PSMV,24,Número de vertimientos puntuales a eliminar año 10,Indique el número de vertimientos puntuales proyectados a eliminar para el año 10,Número Decimal,decimal,3 enteros,N/A,Condicional,condicional,Mayor o igual a 0 y menor o igual a 100,,,,sin-cruce,publico-propuesto,,WEBFETCH_LECTOR,,true,H10;H11
VF-85335557,INSTRUCTIVO_CAR_316965_2021_V3,,RESOLUCION SSPD 20211000316965 DE 2021,REGISTRO PUNTOS DE CAPTACION DE AGUA PARA PRESTADORES DE SERVICIOS PUBLICOS,1,NIT,Número de identificación tributaria del prestador de servicios públicos domiciliarios,Número Entero,entero,9 enteros,N/A,Sí,obligatorio,Mayor que 0,,,,sin-cruce,restringido-propuesto,dato personal · identificación,WEBFETCH_LECTOR,,true,H10;H11
VF-704870f0,INSTRUCTIVO_CAR_316965_2021_V3,,RESOLUCION SSPD 20211000316965 DE 2021,REGISTRO PUNTOS DE CAPTACION DE AGUA PARA PRESTADORES DE SERVICIOS PUBLICOS,2,DV,Dígito de verificación del NIT del prestador de servicios públicos domiciliarios,Número Entero,entero,1 entero,N/A,Sí,obligatorio,Entre 0 y 9,,,,sin-cruce,restringido-propuesto,dato personal · identificación,WEBFETCH_LECTOR,,true,H10;H11
VF-985d94ff,INSTRUCTIVO_CAR_316965_2021_V3,,RESOLUCION SSPD 20211000316965 DE 2021,REGISTRO PUNTOS DE CAPTACION DE AGUA PARA PRESTADORES DE SERVICIOS PUBLICOS,3,Código del punto de Captación asignado por la Autoridad Ambiental,"Código del punto de captación asignado por la Autoridad Ambiental, para identificar un punto y diferenciarlo de otros",Alfanumérico,alfanumerico,12 caracteres,N/A,Sí,obligatorio,Todos los valores,,,,sin-cruce,publico-propuesto,,WEBFETCH_LECTOR,,true,H10;H11
VF-a9b0b67f,INSTRUCTIVO_CAR_316965_2021_V3,,RESOLUCION SSPD 20211000316965 DE 2021,REGISTRO PUNTOS DE CAPTACION DE AGUA PARA PRESTADORES DE SERVICIOS PUBLICOS,4,Concesión de aguas,Indique si se otorgó concesión de aguas en este punto de captación,Numérico Entero,entero,1 entero,N/A,Sí,obligatorio,1: SI; 2: NO,,,,sin-cruce,publico-propuesto,,WEBFETCH_LECTOR,,true,H10;H11
VF-382a9053,INSTRUCTIVO_CAR_316965_2021_V3,,RESOLUCION SSPD 20211000316965 DE 2021,REGISTRO PUNTOS DE CAPTACION DE AGUA PARA PRESTADORES DE SERVICIOS PUBLICOS,5,Número de acto administrativo,Número de acto administrativo que corresponde a la concesión de aguas,Alfanumérico,alfanumerico,50 caracteres,N/A,Condicional,condicional,Todos los valores excepto caracteres especiales,,,,sin-cruce,publico-propuesto,,WEBFETCH_LECTOR,,true,H10;H11
VF-7a974125,INSTRUCTIVO_CAR_316965_2021_V3,,RESOLUCION SSPD 20211000316965 DE 2021,REGISTRO PUNTOS DE CAPTACION DE AGUA PARA PRESTADORES DE SERVICIOS PUBLICOS,6,Código DANE,Código DANE de 8 dígitos del municipio donde se encuentra ubicada la fuente,Alfanumérico,alfanumerico,8,N/A,Sí,obligatorio,Codificación DANE válida,,,,sin-cruce,publico-propuesto,,WEBFETCH_LECTOR,,true,H10;H11
VF-e7b8278a,INSTRUCTIVO_CAR_316965_2021_V3,,RESOLUCION SSPD 20211000316965 DE 2021,REGISTRO PUNTOS DE CAPTACION DE AGUA PARA PRESTADORES DE SERVICIOS PUBLICOS,7,Código de la fuente en SIRH,Código numérico asignado por el IDEAM para la fuente de captación,Numérico Entero,entero,15,N/A,Sí,obligatorio,Valores numéricos positivos,,,,sin-cruce,publico-propuesto,,WEBFETCH_LECTOR,,true,H10;H11
VF-fbe7cf41,INSTRUCTIVO_CAR_316965_2021_V3,,RESOLUCION SSPD 20211000316965 DE 2021,REGISTRO PUNTOS DE CAPTACION DE AGUA PARA PRESTADORES DE SERVICIOS PUBLICOS,8,Fecha inicial de la concesión,"Día, mes y año (dd-mm-aaaa) a partir del cual la Autoridad Ambiental permitió el uso o aprovechamiento del agua",Fecha,fecha,10 caracteres,N/A,Condicional,condicional,(dd-mm-aaaa),,,,sin-cruce,publico-propuesto,,WEBFETCH_LECTOR,,true,H10;H11
VF-d3965eca,INSTRUCTIVO_CAR_316965_2021_V3,,RESOLUCION SSPD 20211000316965 DE 2021,REGISTRO PUNTOS DE CAPTACION DE AGUA PARA PRESTADORES DE SERVICIOS PUBLICOS,9,Fecha final de la concesión,"Día, mes y año (dd-mm-aaaa) permitido por la Autoridad Ambiental para el uso o aprovechamiento del agua",Fecha,fecha,10 caracteres,N/A,Condicional,condicional,(dd-mm-aaaa),,,,sin-cruce,publico-propuesto,,WEBFETCH_LECTOR,,true,H10;H11
VF-116dbec3,INSTRUCTIVO_CAR_316965_2021_V3,,RESOLUCION SSPD 20211000316965 DE 2021,REGISTRO PUNTOS DE CAPTACION DE AGUA PARA PRESTADORES DE SERVICIOS PUBLICOS,10,Caudal concesionado (l/s),"Es el caudal autorizado en litros por segundo, otorgado por la Autoridad Ambiental",Número Decimal,decimal,"10 enteros, 2 decimales",l/s,Condicional,condicional,Mayor que 0.00 y menor o igual a 9999999999.99,,,,sin-cruce,publico-propuesto,,WEBFETCH_LECTOR,,true,H10;H11
VF-5a22ab8d,INSTRUCTIVO_CAR_316965_2021_V3,,RESOLUCION SSPD 20211000316965 DE 2021,REGISTRO PUNTOS DE CAPTACION DE AGUA PARA PRESTADORES DE SERVICIOS PUBLICOS,11,Caudal ecológico (l/s),Es el caudal determinado por la Autoridad Ambiental como el caudal mínimo de la fuente para fines de conservación y preservación ambiental,Número Decimal,decimal,"10 enteros, 2 decimales",l/s,Condicional,condicional,Mayor que 0.00 y menor o igual a 9999999999.99,,,,sin-cruce,publico-propuesto,,WEBFETCH_LECTOR,,true,H10;H11
VF-4bb01017,INSTRUCTIVO_CAR_316965_2021_V3,,RESOLUCION SSPD 20211000316965 DE 2021,REGISTRO PUNTOS DE CAPTACION DE AGUA PARA PRESTADORES DE SERVICIOS PUBLICOS,12,Tipo de estructura de medición de caudal,Indique el tipo de estructura de medición de caudal,Numérico Entero,entero,2 enteros,N/A,Condicional,condicional,1: Canaleta Parshall; 2: Vertedero; 3: Volumétrico; 4: Tubo Vénturi; 5: Ultrasonido; 6: Efecto Doppler; 7: Electromagnético; 8: Aforos; 9: Otros; 10: No tiene,,,,sin-cruce,publico-propuesto,,WEBFETCH_LECTOR,,true,H10;H11
VF-4ccdd7df,INSTRUCTIVO_CAR_316965_2021_V3,,RESOLUCION SSPD 20211000316965 DE 2021,REGISTRO PUNTOS DE CAPTACION DE AGUA PARA PRESTADORES DE SERVICIOS PUBLICOS,13,Sitio de captación de agua - Longitud,"Coordenadas geográficas en grados decimales, sistema MAGNA-SIRGAS",Alfanumérico,alfanumerico,"2 enteros, 15 decimales",Grados decimales,Sí,obligatorio,Min = -79.0425; Max = -66.84833333,,,,sin-cruce,publico-propuesto,,WEBFETCH_LECTOR,,true,H10;H11
VF-f32604f8,INSTRUCTIVO_CAR_316965_2021_V3,,RESOLUCION SSPD 20211000316965 DE 2021,REGISTRO PUNTOS DE CAPTACION DE AGUA PARA PRESTADORES DE SERVICIOS PUBLICOS,14,Sitio de captación de agua - Latitud,"Coordenadas geográficas en grados decimales, sistema MAGNA-SIRGAS",Alfanumérico,alfanumerico,"2 enteros, 15 decimales",Grados decimales,Sí,obligatorio,Min = -4.208333333; Max = 12.44611111,,,,sin-cruce,publico-propuesto,,WEBFETCH_LECTOR,,true,H10;H11
VF-66034e63,INSTRUCTIVO_CAR_316965_2021_V3,,RESOLUCION SSPD 20211000316965 DE 2021,REGISTRO PUNTOS DE CAPTACION DE AGUA PARA PRESTADORES DE SERVICIOS PUBLICOS,15,Sistemas de potabilización asociados a la captación,Indique el número de sistemas de potabilización asociados a la captación,Numérico Entero,entero,2 enteros,N/A,Sí,obligatorio,Mayor o igual a 0 y menor o igual a 20,,,,sin-cruce,publico-propuesto,,WEBFETCH_LECTOR,,true,H10;H11
VF-cf1d14db,INSTRUCTIVO_CAR_316965_2021_V3,,RESOLUCION SSPD 20211000316965 DE 2021,SEGUIMIENTO AL PSMV,1,NIT,Número de identificación tributaria del prestador de servicios públicos domiciliarios,Número Entero,entero,9 enteros,N/A,Sí,obligatorio,Mayor que 0,,,,sin-cruce,restringido-propuesto,dato personal · identificación,WEBFETCH_LECTOR,,true,H10;H11
VF-bc73da1e,INSTRUCTIVO_CAR_316965_2021_V3,,RESOLUCION SSPD 20211000316965 DE 2021,SEGUIMIENTO AL PSMV,2,Número de acto administrativo de aprobación del PSMV,Número del acto administrativo por el cual se aprobó el PSMV,Alfanumérico,alfanumerico,50 caracteres,N/A,Sí,obligatorio,Todos los valores excepto caracteres especiales,,,,sin-cruce,publico-propuesto,,WEBFETCH_LECTOR,,true,H10;H11
VF-32418ea0,INSTRUCTIVO_CAR_316965_2021_V3,,RESOLUCION SSPD 20211000316965 DE 2021,SEGUIMIENTO AL PSMV,3,Año de seguimiento del PSMV,Año de reporte en formato AAAA,Número Decimal,decimal,4 caracteres,N/A,Sí,obligatorio,Mayor o igual a 0 y menor o igual a 9999999999.99 [?],,,,sin-cruce,publico-propuesto,,WEBFETCH_LECTOR,,true,H10;H11
VF-4ea82068,INSTRUCTIVO_CAR_316965_2021_V3,,RESOLUCION SSPD 20211000316965 DE 2021,SEGUIMIENTO AL PSMV,4,Volumen total de agua residual generada,Volumen total de agua residual generada en el año de ejecución del plan,Número Decimal,decimal,"10 enteros, 2 decimales",m3,Sí,obligatorio,Mayor o igual a 0.00 y menor o igual a 9999999999.99,,,,sin-cruce,publico-propuesto,,WEBFETCH_LECTOR,,true,H10;H11
VF-1debcf9f,INSTRUCTIVO_CAR_316965_2021_V3,,RESOLUCION SSPD 20211000316965 DE 2021,SEGUIMIENTO AL PSMV,5,Volumen de agua residual colectada obtenida,Volumen de agua residual efectivamente colectada en el año,Número Decimal,decimal,"10 enteros, 2 decimales",m3,Sí,obligatorio,Mayor o igual a 0.00 y menor o igual a 9999999999.99,,,,sin-cruce,publico-propuesto,,WEBFETCH_LECTOR,,true,H10;H11
VF-eb96c22d,INSTRUCTIVO_CAR_316965_2021_V3,,RESOLUCION SSPD 20211000316965 DE 2021,SEGUIMIENTO AL PSMV,6,Volumen de aguas tratadas obtenido,Volumen de agua residual efectivamente tratada en el año de ejecución del plan,Número Decimal,decimal,"10 enteros, 2 decimales",m3,Sí,obligatorio,Mayor o igual a 0.00 y menor o igual a 9999999999.99,,,,sin-cruce,publico-propuesto,,WEBFETCH_LECTOR,,true,H10;H11
VF-2fb6f2fc,INSTRUCTIVO_CAR_316965_2021_V3,,RESOLUCION SSPD 20211000316965 DE 2021,SEGUIMIENTO AL PSMV,7,Carga contaminante DBO efluente obtenido,Valor obtenido de DBO para el año de ejecución del plan,Número Decimal,decimal,"15 enteros, 2 decimales",Kg/año,Sí,obligatorio,Mayor o igual a 0.00 y menor o igual a 9999999999.99,,,,sin-cruce,publico-propuesto,,WEBFETCH_LECTOR,,true,H10;H11
VF-262c0e8c,INSTRUCTIVO_CAR_316965_2021_V3,,RESOLUCION SSPD 20211000316965 DE 2021,SEGUIMIENTO AL PSMV,8,Carga contaminante SST efluente obtenido,Valor obtenido de SST para el año de ejecución del plan,Número Decimal,decimal,"15 enteros, 2 decimales",Kg/año,Sí,obligatorio,Mayor o igual a 0.00 y menor o igual a 9999999999.99,,,,sin-cruce,publico-propuesto,,WEBFETCH_LECTOR,,true,H10;H11
VF-6887e22b,INSTRUCTIVO_CAR_316965_2021_V3,,RESOLUCION SSPD 20211000316965 DE 2021,SEGUIMIENTO AL PSMV,9,Eficiencia de remoción DBO obtenida,Porcentaje de eficiencia de remoción de Demanda Bioquímica de Oxígeno obtenida,Número Decimal,decimal,"3 enteros, 2 decimales",Kg/año [?],Sí,obligatorio,Mayor o igual a 0.00 y menor o igual a 100.00,,,,sin-cruce,publico-propuesto,,WEBFETCH_LECTOR,,true,H10;H11
VF-8340dce6,INSTRUCTIVO_CAR_316965_2021_V3,,RESOLUCION SSPD 20211000316965 DE 2021,SEGUIMIENTO AL PSMV,10,Eficiencia de remoción SST obtenida,Porcentaje de eficiencia de remoción de Sólidos Suspendidos Totales obtenida,Número Decimal,decimal,"3 enteros, 2 decimales",Kg/año [?],Sí,obligatorio,Mayor o igual a 0.00 y menor o igual a 100.00,,,,sin-cruce,publico-propuesto,,WEBFETCH_LECTOR,,true,H10;H11
VF-61e2d708,INSTRUCTIVO_CAR_316965_2021_V3,,RESOLUCION SSPD 20211000316965 DE 2021,SEGUIMIENTO AL PSMV,11,Número de vertimientos puntuales eliminados,Cantidad de vertimientos puntuales efectivamente eliminados,Número Entero,entero,2 caracteres,N/A,Sí,obligatorio,Mayor o igual a 0 y menor o igual a 100,,,,sin-cruce,publico-propuesto,,WEBFETCH_LECTOR,,true,H10;H11
VF-27fa8869,INSTRUCTIVO_CAR_316965_2021_V3,,RESOLUCION SSPD 20211000316965 DE 2021,SEGUIMIENTO AL PSMV,12,Número de conexiones erradas eliminadas,Cantidad de conexiones erradas efectivamente eliminadas,Número Entero,entero,2 caracteres,N/A,Sí,obligatorio,Mayor o igual a 0 y menor o igual a 100,,,,sin-cruce,publico-propuesto,,WEBFETCH_LECTOR,,true,H10;H11
VF-9b04bde4,INSTRUCTIVO_CAR_316965_2021_V3,,RESOLUCION SSPD 20211000316965 DE 2021,SEGUIMIENTO AL PSMV,13,Cumple lo establecido por el PSMV para el período de evaluación,Indicar si se cumple o no lo establecido por el PSMV,Numérico Entero,entero,1 entero,N/A,Sí,obligatorio,1: Sí; 2: No,,,,sin-cruce,publico-propuesto,,WEBFETCH_LECTOR,,true,H10;H11
VF-913ff1d7,INSTRUCTIVO_CAR_316965_2021_V3,,RESOLUCION SSPD 20211000316965 DE 2021,SEGUIMIENTO DEL PUEAA,1,Código del punto de Captación asignado por la Autoridad Ambiental,Hace referencia al código asignado para identificar un punto de captación,Alfanumérico,alfanumerico,12 caracteres,N/A,Sí,obligatorio,Todos los valores,,,,sin-cruce,publico-propuesto,,WEBFETCH_LECTOR,,true,H10;H11
VF-70d1dc70,INSTRUCTIVO_CAR_316965_2021_V3,,RESOLUCION SSPD 20211000316965 DE 2021,SEGUIMIENTO DEL PUEAA,2,Presentó PUEAA,La Autoridad Ambiental deberá indicar SI o NO el punto de captación presentó PUEAA,Numérico Entero,entero,1 entero,N/A,Sí,obligatorio,1: SI; 2: NO,,,,sin-cruce,publico-propuesto,,WEBFETCH_LECTOR,,true,H10;H11
VF-10dc5740,INSTRUCTIVO_CAR_316965_2021_V3,,RESOLUCION SSPD 20211000316965 DE 2021,SEGUIMIENTO DEL PUEAA,3,El PUEAA integra varios puntos de captación,La Autoridad Ambiental deberá indicar SI o NO el PUEAA integra varios puntos de captación,Numérico Entero,entero,1 entero,N/A,Condicional,condicional,1: SI; 2: NO,,,,sin-cruce,publico-propuesto,,WEBFETCH_LECTOR,,true,H10;H11
VF-bc7da6da,INSTRUCTIVO_CAR_316965_2021_V3,,RESOLUCION SSPD 20211000316965 DE 2021,SEGUIMIENTO DEL PUEAA,4,Número de acto administrativo de aprobación del PUEAA,La Autoridad Ambiental deberá indicar el número de acto administrativo por medio del cual se aprobó el PUEAA,Alfanumérico,alfanumerico,50 caracteres,N/A,Condicional,condicional,Todos los valores excepto caracteres especiales,,,,sin-cruce,publico-propuesto,,WEBFETCH_LECTOR,,true,H10;H11
VF-822d2fdd,INSTRUCTIVO_CAR_316965_2021_V3,,RESOLUCION SSPD 20211000316965 DE 2021,SEGUIMIENTO DEL PUEAA,5,Se cumplió lo establecido por el PUEAA para el periodo de evaluación,La Autoridad Ambiental deberá indicar SI o NO se cumplió lo establecido por el PUEAA para el periodo de evaluación,Numérico Entero,entero,1 entero,N/A,Condicional,condicional,1: SI; 2: NO,,,,sin-cruce,publico-propuesto,,WEBFETCH_LECTOR,,true,H10;H11
VF-11fd5401,INSTRUCTIVO_COMERCIAL_39945_2017,,RESOLUCION SSPD 20171300039945 DE 2017,FORMATO AUTO-DECLARACIÓN DE LAS INVERSIONES PLANTEADAS Y EJECUTADAS INCLUIDAS EN LOS,1,Servicio,Servicio: Indique 1 para el servicio de acueducto y 2 para el servicio de alcantarillado.,Numérico,numerico,1,,SI,obligatorio,1 ->  Acueducto 2 ->  Alcantarillado,,,,sin-cruce,publico-propuesto,,PDF_TABLA,57,false,H10;H11
VF-f5a314ea,INSTRUCTIVO_COMERCIAL_39945_2017,,RESOLUCION SSPD 20171300039945 DE 2017,FORMATO AUTO-DECLARACIÓN DE LAS INVERSIONES PLANTEADAS Y EJECUTADAS INCLUIDAS EN LOS,2,ID Sistema,ID Sistema: Indique el número de identificación del sistema de acuerdo a los códigos,Numérico,numerico,4,,Si,obligatorio,,,Validar con los ids de los sistemas configurados por la empresa. 1 hasta 9999,,sin-cruce,publico-propuesto,,PDF_TABLA,57,false,H10;H11
VF-9865754e,INSTRUCTIVO_COMERCIAL_39945_2017,,RESOLUCION SSPD 20171300039945 DE 2017,FORMATO AUTO-DECLARACIÓN DE LAS INVERSIONES PLANTEADAS Y EJECUTADAS INCLUIDAS EN LOS,3,Id del proyecto,Id del proyecto: Corresponde a un número que asignó el prestador a cada proyecto de,,sin-dato,,,,sin-dato,,,,,sin-cruce,publico-propuesto,,PDF_TABLA,57,false,H10;H11
VF-fab432a8,INSTRUCTIVO_COMERCIAL_39945_2017,,RESOLUCION SSPD 20171300039945 DE 2017,FORMATO AUTO-DECLARACIÓN DE LAS INVERSIONES PLANTEADAS Y EJECUTADAS INCLUIDAS EN LOS,4,Nombre del proyecto,Nombre del proyecto: Indique el nombre del proyecto.,Alfanumérico,alfanumerico,100,,Si,obligatorio,,,,,sin-cruce,restringido-propuesto,dato personal · nombre,PDF_TABLA,58,false,H10;H11
VF-e4845bc8,INSTRUCTIVO_COMERCIAL_39945_2017,,RESOLUCION SSPD 20171300039945 DE 2017,FORMATO AUTO-DECLARACIÓN DE LAS INVERSIONES PLANTEADAS Y EJECUTADAS INCLUIDAS EN LOS,5,Monto total del proyecto a pesos del año base de la Resolución CRA 287 de 2004,Monto total del proyecto a pesos del año base de la Resolución CRA 287 de 2004: Indique,Decimal,decimal,20,$,,sin-dato,"20 enteros, 2 decimales",,,,sin-cruce,publico-propuesto,,PDF_TABLA,58,false,H10;H11
VF-0107f0f1,INSTRUCTIVO_COMERCIAL_39945_2017,,RESOLUCION SSPD 20171300039945 DE 2017,FORMATO AUTO-DECLARACIÓN DE LAS INVERSIONES PLANTEADAS Y EJECUTADAS INCLUIDAS EN LOS,6,Valor de los recursos vía tarifas a pesos del año base de la Resolución CRA 287 de 2004,,Decimal,decimal,20,$,,sin-dato,"20 enteros, 2 decimales",,,,sin-cruce,publico-propuesto,,PDF_TABLA,58,false,H10;H11
VF-eb4665b4,INSTRUCTIVO_COMERCIAL_39945_2017,,RESOLUCION SSPD 20171300039945 DE 2017,FORMATO AUTO-DECLARACIÓN DE LAS INVERSIONES PLANTEADAS Y EJECUTADAS INCLUIDAS EN LOS,7,Fecha inicio proyecto,,Fecha,fecha,10,,Si,obligatorio,,,,,sin-cruce,publico-propuesto,,PDF_TABLA,58,false,H10;H11
VF-c60854c6,INSTRUCTIVO_COMERCIAL_39945_2017,,RESOLUCION SSPD 20171300039945 DE 2017,FORMATO AUTO-DECLARACIÓN DE LAS INVERSIONES PLANTEADAS Y EJECUTADAS INCLUIDAS EN LOS,8,Fecha terminación proyecto,,Fecha,fecha,10,,Si,obligatorio,,,,,sin-cruce,publico-propuesto,,PDF_TABLA,58,false,H10;H11
VF-3b776679,INSTRUCTIVO_COMERCIAL_39945_2017,,RESOLUCION SSPD 20171300039945 DE 2017,FORMATO AUTO-DECLARACIÓN DE LAS INVERSIONES PLANTEADAS Y EJECUTADAS INCLUIDAS EN LOS,9,Código del subsistema,,Numérico,numerico,1,,Si,obligatorio,"Si servicio = 1, opciones de subsistema: 1 = Producción de agua potable. 2 = Transporte de agua potable. 3 = Distribución de agua potable. Si servicio = 2 opciones de subsistema: 4 = Recolección y transporte de aguas remanentes. 5 = Tratamiento y/o disposición final de aguas remanentes.",,El rango de valores para este campo es de 1 a 5,,sin-cruce,publico-propuesto,,PDF_TABLA,58,false,H10;H11
VF-035a486f,INSTRUCTIVO_COMERCIAL_39945_2017,,RESOLUCION SSPD 20171300039945 DE 2017,FORMATO AUTO-DECLARACIÓN DE LAS INVERSIONES PLANTEADAS Y EJECUTADAS INCLUIDAS EN LOS,10,Código de actividad,Código de actividad: Clasificación de activos e inversiones por grupo de activos y asignación,Numérico,numerico,2,Entero,Si,obligatorio,Si subsistema = 1 opciones de actividad: 1 = Captación. 2 = Aducción. 3 = Pretratamiento. 4 = Tratamiento. Si subsistema = 2 opciones de actividad: 5 = Conducción. Si subsistema = 3 opciones de actividad: 6 = Distribución. Si subsistema = 4 opciones de actividad: 7 = Recolección. 8 = Elevación y bombeo. Si subsistema = 5 opciones de actividad: 9 = Pretratamiento. 10 = Tratamiento. 11 = Disposición final.,,El rango de valores para este campo es de 1 a 11,,sin-cruce,publico-propuesto,,PDF_TABLA,59,false,H10;H11
VF-5448ed39,INSTRUCTIVO_COMERCIAL_39945_2017,,RESOLUCION SSPD 20171300039945 DE 2017,FORMATO AUTO-DECLARACIÓN DE LAS INVERSIONES PLANTEADAS Y EJECUTADAS INCLUIDAS EN LOS,11,Código del tipo activo,Código del tipo activo: Clasificación de activos e inversiones por grupo de activos y,Numérico,numerico,2,Entero,Si,obligatorio,,,,,sin-cruce,publico-propuesto,,PDF_TABLA,59,false,H10;H11
VF-d90387f3,INSTRUCTIVO_COMERCIAL_39945_2017,,RESOLUCION SSPD 20171300039945 DE 2017,FORMATO AUTO-DECLARACIÓN DE LAS INVERSIONES PLANTEADAS Y EJECUTADAS INCLUIDAS EN LOS,12,Nombre del activo,Nombre del activo: Indica el nombre designado por el prestador con el que identifica el,Alfanumérico,alfanumerico,100,,Si,obligatorio,,,,,sin-cruce,restringido-propuesto,dato personal · nombre,PDF_TABLA,59,false,H10;H11
VF-394dddc3,INSTRUCTIVO_COMERCIAL_39945_2017,,RESOLUCION SSPD 20171300039945 DE 2017,FORMATO AUTO-DECLARACIÓN DE LAS INVERSIONES PLANTEADAS Y EJECUTADAS INCLUIDAS EN LOS,13,Código único del activo,"Código Único del Activo: Indica el código único numérico con el que se identifica el activo,",Numérico,numerico,6,,Si,obligatorio,,,,,sin-cruce,publico-propuesto,,PDF_TABLA,59,false,H10;H11
VF-5712feb7,INSTRUCTIVO_COMERCIAL_39945_2017,,RESOLUCION SSPD 20171300039945 DE 2017,FORMATO AUTO-DECLARACIÓN DE LAS INVERSIONES PLANTEADAS Y EJECUTADAS INCLUIDAS EN LOS,14,Método de valoración del activo,Método de Valoración del activo: Indique el método de valoración.,Numérico,numerico,1,,Si,obligatorio,1  ->  Contable 2  ->  Técnica 3  ->  No Aplica,,,,sin-cruce,publico-propuesto,,PDF_TABLA,60,false,H10;H11
VF-efc72af6,INSTRUCTIVO_COMERCIAL_39945_2017,,RESOLUCION SSPD 20171300039945 DE 2017,FORMATO AUTO-DECLARACIÓN DE LAS INVERSIONES PLANTEADAS Y EJECUTADAS INCLUIDAS EN LOS,15,Municipio donde el activo fue asignado,Municipio donde el activo fue asignado: Indique el código DANE del municipio donde el,Alfanumérico,alfanumerico,5,,Si,obligatorio,"Validar el código DANE de las APS configurados por la empresa el aplicativo de reporte de información tarifaria. La información reportada en este formato, debe estar registrada previamente en el aplicativo del NMT.",,,,sin-cruce,publico-propuesto,,PDF_TABLA,60,false,H10;H11
VF-9bf1784a,INSTRUCTIVO_COMERCIAL_39945_2017,,RESOLUCION SSPD 20171300039945 DE 2017,FORMATO AUTO-DECLARACIÓN DE LAS INVERSIONES PLANTEADAS Y EJECUTADAS INCLUIDAS EN LOS,16,Número de suscriptores beneficiados por el activo a diciembre de 2014,Número de suscriptores beneficiados por el activo a diciembre de 2014: Indique el,Numérico,numerico,7,,Si,obligatorio,,,,,sin-cruce,publico-propuesto,,PDF_TABLA,60,false,H10;H11
VF-70a77d74,INSTRUCTIVO_COMERCIAL_39945_2017,,RESOLUCION SSPD 20171300039945 DE 2017,FORMATO AUTO-DECLARACIÓN DE LAS INVERSIONES PLANTEADAS Y EJECUTADAS INCLUIDAS EN LOS,17,Justificación del método de valoración,Justificación del método de valoración: Indique la justificación del método de valoración,Alfanumérico,alfanumerico,400,,NO,opcional,,,,,sin-cruce,publico-propuesto,,PDF_TABLA,60,false,H10;H11
VF-a22bafa3,INSTRUCTIVO_COMERCIAL_39945_2017,,RESOLUCION SSPD 20171300039945 DE 2017,FORMATO AUTO-DECLARACIÓN DE LAS INVERSIONES PLANTEADAS Y EJECUTADAS INCLUIDAS EN LOS,18,Fecha de adquisición o fecha de construcción,Fecha de adquisición o fecha de construcción: Indique la fecha de adquisición del activo,Fecha,fecha,10,,Si,obligatorio,,,,,sin-cruce,publico-propuesto,,PDF_TABLA,60,false,H10;H11
VF-e5005f91,INSTRUCTIVO_COMERCIAL_39945_2017,,RESOLUCION SSPD 20171300039945 DE 2017,FORMATO AUTO-DECLARACIÓN DE LAS INVERSIONES PLANTEADAS Y EJECUTADAS INCLUIDAS EN LOS,19,Fecha de entrada operación del activo,Fecha de entrada operación del activo: Indique la fecha de entrada en operación en formato,Fecha,fecha,10,,Si,obligatorio,,,El año de entrada en operación debe ser mayor a 2004,,sin-cruce,publico-propuesto,,PDF_TABLA,60,false,H10;H11
VF-d1d536ad,INSTRUCTIVO_COMERCIAL_39945_2017,,RESOLUCION SSPD 20171300039945 DE 2017,FORMATO AUTO-DECLARACIÓN DE LAS INVERSIONES PLANTEADAS Y EJECUTADAS INCLUIDAS EN LOS,20,Fecha de inicio de aplicación de tarifas Res. CRA 688/14,Fecha de inicio de aplicación de tarifas Res. CRA 688/14: Indique la fecha de inicio de,,sin-dato,,,,sin-dato,,,,,sin-cruce,publico-propuesto,,PDF_TABLA,60,false,H10;H11
VF-1308f800,INSTRUCTIVO_COMERCIAL_39945_2017,,RESOLUCION SSPD 20171300039945 DE 2017,FORMATO AUTO-DECLARACIÓN DE LAS INVERSIONES PLANTEADAS Y EJECUTADAS INCLUIDAS EN LOS,21,Para la asignación de la vida útil del activo utiliza la clasificación del Art. 49 de la Res. CRA 688/14?,,Numérico,numerico,1,,Si,obligatorio,1 = Si o 2=No,,En el caso de terrenos y equipos electromecánicos deberá indicar en este campo 2.,,sin-cruce,publico-propuesto,,PDF_TABLA,61,false,H10;H11
VF-88c4edd3,INSTRUCTIVO_COMERCIAL_39945_2017,,RESOLUCION SSPD 20171300039945 DE 2017,FORMATO AUTO-DECLARACIÓN DE LAS INVERSIONES PLANTEADAS Y EJECUTADAS INCLUIDAS EN LOS,22,"Vida útil del activo (Vuj, ac/al)","Vida útil del activo (Vuj, ac/al): Clasificación de activos e inversiones por grupo de activos",Numérico,numerico,2,Entero,Si,obligatorio,"Validación tabla acueducto y alcantarillado Artículo 49 de la Resolución CRA 688 de 2014. (Hoja3). En el caso que el prestador en el campo ID 21 indique 1=SI, debe validar con la tabla del Artículo 49 (Vida útil Años); de lo contrario, puede incluir otro valor diferente al de la tabla. Para el caso de terrenos deberá indicar 0.",,,,sin-cruce,publico-propuesto,,PDF_TABLA,61,false,H10;H11
VF-6657c444,INSTRUCTIVO_COMERCIAL_39945_2017,,RESOLUCION SSPD 20171300039945 DE 2017,FORMATO AUTO-DECLARACIÓN DE LAS INVERSIONES PLANTEADAS Y EJECUTADAS INCLUIDAS EN LOS,23,"Vida útil remanente (VURj, ac/al)","Vida útil remanente (VURj, ac/al): La vida útil remanente puede ser por activo j o por",Decimal,decimal,"Enteros 2, Decimales 6",,SI,obligatorio,"VURj, ac/al = Vida útil del activo – (Diferencia expresada en años a 6 decimales de Fecha de inicio de aplicación de tarifas Res. CRA 688 de 2014 y Fecha de entrada operación del activo).",,Para Terrenos deberá registrar 0,,sin-cruce,publico-propuesto,,PDF_TABLA,61,false,H10;H11
VF-db214a53,INSTRUCTIVO_COMERCIAL_39945_2017,,RESOLUCION SSPD 20171300039945 DE 2017,FORMATO AUTO-DECLARACIÓN DE LAS INVERSIONES PLANTEADAS Y EJECUTADAS INCLUIDAS EN LOS,24,Fecha final de depreciación,Fecha final de depreciación: Indique la fecha final de depreciación en formato DD-MM-,Fecha,fecha,10,,,sin-dato,,,,,sin-cruce,publico-propuesto,,PDF_TABLA,61,false,H10;H11
VF-b9f48433,INSTRUCTIVO_COMERCIAL_39945_2017,,RESOLUCION SSPD 20171300039945 DE 2017,FORMATO AUTO-DECLARACIÓN DE LAS INVERSIONES PLANTEADAS Y EJECUTADAS INCLUIDAS EN LOS,25,Inversión total en el activo (en pesos del año base),Inversión total en el activo (en pesos del año base): Indique el valor total del activo que,Decimal,decimal,23,$,Si,obligatorio,"20 enteros, 2 decimales",,,,sin-cruce,publico-propuesto,,PDF_TABLA,62,false,H10;H11
VF-fe076942,INSTRUCTIVO_COMERCIAL_39945_2017,,RESOLUCION SSPD 20171300039945 DE 2017,FORMATO AUTO-DECLARACIÓN DE LAS INVERSIONES PLANTEADAS Y EJECUTADAS INCLUIDAS EN LOS,26,"Valor del activo ajustado a Pesos de Diciembre del Año Base de la Res CRA 287 (IPI ac,al)",Valor del activo ajustado a pesos de diciembre del año base de la Res CRA 287 (IPI,Decimal,decimal,23,$,Si,obligatorio,"20 enteros, 2 decimales",,,,sin-cruce,publico-propuesto,,PDF_TABLA,62,false,H10;H11
VF-0ca16d9e,INSTRUCTIVO_COMERCIAL_39945_2017,,RESOLUCION SSPD 20171300039945 DE 2017,FORMATO AUTO-DECLARACIÓN DE LAS INVERSIONES PLANTEADAS Y EJECUTADAS INCLUIDAS EN LOS,27,"Valor total cobrado en la vigencia Res CRA 287 de 2004, ajustado a pesos de diciembre del año base de la Res. CRA 287 de 2004 (ICI ac,al)","Valor total cobrado en la vigencia Res CRA 287 de 2004, ajustado a pesos de diciembre",Decimal,decimal,23,$,Si,obligatorio,"20 enteros, 2 decimales",,Para un mismo servicio (ID1) y un mismo sistema (ID 2) deberá ser igual el ICI,,sin-cruce,publico-propuesto,,PDF_TABLA,62,false,H10;H11
VF-4c2a1675,INSTRUCTIVO_COMERCIAL_39945_2017,,RESOLUCION SSPD 20171300039945 DE 2017,FORMATO AUTO-DECLARACIÓN DE LAS INVERSIONES PLANTEADAS Y EJECUTADAS INCLUIDAS EN LOS,28,"Ingresos netos por cobrar de los activos ajustados a pesos de diciembre del año base de la Res. CRA 287 de 2004 INIC ac,al):",Ingresos Netos por cobrar de los activos ajustados a pesos de diciembre del año base,Decimal,decimal,23,$,Si,obligatorio,"20 enteros, 2 decimales",,Para un mismo servicio (ID1) y un mismo sistema (ID 2) deberá ser igual el INIC,,sin-cruce,publico-propuesto,,PDF_TABLA,62,false,H10;H11
VF-b205c79d,INSTRUCTIVO_COMERCIAL_39945_2017,,RESOLUCION SSPD 20171300039945 DE 2017,FORMATO AUTO-DECLARACIÓN DE LAS INVERSIONES PLANTEADAS Y EJECUTADAS INCLUIDAS EN LOS,29,Debe indicar el valor del activo o proyecto a incluir en la BCR0 en pesos de diciembre de 2014.,,Decimal,decimal,23,,Si,obligatorio,"Enteros 20, Decimales 2",,,,sin-cruce,publico-propuesto,,PDF_TABLA,63,false,H10;H11
VF-a99d9d4d,INSTRUCTIVO_COMERCIAL_39945_2017,,RESOLUCION SSPD 20171300039945 DE 2017,FORMATO AUTO-DECLARACIÓN DE LAS INVERSIONES PLANTEADAS Y EJECUTADAS INCLUIDAS EN LOS,30,Valor anual de depreciación,Valor anual de depreciación: Valor total del activo dividido la vida útil. Datos de validación,Decimal,decimal,23,,Valor total del activo dividida la vida útil,condicional,"Enteros 20, Decimales 2",,"Valor anual de la depreciación = Valor a incluir en la BCR/ Vida útil remanente. Es decir, el Id30 = Id29 / Id23. No aplica para el tipo de activo Terrenos",,sin-cruce,publico-propuesto,,PDF_TABLA,63,false,H10;H11
VF-1ed41d0a,INSTRUCTIVO_COMERCIAL_39945_2017,,RESOLUCION SSPD 20171300039945 DE 2017,FORMATO AUTO-DECLARACIÓN DE LAS INVERSIONES PLANTEADAS Y EJECUTADAS INCLUIDAS EN LOS,32,Depreciación año 2,Depreciación año 2: Indique la depreciación del año 2. Datos de validación Si Vida útil,Decimal,decimal,23,,Si,obligatorio,"Enteros 20, Decimales 2",,"Valor del campo, deber ser menor o igual al valor anual de depreciación",,sin-cruce,publico-propuesto,,PDF_TABLA,63,false,H10;H11
VF-5d67c7a5,INSTRUCTIVO_COMERCIAL_39945_2017,,RESOLUCION SSPD 20171300039945 DE 2017,FORMATO AUTO-DECLARACIÓN DE LAS INVERSIONES PLANTEADAS Y EJECUTADAS INCLUIDAS EN LOS,33,Depreciación año 3,Depreciación año 3: Indique la depreciación del año 3. Datos de validación Si Vida útil,Decimal,decimal,23,,Si,obligatorio,"Enteros 20, Decimales 2",,"Valor del campo, deber ser menor o igual al valor anual de depreciación (id30)",,sin-cruce,publico-propuesto,,PDF_TABLA,63,false,H10;H11
VF-1c73973b,INSTRUCTIVO_COMERCIAL_39945_2017,,RESOLUCION SSPD 20171300039945 DE 2017,FORMATO AUTO-DECLARACIÓN DE LAS INVERSIONES PLANTEADAS Y EJECUTADAS INCLUIDAS EN LOS,34,Depreciación año 4,Depreciación año 4: Indique la depreciación del año 4. Datos de validación Si Vida útil,Decimal,decimal,23,,Si,obligatorio,"Enteros 20, Decimales 2",,,,sin-cruce,publico-propuesto,,PDF_TABLA,63,false,H10;H11
VF-4c3dc774,INSTRUCTIVO_COMERCIAL_39945_2017,,RESOLUCION SSPD 20171300039945 DE 2017,FORMATO AUTO-DECLARACIÓN DE LAS INVERSIONES PLANTEADAS Y EJECUTADAS INCLUIDAS EN LOS,35,Depreciación año 5,Depreciación año 5: Indique la depreciación del año 5. Datos de validación Si Vida útil,Decimal,decimal,23,,Si,obligatorio,"Enteros 20, Decimales 2",,"Valor del campo, deber ser menor o igual al valor anual de depreciación.",,sin-cruce,publico-propuesto,,PDF_TABLA,64,false,H10;H11
VF-5c646d5a,INSTRUCTIVO_COMERCIAL_39945_2017,,RESOLUCION SSPD 20171300039945 DE 2017,FORMATO AUTO-DECLARACIÓN DE LAS INVERSIONES PLANTEADAS Y EJECUTADAS INCLUIDAS EN LOS,36,Depreciación año 6,Depreciación año 6: Indique la depreciación del año 6. Datos de validación Si Vida útil,Decimal,decimal,23,,Si,obligatorio,"Enteros 20, Decimales 2",,"Valor del campo, deber ser menor o igual al valor anual de depreciación.",,sin-cruce,publico-propuesto,,PDF_TABLA,64,false,H10;H11
VF-dde3cf20,INSTRUCTIVO_COMERCIAL_39945_2017,,RESOLUCION SSPD 20171300039945 DE 2017,FORMATO AUTO-DECLARACIÓN DE LAS INVERSIONES PLANTEADAS Y EJECUTADAS INCLUIDAS EN LOS,40,Depreciación año 10,Depreciación año 10: Indique la depreciación del año 10. Datos de validación Si Vida útil,Decimal,decimal,23,,Si,obligatorio,"Enteros 20, Decimales 2",,"Valor del campo, deber ser menor o igual al valor anual de depreciación.",,sin-cruce,publico-propuesto,,PDF_TABLA,65,false,H10;H11
VF-d489bbbf,INSTRUCTIVO_COMERCIAL_39945_2017,,RESOLUCION SSPD 20171300039945 DE 2017,FORMATO AUTO-DECLARACIÓN DE LAS INVERSIONES PLANTEADAS Y EJECUTADAS INCLUIDAS EN LOS,41,Depreciación año 7,Depreciación año 7: Indique el valor en pesos ($) correspondientes a la depreciación del año,Decimal,decimal,23,,Si,obligatorio,"Enteros 20, Decimales 2",,"Valor del campo, deber ser menor o igual al valor anual de depreciación.",,sin-cruce,publico-propuesto,,PDF_TABLA,64,false,H10;H11
VF-dc2a5339,INSTRUCTIVO_COMERCIAL_39945_2017,,RESOLUCION SSPD 20171300039945 DE 2017,FORMATO AUTO-DECLARACIÓN DE LAS INVERSIONES PLANTEADAS Y EJECUTADAS INCLUIDAS EN LOS,42,Depreciación año 8,Depreciación año 8: Indique el valor en pesos ($) correspondientes a la depreciación del año,Decimal,decimal,23,,Si,obligatorio,"Enteros 20, Decimales 2",,"Valor del campo, deber ser menor o igual al valor anual de depreciación.",,sin-cruce,publico-propuesto,,PDF_TABLA,64,false,H10;H11
VF-a120eb24,INSTRUCTIVO_COMERCIAL_39945_2017,,RESOLUCION SSPD 20171300039945 DE 2017,FORMATO AUTO-DECLARACIÓN DE LAS INVERSIONES PLANTEADAS Y EJECUTADAS INCLUIDAS EN LOS,43,Depreciación año 9,Depreciación año 9: Indique el valor en pesos ($) correspondientes a la depreciación del año,Decimal,decimal,23,,Si,obligatorio,"Enteros 20, Decimales 2",,"Valor del campo, deber ser menor o igual al valor anual de depreciación.",,sin-cruce,publico-propuesto,,PDF_TABLA,64,false,H10;H11
VF-909dbb47,INSTRUCTIVO_COMERCIAL_39945_2017,,RESOLUCION SSPD 20171300039945 DE 2017,FORMATO AUTO-DECLARACIÓN DE LAS INVERSIONES PLANTEADAS Y EJECUTADAS INCLUIDAS EN LOS,44,Depreciación año 1,Depreciación año 10: Indique el valor en pesos ($) correspondientes a la depreciación del,Decimal,decimal,23,,Si,obligatorio,"Enteros 20, Decimales 2",,"Valor del campo, deber ser menor o igual al valor anual de depreciación",,sin-cruce,publico-propuesto,,PDF_TABLA,63,false,H10;H11
VF-74fcff0d,INSTRUCTIVO_COMERCIAL_39945_2017,,RESOLUCION SSPD 20171300039945 DE 2017,FORMATO AUTO-DECLARACIÓN DE LAS INVERSIONES PLANTEADAS Y EJECUTADAS INCLUIDAS EN LOS,45,Observaciones,Observaciones: En este campo el prestador podrá registrar todas las observaciones que,Alfanumérico,alfanumerico,300,,Si,obligatorio,,,,,sin-cruce,publico-propuesto,,PDF_TABLA,65,false,H10;H11
VF-d27937c8,INSTRUCTIVO_COMERCIAL_39945_2017,,RESOLUCION SSPD 20171300039945 DE 2017,FORMATO DEFINICIÓN DEL NIVEL ECONÓMICO DE PÉRDIDAS.,1,Identificador del proyecto,Identificador del proyecto: Corresponde al identificador único del proyecto asignado por el,Alfanumérico,alfanumerico,100,,SI,obligatorio,,,,,sin-cruce,publico-propuesto,,PDF_TABLA,46,false,H10;H11
VF-9e19eed6,INSTRUCTIVO_COMERCIAL_39945_2017,,RESOLUCION SSPD 20171300039945 DE 2017,FORMATO DEFINICIÓN DEL NIVEL ECONÓMICO DE PÉRDIDAS.,2,Nombre Proyecto,"Nombre Proyecto. Corresponde al nombre del proyecto, que lo identifica de los diferentes",Alfanumérico,alfanumerico,100,,SI,obligatorio,,,,,sin-cruce,restringido-propuesto,dato personal · nombre,PDF_TABLA,46,false,H10;H11
VF-d26bcb20,INSTRUCTIVO_COMERCIAL_39945_2017,,RESOLUCION SSPD 20171300039945 DE 2017,FORMATO DEFINICIÓN DEL NIVEL ECONÓMICO DE PÉRDIDAS.,3,Código DANE Departamento,Código DANE Departamento: Corresponde a la codificación dada por el DANE a la división,Numérico,numerico,2,,SI,obligatorio,00 hasta 99,,,,sin-cruce,publico-propuesto,,PDF_TABLA,46,false,H10;H11
VF-fb34e996,INSTRUCTIVO_COMERCIAL_39945_2017,,RESOLUCION SSPD 20171300039945 DE 2017,FORMATO DEFINICIÓN DEL NIVEL ECONÓMICO DE PÉRDIDAS.,4,Código DANE Municipio,Código DANE Municipio: Corresponde a la codificación dada por el DANE a la división,Numérico,numerico,3,,SI,obligatorio,000 hasta 999,,,,sin-cruce,publico-propuesto,,PDF_TABLA,47,false,H10;H11
VF-2a49562e,INSTRUCTIVO_COMERCIAL_39945_2017,,RESOLUCION SSPD 20171300039945 DE 2017,FORMATO DEFINICIÓN DEL NIVEL ECONÓMICO DE PÉRDIDAS.,5,ID Sistema,ID Sistema: Indique el número de identificación del sistema de acuerdo a los códigos,Numérico,numerico,4,,NO,opcional,1 hasta 9999,,,,sin-cruce,publico-propuesto,,PDF_TABLA,47,false,H10;H11
VF-2ce99a6e,INSTRUCTIVO_COMERCIAL_39945_2017,,RESOLUCION SSPD 20171300039945 DE 2017,FORMATO DEFINICIÓN DEL NIVEL ECONÓMICO DE PÉRDIDAS.,7,Costos,Beneficios: Corresponde a los beneficios en términos económicos de los costos evitados,Numérico,numerico,20,Entero,SI,obligatorio,>0,,,,sin-cruce,publico-propuesto,,PDF_TABLA,47,false,H10;H11
VF-b19882ad,INSTRUCTIVO_COMERCIAL_39945_2017,,RESOLUCION SSPD 20171300039945 DE 2017,FORMATO DEFINICIÓN DEL NIVEL ECONÓMICO DE PÉRDIDAS.,7,Beneficios,,Numérico,numerico,20,$,SI,obligatorio,>0,,,,sin-cruce,publico-propuesto,,PDF_TABLA,47,false,H10;H11
VF-01ac21f1,INSTRUCTIVO_COMERCIAL_39945_2017,,RESOLUCION SSPD 20171300039945 DE 2017,FORMATO DEFINICIÓN DEL NIVEL ECONÓMICO DE PÉRDIDAS.,8,Relación Beneficio/Costo,Relación Beneficio/Costo: En este campo el prestador debe reportar el resultado de la,Decimal,decimal,23,$,SI,obligatorio,">=1, 20 dígitos 2 decimales",,Debe dividir los beneficios sobre los costos y redondear a dos decimales.,,sin-cruce,publico-propuesto,,PDF_TABLA,47,false,H10;H11
VF-50eba2c3,INSTRUCTIVO_COMERCIAL_39945_2017,,RESOLUCION SSPD 20171300039945 DE 2017,FORMATO DISCONTINUIDADES MENSUALES POR RUTA DE LECTURA.,1,ID sistema,,Numérico,numerico,4,,SI,obligatorio,1 hasta 9999,,,,sin-cruce,publico-propuesto,,PDF_TABLA,37,false,H10;H11
VF-b1952987,INSTRUCTIVO_COMERCIAL_39945_2017,,RESOLUCION SSPD 20171300039945 DE 2017,FORMATO DISCONTINUIDADES MENSUALES POR RUTA DE LECTURA.,2,Código DANE departamento,Código DANE departamento: Hace referencia al departamento donde el usuario o suscriptor,Numérico,numerico,2,,SI,obligatorio,00 hasta 99,,,,sin-cruce,publico-propuesto,,PDF_TABLA,38,false,H10;H11
VF-9377535e,INSTRUCTIVO_COMERCIAL_39945_2017,,RESOLUCION SSPD 20171300039945 DE 2017,FORMATO DISCONTINUIDADES MENSUALES POR RUTA DE LECTURA.,3,Código DANE municipio,Código DANE municipio: Hace referencia al municipio donde el usuario o suscriptor recibe el,Numérico,numerico,3,,SI,obligatorio,000 hasta 999,,,,sin-cruce,publico-propuesto,,PDF_TABLA,38,false,H10;H11
VF-1555bf84,INSTRUCTIVO_COMERCIAL_39945_2017,,RESOLUCION SSPD 20171300039945 DE 2017,FORMATO DISCONTINUIDADES MENSUALES POR RUTA DE LECTURA.,4,Código DANE centro poblado,Código DANE centro poblado: Hace referencia al centro poblado donde el usuario o,Numérico,numerico,3,,SI,obligatorio,000 hasta 999,,,,sin-cruce,publico-propuesto,,PDF_TABLA,38,false,H10;H11
VF-7973a5ec,INSTRUCTIVO_COMERCIAL_39945_2017,,RESOLUCION SSPD 20171300039945 DE 2017,FORMATO DISCONTINUIDADES MENSUALES POR RUTA DE LECTURA.,5,Ruta de lectura,Ruta de lectura: Corresponde a la ruta identificada por el prestador para la lectura de,Alfanumérico,alfanumerico,20,,SI,obligatorio,,,,,sin-cruce,publico-propuesto,,PDF_TABLA,38,false,H10;H11
VF-9f549885,INSTRUCTIVO_COMERCIAL_39945_2017,,RESOLUCION SSPD 20171300039945 DE 2017,FORMATO DISCONTINUIDADES MENSUALES POR RUTA DE LECTURA.,6,Suscriptores totales de la ruta de lectura afectada,Suscriptores totales de la ruta de lectura afectada: Deberá indicar el número de suscriptores,Numérico,numerico,7,,SI,obligatorio,,,,,sin-cruce,publico-propuesto,,PDF_TABLA,38,false,H10;H11
VF-8d21289e,INSTRUCTIVO_COMERCIAL_39945_2017,,RESOLUCION SSPD 20171300039945 DE 2017,FORMATO DISCONTINUIDADES MENSUALES POR RUTA DE LECTURA.,7,Suscriptores afectados en la ruta,Suscriptores afectados en la ruta: Número de suscriptores afectados en la Ruta de lectura,Numérico,numerico,7,,SI,obligatorio,,,Los suscriptores afectados en la ruta de lectura deben ser menores o iguales a los suscriptores totales de la ruta de lectura,,sin-cruce,publico-propuesto,,PDF_TABLA,38,false,H10;H11
VF-ff2af2b2,INSTRUCTIVO_COMERCIAL_39945_2017,,RESOLUCION SSPD 20171300039945 DE 2017,FORMATO DISCONTINUIDADES MENSUALES POR RUTA DE LECTURA.,8,% de suscriptores afectados en la ruta,% de suscriptores afectados en la ruta: Corresponde al porcentaje de suscriptores,Numérico,numerico,9,,SI,obligatorio,"3 Enteros, 5 Decimales",,Suscriptores afectados en la ruta / Suscriptores totales de la ruta de lectura,,sin-cruce,publico-propuesto,,PDF_TABLA,38,false,H10;H11
VF-7e5e3483,INSTRUCTIVO_COMERCIAL_39945_2017,,RESOLUCION SSPD 20171300039945 DE 2017,FORMATO DISCONTINUIDADES MENSUALES POR RUTA DE LECTURA.,9,Inicio del tiempo de afectación - fecha,Inicio del tiempo de afectación - fecha: Inicio del tiempo de afectación – día de inició de la,Fecha,fecha,10,,SI,obligatorio,DD-MM-AAAA,,>01/01/2016,,sin-cruce,publico-propuesto,,PDF_TABLA,39,false,H10;H11
VF-0354510d,INSTRUCTIVO_COMERCIAL_39945_2017,,RESOLUCION SSPD 20171300039945 DE 2017,FORMATO DISCONTINUIDADES MENSUALES POR RUTA DE LECTURA.,10,Inicio del tiempo de afectación - hora,Inicio del tiempo de afectación - hora: Inicio del tiempo de afectación – hora en formato de,Hora (24 horas),hora,5,,SI,obligatorio,HH:MM,,,,sin-cruce,publico-propuesto,,PDF_TABLA,39,false,H10;H11
VF-0e4075b9,INSTRUCTIVO_COMERCIAL_39945_2017,,RESOLUCION SSPD 20171300039945 DE 2017,FORMATO DISCONTINUIDADES MENSUALES POR RUTA DE LECTURA.,11,Fin del tiempo de afectación - fecha,Fin del tiempo de afectación - fecha: Fin del tiempo de afectación – fecha de finalización,Fecha,fecha,10,,SI,obligatorio,DD-MM-AAAA,,El id 11 debe ser >= a la fecha del Id 9; Es decir la fecha final de afectación debe ser mayor o igual a la fecha inicio de afectación,,sin-cruce,publico-propuesto,,PDF_TABLA,39,false,H10;H11
VF-182f8201,INSTRUCTIVO_COMERCIAL_39945_2017,,RESOLUCION SSPD 20171300039945 DE 2017,FORMATO DISCONTINUIDADES MENSUALES POR RUTA DE LECTURA.,12,Fin del tiempo de afectación - hora,Fin del tiempo de afectación - hora: Fin del tiempo de afectación - hora en formato de,Hora (24 horas),hora,5,,SI,obligatorio,HH:MM,,,,sin-cruce,publico-propuesto,,PDF_TABLA,39,false,H10;H11
VF-99012dc0,INSTRUCTIVO_COMERCIAL_39945_2017,,RESOLUCION SSPD 20171300039945 DE 2017,FORMATO DISCONTINUIDADES MENSUALES POR RUTA DE LECTURA.,13,Tiempo de afectación,Tiempo de afectación: Corresponde al valor en días que sufrió la afectación y se calcula,Decimal,decimal,9,,SI,obligatorio,Enteros 2 Decimales 6,,,,sin-cruce,publico-propuesto,,PDF_TABLA,39,false,H10;H11
VF-5b038a52,INSTRUCTIVO_COMERCIAL_39945_2017,,RESOLUCION SSPD 20171300039945 DE 2017,FORMATO DISCONTINUIDADES MENSUALES POR RUTA DE LECTURA.,14,Tiempo total de afectación,Tiempo total de afectación: Corresponde a la multiplicación de los días del tiempo de,Decimal,decimal,11,,SI,obligatorio,Enteros 2 Decimales 6,,Suscriptores afectados en la Ruta * Tiempo de afectación,,sin-cruce,publico-propuesto,,PDF_TABLA,40,false,H10;H11
VF-fcd2f2c8,INSTRUCTIVO_COMERCIAL_39945_2017,,RESOLUCION SSPD 20171300039945 DE 2017,FORMATO EJECUCIÓN DE DEVOLUCIONES POR COBROS NO AUTORIZADOS.,1,Servicio,Servicio. Corresponde al servicio al cual corresponde la devolución con la siguiente estructura:,Numérico,numerico,1,,SI,obligatorio,1  -> Acueducto 2  -> Alcantarillado,,,,sin-cruce,publico-propuesto,,PDF_TABLA,43,false,H10;H11
VF-87f862b2,INSTRUCTIVO_COMERCIAL_39945_2017,,RESOLUCION SSPD 20171300039945 DE 2017,FORMATO EJECUCIÓN DE DEVOLUCIONES POR COBROS NO AUTORIZADOS.,2,NUIS,NUIS. Corresponde al número único asignado por el prestador de servicios públicos,Alfanumérico,alfanumerico,40,,SI,obligatorio,>0,,,,sin-cruce,restringido-propuesto,dato personal · identificador de suscriptor,PDF_TABLA,43,false,H10;H11
VF-ac9948fb,INSTRUCTIVO_COMERCIAL_39945_2017,,RESOLUCION SSPD 20171300039945 DE 2017,FORMATO EJECUCIÓN DE DEVOLUCIONES POR COBROS NO AUTORIZADOS.,3,Número de periodos en los que pagó de la devolución.,,Numérico,numerico,3,,SI,obligatorio,>0,,,,sin-cruce,publico-propuesto,,PDF_TABLA,43,false,H10;H11
VF-26e58ef5,INSTRUCTIVO_COMERCIAL_39945_2017,,RESOLUCION SSPD 20171300039945 DE 2017,FORMATO EJECUCIÓN DE DEVOLUCIONES POR COBROS NO AUTORIZADOS.,4,Valor total devuelto,Valor total devuelto ($): se registrará el valor incluido intereses que fue devuelto.,Numérico,numerico,20,$,SI,obligatorio,>0,,,,sin-cruce,publico-propuesto,,PDF_TABLA,43,false,H10;H11
VF-c48acae9,INSTRUCTIVO_COMERCIAL_39945_2017,,RESOLUCION SSPD 20171300039945 DE 2017,FORMATO EJECUCIÓN DE DEVOLUCIONES POR COBROS NO AUTORIZADOS.,5,Forma en que realizó la devolución,Forma en que realizó la devolución. Se debe registrar a través de cual mecanismo se realizó,Numérico,numerico,1,,SI,obligatorio,1  -> Cuenta Contrato. 2 -> Otro (Solo en el caso en el que la cuenta contrato no existiera al momento de la devolución).,,,,sin-cruce,publico-propuesto,,PDF_TABLA,44,false,H10;H11
VF-c9327e16,INSTRUCTIVO_COMERCIAL_39945_2017,,RESOLUCION SSPD 20171300039945 DE 2017,FORMATO EJECUCIÓN DE DEVOLUCIONES POR COBROS NO AUTORIZADOS.,6,Fecha inicio de la devolución,,Fecha,fecha,10,,SI,obligatorio,dd-mm-aaaa,,>01/07/2016,,sin-cruce,publico-propuesto,,PDF_TABLA,44,false,H10;H11
VF-b00c0b79,INSTRUCTIVO_COMERCIAL_39945_2017,,RESOLUCION SSPD 20171300039945 DE 2017,FORMATO EJECUCIÓN DE DEVOLUCIONES POR COBROS NO AUTORIZADOS.,7,Fecha final de la devolución,Fecha final de la devolución: Se registrará la fecha exacta en la que se finaliza la devolución,Fecha,fecha,10,,SI,obligatorio,dd-mm-aaaa,,>01/07/2016,,sin-cruce,publico-propuesto,,PDF_TABLA,44,false,H10;H11
VF-26ee6288,INSTRUCTIVO_COMERCIAL_39945_2017,,RESOLUCION SSPD 20171300039945 DE 2017,FORMATO FACTURACIÓN ACUEDUCTO,1,NUIS,Número Único de Identificación del Suscriptor - NUIS. Corresponde al número único,,sin-dato,40,Alfanumérico,SI,obligatorio,,,,,sin-cruce,restringido-propuesto,dato personal · identificador de suscriptor,PDF_TABLA,3,false,H10;H11
VF-dc3e9199,INSTRUCTIVO_COMERCIAL_39945_2017,,RESOLUCION SSPD 20171300039945 DE 2017,FORMATO FACTURACIÓN ACUEDUCTO,2,Código DANE departamento,Código DANE departamento: Hace referencia al departamento donde el usuario o suscriptor,Numérico,numerico,2,,SI,obligatorio,00 hasta 99,,,,sin-cruce,publico-propuesto,,PDF_TABLA,3,false,H10;H11
VF-414ff1f2,INSTRUCTIVO_COMERCIAL_39945_2017,,RESOLUCION SSPD 20171300039945 DE 2017,FORMATO FACTURACIÓN ACUEDUCTO,3,Código DANE municipio,Código DANE municipio: Hace referencia al municipio donde el usuario o suscriptor recibe el,Numérico,numerico,3,,SI,obligatorio,000 hasta 999,,,,sin-cruce,publico-propuesto,,PDF_TABLA,3,false,H10;H11
VF-6e43e51a,INSTRUCTIVO_COMERCIAL_39945_2017,,RESOLUCION SSPD 20171300039945 DE 2017,FORMATO FACTURACIÓN ACUEDUCTO,4,Código DANE centro poblado,Código DANE centro poblado: Hace referencia al centro poblado donde el usuario o,Numérico,numerico,3,,SI,obligatorio,000 hasta 999,,,,sin-cruce,publico-propuesto,,PDF_TABLA,4,false,H10;H11
VF-22e7eafa,INSTRUCTIVO_COMERCIAL_39945_2017,,RESOLUCION SSPD 20171300039945 DE 2017,FORMATO FACTURACIÓN ACUEDUCTO,5,Información predial utilizada,Información predial utilizada: El prestador deberá indicar de conformidad con la siguiente,Numérico,numerico,1,,SI,obligatorio,1 -> Número Predial Nacional 2 -> Información predial de cada catastro 3 -> Predio sin homologar,,,,sin-cruce,restringido-propuesto,dato personal · identificador predial,PDF_TABLA,4,false,H10;H11
VF-ac653e90,INSTRUCTIVO_COMERCIAL_39945_2017,,RESOLUCION SSPD 20171300039945 DE 2017,FORMATO FACTURACIÓN ACUEDUCTO,6,Número Predial Nacional o Información predial catastral,Número Predial Nacional o información predial catastral: El número predial nacional para,Alfanumérico,alfanumerico,Hasta 56,,NO,opcional,,,"En caso de que la Columna 5 indique 1 la longitud del campo debe ser 30 dígitos, si se indica 2 la longitud del campo debe estar entre 21 y 56 dígitos; y si la columna 5 indica 3 se debe dejar vacío el campo.",,sin-cruce,restringido-propuesto,dato personal · identificador predial,PDF_TABLA,4,false,H10;H11
VF-38511240,INSTRUCTIVO_COMERCIAL_39945_2017,,RESOLUCION SSPD 20171300039945 DE 2017,FORMATO FACTURACIÓN ACUEDUCTO,7,ID sistema,ID sistema: Identificador numérico único generado por el aplicativo de reporte del NMT que se,Numérico,numerico,4,,,sin-dato,00 hasta 9999,,,,sin-cruce,publico-propuesto,,PDF_TABLA,4,false,H10;H11
VF-287a62bc,INSTRUCTIVO_COMERCIAL_39945_2017,,RESOLUCION SSPD 20171300039945 DE 2017,FORMATO FACTURACIÓN ACUEDUCTO,8,Ruta de lectura,Ruta de lectura: Corresponde a la ruta identificada por el prestador para la lectura de,Alfanumérico,alfanumerico,20,,SI,obligatorio,,,,,sin-cruce,publico-propuesto,,PDF_TABLA,4,false,H10;H11
VF-6647f185,INSTRUCTIVO_COMERCIAL_39945_2017,,RESOLUCION SSPD 20171300039945 DE 2017,FORMATO FACTURACIÓN ACUEDUCTO,9,Dirección del predio,"Dirección del predio. Corresponde a la dirección del domicilio del suscriptor, proveniente del",Alfanumérico,alfanumerico,36,,SI,obligatorio,,,,,sin-cruce,restringido-propuesto,dato personal · dirección,PDF_TABLA,5,false,H10;H11
VF-71bcbf12,INSTRUCTIVO_COMERCIAL_39945_2017,,RESOLUCION SSPD 20171300039945 DE 2017,FORMATO FACTURACIÓN ACUEDUCTO,10,Tipo de facturación,"Tipo de facturación. Corresponde a la periodicidad de facturación de la empresa, para tal",Numérico,numerico,1,,SI,obligatorio,1 -> Mensual 2 -> Bimestral 3  ->  Pago Anticipado 4 ->  Otro,,,,sin-cruce,publico-propuesto,,PDF_TABLA,5,false,H10;H11
VF-51c87aa6,INSTRUCTIVO_COMERCIAL_39945_2017,,RESOLUCION SSPD 20171300039945 DE 2017,FORMATO FACTURACIÓN ACUEDUCTO,11,Número de factura,"Número de factura. En este campo debe diligenciar el número de factura, el cual corresponde",Alfanumérico,alfanumerico,40,,SI,obligatorio,,,,,sin-cruce,publico-propuesto,,PDF_TABLA,5,false,H10;H11
VF-4ca4bec8,INSTRUCTIVO_COMERCIAL_39945_2017,,RESOLUCION SSPD 20171300039945 DE 2017,FORMATO FACTURACIÓN ACUEDUCTO,12,Fecha de expedición de la factura,Fecha de expedición de la factura. Se refiere a la fecha de expedición de la factura en,Fecha,fecha,10,,SI,obligatorio,,,La fecha de facturación debe corresponder al mes y año del Formato,,sin-cruce,publico-propuesto,,PDF_TABLA,5,false,H10;H11
VF-8c82892d,INSTRUCTIVO_COMERCIAL_39945_2017,,RESOLUCION SSPD 20171300039945 DE 2017,FORMATO FACTURACIÓN ACUEDUCTO,13,Fecha inicio de período de facturación,Fecha inicio de período de facturación. Corresponde a la fecha desde la cual se comienza,Fecha,fecha,10,,SI,obligatorio,,,El inicio del periodo de facturación debe ser menor a la fecha de expedición de la factura.,,sin-cruce,publico-propuesto,,PDF_TABLA,5,false,H10;H11
VF-0ded0ee1,INSTRUCTIVO_COMERCIAL_39945_2017,,RESOLUCION SSPD 20171300039945 DE 2017,FORMATO FACTURACIÓN ACUEDUCTO,14,Presentó más de 15 días consecutivos en el periodo sin prestación,Presentó más de 15 días consecutivos en el periodo sin prestación: Espacio para,Numérico,numerico,1,,SI,obligatorio,1  ->  Si 2  ->  No,,,,sin-cruce,publico-propuesto,,PDF_TABLA,5,false,H10;H11
VF-de784c9e,INSTRUCTIVO_COMERCIAL_39945_2017,,RESOLUCION SSPD 20171300039945 DE 2017,FORMATO FACTURACIÓN ACUEDUCTO,15,Días facturados,Días facturados. Corresponde al número de días facturados en el período. No se deben,Numérico,numerico,2,,SI,obligatorio,>0,,,,sin-cruce,publico-propuesto,,PDF_TABLA,6,false,H10;H11
VF-d896c176,INSTRUCTIVO_COMERCIAL_39945_2017,,RESOLUCION SSPD 20171300039945 DE 2017,FORMATO FACTURACIÓN ACUEDUCTO,16,Código Clase de uso,Código Clase de uso. Corresponde a la clasificación definida para el usuario residencial y,Numérico,numerico,2,,SI,obligatorio,1  -> Bajo-Bajo 2  -> Bajo 3  -> Medio- Bajo 4  -> Medio 5  -> Medio-Alto 6 -> Alto 10 -> Industrial 11 -> Comercial 12 -> Oficial 13 -> Especial 14 -> Temporal 15 -> Provisional,,,,sin-cruce,publico-propuesto,,PDF_TABLA,6,false,H10;H11
VF-319254aa,INSTRUCTIVO_COMERCIAL_39945_2017,,RESOLUCION SSPD 20171300039945 DE 2017,FORMATO FACTURACIÓN ACUEDUCTO,17,Unidades residenciales independientes.,Unidades residenciales independientes. Hace referencia al número de unidades,Numérico,numerico,3,,NO,opcional,,,,,sin-cruce,publico-propuesto,,PDF_TABLA,6,false,H10;H11
VF-35492897,INSTRUCTIVO_COMERCIAL_39945_2017,,RESOLUCION SSPD 20171300039945 DE 2017,FORMATO FACTURACIÓN ACUEDUCTO,18,Unidades no residenciales independientes,Unidades no residenciales independientes. Hace referencia al número de unidades NO,Numérico,numerico,3,,NO,opcional,,,,,sin-cruce,publico-propuesto,,PDF_TABLA,7,false,H10;H11
VF-f0861b64,INSTRUCTIVO_COMERCIAL_39945_2017,,RESOLUCION SSPD 20171300039945 DE 2017,FORMATO FACTURACIÓN ACUEDUCTO,19,Hogar comunitario o sustituto,Hogar comunitario o sustituto. Corresponde a la clasificación de los hogares sustitutos y,Numérico,numerico,1,,SI,obligatorio,0  ->  No es hogar comunitario o sustituto. 1  ->  Es un hogar comunitario o sustituto.,,,,sin-cruce,publico-propuesto,,PDF_TABLA,7,false,H10;H11
VF-af5c6d3f,INSTRUCTIVO_COMERCIAL_39945_2017,,RESOLUCION SSPD 20171300039945 DE 2017,FORMATO FACTURACIÓN ACUEDUCTO,21,Serial del medidor,Serial del Medidor: Debe indicar el serial del instrumento de medición que tiene instalado el,Alfanumérico,alfanumerico,20,,SI,obligatorio,0  ->  Predio sin condiciones especiales 1  ->  Es VIP 2  -> EDU 3  ->  VIP y EDU,,,,sin-cruce,publico-propuesto,,PDF_TABLA,8,false,H10;H11
VF-35d153a3,INSTRUCTIVO_COMERCIAL_39945_2017,,RESOLUCION SSPD 20171300039945 DE 2017,FORMATO FACTURACIÓN ACUEDUCTO,22,Estado del medidor,Estado del medidor. Corresponde a las condiciones en que se encuentra el instrumento de,Numérico,numerico,1,,SI,obligatorio,1  ->  Medidor en buen estado 2  ->  Medidor dañado 3  ->  Sin medidor,,,,sin-cruce,publico-propuesto,,PDF_TABLA,8,false,H10;H11
VF-911e1174,INSTRUCTIVO_COMERCIAL_39945_2017,,RESOLUCION SSPD 20171300039945 DE 2017,FORMATO FACTURACIÓN ACUEDUCTO,23,Determinación del consumo,Determinación del consumo. Corresponde a la forma como se determinó el consumo del,Numérico,numerico,1,,SI,obligatorio,1  ->  Medidor leído 2  ->  Medición por promedio 3  ->  Suscriptor Suspendido 4  ->  Suscriptor con corte del servicio. 5  ->  Pago anticipado,,Valor = 1 a 5,,sin-cruce,publico-propuesto,,PDF_TABLA,8,false,H10;H11
VF-16b3553f,INSTRUCTIVO_COMERCIAL_39945_2017,,RESOLUCION SSPD 20171300039945 DE 2017,FORMATO FACTURACIÓN ACUEDUCTO,24,Lectura anterior,Lectura anterior. Lectura del medidor tomada en la fecha de inicio del período de facturación.,Numérico,numerico,10,,SI,obligatorio,>=0,,,,sin-cruce,publico-propuesto,,PDF_TABLA,8,false,H10;H11
VF-ca536862,INSTRUCTIVO_COMERCIAL_39945_2017,,RESOLUCION SSPD 20171300039945 DE 2017,FORMATO FACTURACIÓN ACUEDUCTO,25,Lectura actual,Lectura actual. Lectura del medidor tomada en la fecha fin del período de facturación.,Numérico,numerico,10,,SI,obligatorio,>=0,,,,sin-cruce,publico-propuesto,,PDF_TABLA,8,false,H10;H11
VF-c8340fb1,INSTRUCTIVO_COMERCIAL_39945_2017,,RESOLUCION SSPD 20171300039945 DE 2017,FORMATO FACTURACIÓN ACUEDUCTO,26,Consumo del periodo en metros cúbicos (m3),Consumo del período en metros cúbicos (m3). Es el consumo en metros cúbicos que es,Numérico,numerico,6,m3,SI,obligatorio,>=0,,En el caso que determinación del consumo sea = 1 este valor debe ser la diferencia de los campos 25 menos 24.,,sin-cruce,publico-propuesto,,PDF_TABLA,9,false,H10;H11
VF-433770a0,INSTRUCTIVO_COMERCIAL_39945_2017,,RESOLUCION SSPD 20171300039945 DE 2017,FORMATO FACTURACIÓN ACUEDUCTO,27,Consumo subsidiado del periodo en metros cúbicos (m3),Consumo subsidiado del periodo en metros cúbicos (m3). Es el consumo en metros,Numérico,numerico,6,m3,SI,obligatorio,>=0,,,,sin-cruce,publico-propuesto,,PDF_TABLA,9,false,H10;H11
VF-438c9ffb,INSTRUCTIVO_COMERCIAL_39945_2017,,RESOLUCION SSPD 20171300039945 DE 2017,FORMATO FACTURACIÓN ACUEDUCTO,28,CMA($/suscriptor),CMA ($/suscriptor). Corresponde al valor en pesos por Costo Medio de Administración,Decimal,decimal,23,$,SI,obligatorio,>=0,,,,sin-cruce,publico-propuesto,,PDF_TABLA,9,false,H10;H11
VF-cab52448,INSTRUCTIVO_COMERCIAL_39945_2017,,RESOLUCION SSPD 20171300039945 DE 2017,FORMATO FACTURACIÓN ACUEDUCTO,29,CMO ($/m3),CMO ($/m3). Corresponde al valor en pesos por Costo Medio de Operación aplicado en la,Decimal,decimal,23,$,SI,obligatorio,>=0,,,,sin-cruce,publico-propuesto,,PDF_TABLA,9,false,H10;H11
VF-0b6dc175,INSTRUCTIVO_COMERCIAL_39945_2017,,RESOLUCION SSPD 20171300039945 DE 2017,FORMATO FACTURACIÓN ACUEDUCTO,30,CMI ($/m3),CMI ($/m3). Corresponde al valor en pesos por Costo Medio de Inversión aplicado en la,Decimal,decimal,23,$,SI,obligatorio,>=0,,,,sin-cruce,publico-propuesto,,PDF_TABLA,10,false,H10;H11
VF-6b28cfc4,INSTRUCTIVO_COMERCIAL_39945_2017,,RESOLUCION SSPD 20171300039945 DE 2017,FORMATO FACTURACIÓN ACUEDUCTO,31,CMT ($/m3),CMT ($/m3). Corresponde al valor en pesos por costo medio generado por tasas ambientales,Decimal,decimal,23,$,SI,obligatorio,>=0,,,,sin-cruce,publico-propuesto,,PDF_TABLA,10,false,H10;H11
VF-6b3eaf67,INSTRUCTIVO_COMERCIAL_39945_2017,,RESOLUCION SSPD 20171300039945 DE 2017,FORMATO FACTURACIÓN ACUEDUCTO,32,Valores por consumo excesivo ($).,Valores por consumo excesivo ($).Una vez la entidad competente defina las medidas para,Numérico,numerico,20,$,SI,obligatorio,>=0,,,,sin-cruce,publico-propuesto,,PDF_TABLA,10,false,H10;H11
VF-b183520a,INSTRUCTIVO_COMERCIAL_39945_2017,,RESOLUCION SSPD 20171300039945 DE 2017,FORMATO FACTURACIÓN ACUEDUCTO,33,Factor de subsidio o contribución cargo fijo,Factor de subsidio o contribución cargo fijo. Corresponde al factor de subsidio o,Decimal,decimal,5,,SI,obligatorio,-0.700 a 9.999,,"TOPE TOPE CÓDIGO ESTRATO MIN MAX 1 Bajo-Bajo 0.000 -0.700 2 Bajo 0.000 -0.400 Medio- 3 0.000 -0.150 Bajo 4 Medio 0.000 0.000 5 Medio-Alto 0.500 0.000 6 Alto 0.600 0.000 10 Industrial 0.300 0.000 11 Comercial 0.500 0.000 12 Oficial 0.000 0.000 Adicionalmente no se debe registrar un factor diferente para una misma clase de uso, en la misma APS y se debe tener en cuenta que todos los suscriptores marcados con 1 en VIP y hogar comunitario deben tener el mismo factor del estrato Para los casos de suscriptores con unidades independentes, si corresponden al mismo estrato o uso se deberá dejar el factor aplicado, y si tienen diferentes usos deberá sumar el factor del subsidio más el factor de la contribución y reportar el resultado.",,sin-cruce,publico-propuesto,,PDF_TABLA,10,false,H10;H11
VF-9b88c171,INSTRUCTIVO_COMERCIAL_39945_2017,,RESOLUCION SSPD 20171300039945 DE 2017,FORMATO FACTURACIÓN ACUEDUCTO,34,Valor de subsidio o contribución cargo fijo ($),Valor de subsidio o contribución cargo fijo ($). Corresponde al valor en pesos de subsidio,Decimal,decimal,23,$,SI,obligatorio,Negativos y Positivos,,Si corresponde a un subsidio registrar el valor con signo negativo. Si corresponde a una contribución registrar el valor con signo positivo. En el caso de corresponder a un suscriptor con unidades residenciales y no residenciales se debe reportar el valor de contribución menos el subsidio.,,sin-cruce,publico-propuesto,,PDF_TABLA,11,false,H10;H11
VF-cad97b1b,INSTRUCTIVO_COMERCIAL_39945_2017,,RESOLUCION SSPD 20171300039945 DE 2017,FORMATO FACTURACIÓN ACUEDUCTO,35,Factor de subsidio o contribución cargo fijo,,Decimal,decimal,5,,SI,obligatorio,-0.700 a 9.999,,"TOPE TOPE CÓDIGO ESTRATO MIN MAX 1 Bajo-Bajo 0.000 -0.700 2 Bajo 0.000 -0.400 Medio- 3 0.000 -0.150 Bajo 4 Medio 0.000 0.000 5 Medio-Alto 0.500 0.000 6 Alto 0.600 0.000 10 Industrial 0.300 0.000 11 Comercial 0.500 0.000 12 Oficial 0.000 0.000 Adicionalmente no se debe registrar un factor diferente para una misma clase de uso, en la misma APS y se debe tener en cuenta que todos los suscriptores marcados con 1 en VIP y hogar comunitario deben tener el mismo factor del estrato Para los casos de suscriptores con unidades independentes, si corresponden al mismo estrato o uso se deberá dejar el factor aplicado, y si tienen diferentes usos deberá sumar el factor del subsidio más el factor de la contribución y reportar el resultado.",,sin-cruce,publico-propuesto,,PDF_TABLA,11,false,H10;H11
VF-f9eba6bf,INSTRUCTIVO_COMERCIAL_39945_2017,,RESOLUCION SSPD 20171300039945 DE 2017,FORMATO FACTURACIÓN ACUEDUCTO,36,Valor de subsidio o contribución consumo ($).,Valor de subsidio o contribución consumo ($). Corresponde al valor de subsidio o,Decimal,decimal,24,$,SI,obligatorio,Negativos y Positivos,,Si corresponde a un subsidio registrar el valor con signo negativo. Si corresponde a una contribución registrar el valor con signo positivo. En el caso de corresponder a un suscriptor con unidades residenciales y no residenciales se debe reportar el valor de contribución menos el subsidio.,,sin-cruce,publico-propuesto,,PDF_TABLA,11,false,H10;H11
VF-1e4a34a4,INSTRUCTIVO_COMERCIAL_39945_2017,,RESOLUCION SSPD 20171300039945 DE 2017,FORMATO FACTURACIÓN ACUEDUCTO,37,Cargo por conexión ($).,Cargo por conexión ($). Cargo cobrado al usuario por la conexión al servicio.,Numérico,numerico,20,,NO,opcional,>=0,,,,sin-cruce,publico-propuesto,,PDF_TABLA,12,false,H10;H11
VF-b5f30689,INSTRUCTIVO_COMERCIAL_39945_2017,,RESOLUCION SSPD 20171300039945 DE 2017,FORMATO FACTURACIÓN ACUEDUCTO,38,Cargos por reconexión ($),,Numérico,numerico,20,,NO,opcional,>=0,,,,sin-cruce,publico-propuesto,,PDF_TABLA,12,false,H10;H11
VF-314868dd,INSTRUCTIVO_COMERCIAL_39945_2017,,RESOLUCION SSPD 20171300039945 DE 2017,FORMATO FACTURACIÓN ACUEDUCTO,39,Cargos por reinstalación ($),,Numérico,numerico,20,,NO,opcional,>=0,,,,sin-cruce,publico-propuesto,,PDF_TABLA,12,false,H10;H11
VF-5d6fb249,INSTRUCTIVO_COMERCIAL_39945_2017,,RESOLUCION SSPD 20171300039945 DE 2017,FORMATO FACTURACIÓN ACUEDUCTO,40,Cargos por suspensión ($),,Numérico,numerico,20,,NO,opcional,>=0,,,,sin-cruce,publico-propuesto,,PDF_TABLA,12,false,H10;H11
VF-171f2be8,INSTRUCTIVO_COMERCIAL_39945_2017,,RESOLUCION SSPD 20171300039945 DE 2017,FORMATO FACTURACIÓN ACUEDUCTO,41,Cargos por corte ($),,Numérico,numerico,20,,NO,opcional,>=0,,,,sin-cruce,publico-propuesto,,PDF_TABLA,12,false,H10;H11
VF-14dd7d0c,INSTRUCTIVO_COMERCIAL_39945_2017,,RESOLUCION SSPD 20171300039945 DE 2017,FORMATO FACTURACIÓN ACUEDUCTO,42,Saldos a favor del usuario ($),Saldos a favor del usuario ($). Son aquellos montos a favor del usuario como por ejemplo,Numérico,numerico,20,,NO,opcional,>=0,,,,sin-cruce,publico-propuesto,,PDF_TABLA,12,false,H10;H11
VF-da9a82c9,INSTRUCTIVO_COMERCIAL_39945_2017,,RESOLUCION SSPD 20171300039945 DE 2017,FORMATO FACTURACIÓN ACUEDUCTO,43,Días de mora,Días de mora. Número de días que el usuario se encuentra atrasado en el pago.,Numérico,numerico,4,,NO,opcional,,,,,sin-cruce,publico-propuesto,,PDF_TABLA,12,false,H10;H11
VF-70deac63,INSTRUCTIVO_COMERCIAL_39945_2017,,RESOLUCION SSPD 20171300039945 DE 2017,FORMATO FACTURACIÓN ACUEDUCTO,44,Valor de mora ($),Valor de mora ($). Corresponde al valor en pesos pendiente de pago por parte del usuario o,Numérico,numerico,20,,NO,opcional,,,"Si el campo días de mora es > 0, el campo Valor mora debe ser >0.",,sin-cruce,publico-propuesto,,PDF_TABLA,13,false,H10;H11
VF-1a45ba13,INSTRUCTIVO_COMERCIAL_39945_2017,,RESOLUCION SSPD 20171300039945 DE 2017,FORMATO FACTURACIÓN ACUEDUCTO,45,Intereses por mora ($),Intereses por mora ($). Corresponde al valor en pesos de los intereses de mora facturados,Numérico,numerico,20,,NO,opcional,,,"Si el campo días de mora es > 0, el campo Valor mora debe ser >0.",,sin-cruce,publico-propuesto,,PDF_TABLA,13,false,H10;H11
VF-4528e842,INSTRUCTIVO_COMERCIAL_39945_2017,,RESOLUCION SSPD 20171300039945 DE 2017,FORMATO FACTURACIÓN ACUEDUCTO,46,Descuentos ($),Descuentos ($).Corresponde al valor a descontar en la factura por descuentos asociados a,Numérico,numerico,20,,NO,opcional,>=0,,,,sin-cruce,publico-propuesto,,PDF_TABLA,13,false,H10;H11
VF-043919ef,INSTRUCTIVO_COMERCIAL_39945_2017,,RESOLUCION SSPD 20171300039945 DE 2017,FORMATO FACTURACIÓN ACUEDUCTO,47,Valor en pesos de intereses reconocidos por Descuentos ($).,Valor en pesos de intereses reconocidos por descuentos ($).Corresponde al valor a,Numérico,numerico,20,,NO,opcional,>=0,,,,sin-cruce,publico-propuesto,,PDF_TABLA,13,false,H10;H11
VF-a0baa4d8,INSTRUCTIVO_COMERCIAL_39945_2017,,RESOLUCION SSPD 20171300039945 DE 2017,FORMATO FACTURACIÓN ACUEDUCTO,48,Otros cobros ($),Otros cobros ($). Valor en pesos facturado al usuario por conceptos diferentes a la tarifa del,Numérico,numerico,20,,NO,opcional,>=0,,,,sin-cruce,publico-propuesto,,PDF_TABLA,13,false,H10;H11
VF-f144ea37,INSTRUCTIVO_COMERCIAL_39945_2017,,RESOLUCION SSPD 20171300039945 DE 2017,FORMATO FACTURACIÓN ACUEDUCTO,49,Devoluciones por cobros no autorizados ($).,Devoluciones por cobros no autorizados ($).Valor de las devoluciones asociadas a cobros,Numérico,numerico,20,,SI,obligatorio,,,,,sin-cruce,publico-propuesto,,PDF_TABLA,13,false,H10;H11
VF-85fc5914,INSTRUCTIVO_COMERCIAL_39945_2017,,RESOLUCION SSPD 20171300039945 DE 2017,FORMATO FACTURACIÓN ACUEDUCTO,50,Total cobro acueducto,,Numérico,numerico,20,,SI,obligatorio,>= 0,,Debe corresponde al total facturado teniendo en cuenta la mora,,sin-cruce,publico-propuesto,,PDF_TABLA,14,false,H10;H11
VF-b8842f93,INSTRUCTIVO_COMERCIAL_39945_2017,,RESOLUCION SSPD 20171300039945 DE 2017,FORMATO FACTURACIÓN ACUEDUCTO,51,Recaudo al momento del reporte relacionado con la factura ($),Recaudo al momento del reporte relacionado con la factura ($). Corresponde al valor,Numérico,numerico,20,,NO,opcional,,,,,sin-cruce,publico-propuesto,,PDF_TABLA,14,false,H10;H11
VF-5552fa47,INSTRUCTIVO_COMERCIAL_39945_2017,,RESOLUCION SSPD 20171300039945 DE 2017,FORMATO FACTURACIÓN ALCANTARILLADO,1,NUIS,Número Único de Identificación del Suscriptor - NUIS. Corresponde al número único,,sin-dato,40,Alfanumérico,SI,obligatorio,,,,1058,exacta,restringido-propuesto,dato personal · identificador de suscriptor,PDF_TABLA,15,false,H10
VF-8e12bd96,INSTRUCTIVO_COMERCIAL_39945_2017,,RESOLUCION SSPD 20171300039945 DE 2017,FORMATO FACTURACIÓN ALCANTARILLADO,2,Código DANE Departamento,Código DANE departamento: Hace referencia al departamento donde el usuario o suscriptor,Numérico,numerico,2,,SI,obligatorio,00 hasta 99,,,1058,exacta,publico-propuesto,,PDF_TABLA,15,false,H10
VF-8264aa3a,INSTRUCTIVO_COMERCIAL_39945_2017,,RESOLUCION SSPD 20171300039945 DE 2017,FORMATO FACTURACIÓN ALCANTARILLADO,3,Código DANE municipio,Código DANE municipio: Hace referencia al municipio donde el usuario o suscriptor recibe el,Numérico,numerico,3,,SI,obligatorio,000 hasta 999,,,1058,exacta,publico-propuesto,,PDF_TABLA,15,false,H10
VF-d7291889,INSTRUCTIVO_COMERCIAL_39945_2017,,RESOLUCION SSPD 20171300039945 DE 2017,FORMATO FACTURACIÓN ALCANTARILLADO,4,Código DANE Centro poblado,Código DANE centro poblado: Hace referencia al centro poblado donde el usuario o,,sin-dato,,,,sin-dato,,,,1058,exacta,publico-propuesto,,PDF_TABLA,15,false,H10
VF-9f60e730,INSTRUCTIVO_COMERCIAL_39945_2017,,RESOLUCION SSPD 20171300039945 DE 2017,FORMATO FACTURACIÓN ALCANTARILLADO,5,Información Predial utilizada,Información predial utilizada: El prestador deberá indicar de conformidad con la siguiente,Numérico,numerico,1,,SI,obligatorio,1  ->  Número Predial Nacional 2  ->  Información predial de cada catastro 3  ->  Predio sin homologar,,,1058,exacta,restringido-propuesto,dato personal · identificador predial,PDF_TABLA,16,false,H10
VF-c48ee1b3,INSTRUCTIVO_COMERCIAL_39945_2017,,RESOLUCION SSPD 20171300039945 DE 2017,FORMATO FACTURACIÓN ALCANTARILLADO,6,Número Predial Nacional o información predial catastral,Número Predial Nacional o información predial catastral: El número predial nacional para,Alfanumérico,alfanumerico,Hasta 56,,NO,opcional,,,"En caso de que la Columna 5 indique 1 la longitud del campo debe ser 30 dígitos, si se indica 2 la longitud del campo debe estar entre 21 y 56 dígitos; y si la columna 5 indica 3 se debe dejar vacío el campo.",1058,exacta,restringido-propuesto,dato personal · identificador predial,PDF_TABLA,16,false,H10
VF-13227a66,INSTRUCTIVO_COMERCIAL_39945_2017,,RESOLUCION SSPD 20171300039945 DE 2017,FORMATO FACTURACIÓN ALCANTARILLADO,7,ID Sistema,ID Sistema: Identificador numérico único generado por el aplicativo de reporte del NMT que,Numérico,numerico,4,,,sin-dato,00 hasta 9999,,,1058,exacta,publico-propuesto,,PDF_TABLA,16,false,H10
VF-0c41abc3,INSTRUCTIVO_COMERCIAL_39945_2017,,RESOLUCION SSPD 20171300039945 DE 2017,FORMATO FACTURACIÓN ALCANTARILLADO,8,Ruta de lectura,Ruta de lectura: Corresponde a la ruta identificada por el prestador para la lectura de,Alfanumérico,alfanumerico,20,,SI,obligatorio,,,,1058,exacta,publico-propuesto,,PDF_TABLA,16,false,H10
VF-fcdbd144,INSTRUCTIVO_COMERCIAL_39945_2017,,RESOLUCION SSPD 20171300039945 DE 2017,FORMATO FACTURACIÓN ALCANTARILLADO,9,Dirección del predio,"Dirección del predio. Corresponde a la dirección del domicilio del suscriptor, proveniente del",Alfanumérico,alfanumerico,36,,SI,obligatorio,,,,1058,exacta,restringido-propuesto,dato personal · dirección,PDF_TABLA,16,false,H10
VF-ee003578,INSTRUCTIVO_COMERCIAL_39945_2017,,RESOLUCION SSPD 20171300039945 DE 2017,FORMATO FACTURACIÓN ALCANTARILLADO,10,Tipo de facturación,"Tipo de facturación. Corresponde a la periodicidad de facturación de la empresa, para tal",Numérico,numerico,1,,SI,obligatorio,1 -> Mensual 2 -> Bimestral 3  ->  Pago Anticipado 4 ->  Otro,,,1058,exacta,publico-propuesto,,PDF_TABLA,17,false,H10
VF-dce5e30b,INSTRUCTIVO_COMERCIAL_39945_2017,,RESOLUCION SSPD 20171300039945 DE 2017,FORMATO FACTURACIÓN ALCANTARILLADO,11,Número de factura,"Número de factura. En este campo debe diligenciar el número de factura, el cual corresponde",Alfanumérico,alfanumerico,40,,SI,obligatorio,,,,1058,exacta,publico-propuesto,,PDF_TABLA,17,false,H10
VF-8c0eb06d,INSTRUCTIVO_COMERCIAL_39945_2017,,RESOLUCION SSPD 20171300039945 DE 2017,FORMATO FACTURACIÓN ALCANTARILLADO,12,Fecha de expedición de la factura,Fecha de expedición de la factura. Se refiere a la fecha de expedición de la factura en,Fecha,fecha,10,,SI,obligatorio,,,La fecha de facturación debe corresponder al mes y año del Formato,1058,exacta,publico-propuesto,,PDF_TABLA,17,false,H10
VF-f9bd6823,INSTRUCTIVO_COMERCIAL_39945_2017,,RESOLUCION SSPD 20171300039945 DE 2017,FORMATO FACTURACIÓN ALCANTARILLADO,13,Fecha inicio de período de facturación,Fecha inicio de período de facturación. Corresponde a la fecha desde la cual se comienza,Fecha,fecha,10,,SI,obligatorio,,,El inicio del periodo de facturación debe ser menor a la fecha de expedición de la factura.,1058,exacta,publico-propuesto,,PDF_TABLA,17,false,H10
VF-17b3e745,INSTRUCTIVO_COMERCIAL_39945_2017,,RESOLUCION SSPD 20171300039945 DE 2017,FORMATO FACTURACIÓN ALCANTARILLADO,14,Presentó más de 15 días consecutivos en el periodo sin prestación,Presentó más de 15 días consecutivos en el periodo sin prestación: Presentó más de 15,Numérico,numerico,1,,SI,obligatorio,1 ->  Si 2 ->  No,,,1058,exacta,publico-propuesto,,PDF_TABLA,17,false,H10
VF-556cdab6,INSTRUCTIVO_COMERCIAL_39945_2017,,RESOLUCION SSPD 20171300039945 DE 2017,FORMATO FACTURACIÓN ALCANTARILLADO,15,Días facturados,Días facturados. Corresponde al número de días facturados en el período. No se deben,Numérico,numerico,2,,SI,obligatorio,>0,,,1058,exacta,publico-propuesto,,PDF_TABLA,17,false,H10
VF-a6b635fc,INSTRUCTIVO_COMERCIAL_39945_2017,,RESOLUCION SSPD 20171300039945 DE 2017,FORMATO FACTURACIÓN ALCANTARILLADO,16,Código Clase de uso,Código clase de uso. Corresponde a la clasificación definida para el usuario residencial y no,Numérico,numerico,2,,SI,obligatorio,1  -> Bajo-Bajo 2  -> Bajo 3  -> Medio- Bajo 4  -> Medio 5  -> Medio-Alto 6 -> Alto 10 -> Industrial 11 -> Comercial 12 -> Oficial 13 -> Especial 14 -> Temporal 15 -> Provisional,,,1058,exacta,publico-propuesto,,PDF_TABLA,18,false,H10
VF-1459d36c,INSTRUCTIVO_COMERCIAL_39945_2017,,RESOLUCION SSPD 20171300039945 DE 2017,FORMATO FACTURACIÓN ALCANTARILLADO,17,Unidades residenciales independientes.,Unidades residenciales independientes. Hace referencia al número de unidades,Numérico,numerico,3,,NO,opcional,,,,1058,exacta,publico-propuesto,,PDF_TABLA,18,false,H10
VF-5465b2aa,INSTRUCTIVO_COMERCIAL_39945_2017,,RESOLUCION SSPD 20171300039945 DE 2017,FORMATO FACTURACIÓN ALCANTARILLADO,18,Unidades no residenciales independientes,Unidades no residenciales independientes. Hace referencia al número de unidades NO,Numérico,numerico,3,,NO,opcional,,,,1058,exacta,publico-propuesto,,PDF_TABLA,19,false,H10
VF-9f16ced6,INSTRUCTIVO_COMERCIAL_39945_2017,,RESOLUCION SSPD 20171300039945 DE 2017,FORMATO FACTURACIÓN ALCANTARILLADO,19,Hogar comunitario o sustituto,Hogar comunitario o sustituto. Corresponde a la clasificación de los hogares sustitutos y,Numérico,numerico,1,,SI,obligatorio,0  ->  No es hogar comunitario o sustituto. 1  ->  Es un hogar comunitario o sustituto.,,,1058,exacta,publico-propuesto,,PDF_TABLA,19,false,H10
VF-2e037d8f,INSTRUCTIVO_COMERCIAL_39945_2017,,RESOLUCION SSPD 20171300039945 DE 2017,FORMATO FACTURACIÓN ALCANTARILLADO,20,Serial del medidor,,Alfanumérico,alfanumerico,20,,SI,obligatorio,0  ->  Predio sin condiciones especiales 1  ->  Es VIP 2  -> EDU 3  ->  VIP y EDU,,,1058,exacta,publico-propuesto,,PDF_TABLA,20,false,H10
VF-8c8e0a21,INSTRUCTIVO_COMERCIAL_39945_2017,,RESOLUCION SSPD 20171300039945 DE 2017,FORMATO FACTURACIÓN ALCANTARILLADO,21,Tipo de medición de vertimiento,"Tipo de medición de vertimiento: Se debe escoger el tipo de medición de vertimiento, de",Numérico,numerico,1,,SI,obligatorio,1 -> Con base en la medición del servicio de acueducto. 2 ->  Con base en consumos promedios de otros períodos del mismo suscriptor o usuario 3 ->  Con base en los consumos promedios de suscriptores o usuarios que estén en circunstancias similares. 4 -> Con base en aforos individuales 5 ->  Suscriptor Suspendido 6 ->  Suscriptor con corte del servicio 7 ->  Pago anticipado,,,1058,exacta,publico-propuesto,,PDF_TABLA,20,false,H10
VF-bec59d66,INSTRUCTIVO_COMERCIAL_39945_2017,,RESOLUCION SSPD 20171300039945 DE 2017,FORMATO FACTURACIÓN ALCANTARILLADO,22,Disponibilidad de fuente alterna,Disponibilidad de fuente alterna. Indique si para atender sus necesidades de consumo de,Numérico,numerico,1,,SI,obligatorio,1 -> SI 2  -> NO,,,1058,exacta,publico-propuesto,,PDF_TABLA,20,false,H10
VF-c42ab0ab,INSTRUCTIVO_COMERCIAL_39945_2017,,RESOLUCION SSPD 20171300039945 DE 2017,FORMATO FACTURACIÓN ALCANTARILLADO,23,El suscriptor cuenta con caracterización de vertimientos.,El suscriptor cuenta con caracterización de vertimientos. Se debe escoger si el suscriptor,Numérico,numerico,1,,SI,obligatorio,"1 -> No cuenta con caracterización, 0 -> Cuenta con caracterización.",,,1058,exacta,publico-propuesto,,PDF_TABLA,20,false,H10
VF-3f51ee0c,INSTRUCTIVO_COMERCIAL_39945_2017,,RESOLUCION SSPD 20171300039945 DE 2017,FORMATO FACTURACIÓN ALCANTARILLADO,24,CMA ($/suscriptor),,Decimal,decimal,23,$,SI,obligatorio,>=0,,Solo puede estar en 0 si en el campo ID=14 responde 1 de lo contrario debe ser mayor o igual a 0.,1058,exacta,publico-propuesto,,PDF_TABLA,20,false,H10
VF-c6638e70,INSTRUCTIVO_COMERCIAL_39945_2017,,RESOLUCION SSPD 20171300039945 DE 2017,FORMATO FACTURACIÓN ALCANTARILLADO,25,CMO ($/m3),CMO ($/m3). Corresponde al valor en pesos por Costo Medio de Operación aplicado en la,Decimal,decimal,23,$,SI,obligatorio,>=0,,,1058,exacta,publico-propuesto,,PDF_TABLA,21,false,H10
VF-172ab59d,INSTRUCTIVO_COMERCIAL_39945_2017,,RESOLUCION SSPD 20171300039945 DE 2017,FORMATO FACTURACIÓN ALCANTARILLADO,26,CMI ($/m3),CMI ($/m3). Corresponde al valor en pesos por Costo Medio de Inversión aplicado en la,Decimal,decimal,23,$,SI,obligatorio,>=0,,,1058,exacta,publico-propuesto,,PDF_TABLA,21,false,H10
VF-73882924,INSTRUCTIVO_COMERCIAL_39945_2017,,RESOLUCION SSPD 20171300039945 DE 2017,FORMATO FACTURACIÓN ALCANTARILLADO,27,CMT($/m3),CMT ($/m3). Corresponde al valor en pesos por costo medio generado por tasas ambientales,Decimal,decimal,23,$,SI,obligatorio,>=0,,,1058,exacta,publico-propuesto,,PDF_TABLA,21,false,H10
VF-7ecd4491,INSTRUCTIVO_COMERCIAL_39945_2017,,RESOLUCION SSPD 20171300039945 DE 2017,FORMATO FACTURACIÓN ALCANTARILLADO,28,Vertimiento del periodo en metros cúbicos (m3),Vertimiento del período en metros cúbicos (m3). Es el consumo en metros cúbicos que es,Numérico,numerico,10,m3,SI,obligatorio,>=0,,,1058,exacta,publico-propuesto,,PDF_TABLA,21,false,H10
VF-9778035c,INSTRUCTIVO_COMERCIAL_39945_2017,,RESOLUCION SSPD 20171300039945 DE 2017,FORMATO FACTURACIÓN ALCANTARILLADO,29,Vertimiento subsidiado del periodo en metros cúbicos (m3),Vertimiento subsidiado del periodo en metros cúbicos (m3). Es el consumo en metros,Numérico,numerico,10,,,sin-dato,,,,1058,exacta,publico-propuesto,,PDF_TABLA,21,false,H10
VF-99d4a0e2,INSTRUCTIVO_COMERCIAL_39945_2017,,RESOLUCION SSPD 20171300039945 DE 2017,FORMATO FACTURACIÓN ALCANTARILLADO,30,Factor de subsidio o contribución cargo fijo,Factor de subsidio o contribución cargo fijo. Corresponde al factor de subsidio o,Decimal,decimal,5,,SI,obligatorio,-0.700 a 9.999,,"TOPE TOPE CÓDIGO ESTRATO MIN MAX 1 Bajo-Bajo 0.000 -0.700 2 Bajo 0.000 -0.400 Medio- 3 0.000 -0.150 Bajo 4 Medio 0.000 0.000 5 Medio-Alto 0.500 0.000 6 Alto 0.600 0.000 10 Industrial 0.300 0.000 11 Comercial 0.500 0.000 12 Oficial 0.000 0.000 Adicionalmente no se debe registrar un factor diferente para una misma clase de uso, en la misma APS y se debe tener en cuenta que todos los suscriptores marcados con 1 en VIP y hogar comunitario deben tener el mismo factor del estrato Para los casos de suscriptores con unidades independentes, si corresponden al mismo estrato o uso se deberá dejar el factor aplicado, y si tienen diferentes usos deberá sumar el factor del subsidio más el factor de la contribución y reportar el resultado.",1058,exacta,publico-propuesto,,PDF_TABLA,22,false,H10
VF-81ed3c88,INSTRUCTIVO_COMERCIAL_39945_2017,,RESOLUCION SSPD 20171300039945 DE 2017,FORMATO FACTURACIÓN ALCANTARILLADO,31,Valor de subsidio o contribución cargo fijo,Valor de subsidio o contribución cargo fijo ($). Corresponde al valor en pesos de subsidio,Decimal,decimal,23,$,SI,obligatorio,Negativos y Positivos,,Si corresponde a un subsidio registrar el valor con signo negativo. Si corresponde a una contribución registrar el valor con signo positivo. En el caso de corresponder a un suscriptor con unidades residenciales y no residenciales se debe reportar el valor de contribución menos el subsidio.,1058,exacta,publico-propuesto,,PDF_TABLA,22,false,H10
VF-e18edce7,INSTRUCTIVO_COMERCIAL_39945_2017,,RESOLUCION SSPD 20171300039945 DE 2017,FORMATO FACTURACIÓN ALCANTARILLADO,32,Factor de subsidio o contribución consumo,Factor de subsidio o contribución consumo. Corresponde al factor de subsidio o,Decimal,decimal,5,,SI,obligatorio,-0.700 a 9.999,,,1058,exacta,publico-propuesto,,PDF_TABLA,22,false,H10
VF-83a7607e,INSTRUCTIVO_COMERCIAL_39945_2017,,RESOLUCION SSPD 20171300039945 DE 2017,FORMATO FACTURACIÓN ALCANTARILLADO,33,Valor de subsidio o contribución consumo ($),Valor de subsidio o contribución consumo ($). Corresponde al valor de subsidio o,Decimal,decimal,23,$,SI,obligatorio,Negativos y Positivos,,Si corresponde a un subsidio registrar el valor con signo negativo. Si corresponde a una contribución registrar el valor con signo positivo. En el caso de corresponder a un suscriptor con unidades residenciales y no residenciales se debe reportar el valor de contribución menos el subsidio.,1058,exacta,publico-propuesto,,PDF_TABLA,23,false,H10
VF-e7f67381,INSTRUCTIVO_COMERCIAL_39945_2017,,RESOLUCION SSPD 20171300039945 DE 2017,FORMATO FACTURACIÓN ALCANTARILLADO,34,Cargo por conexión ($),Cargo por conexión ($). Cargo cobrado al usuario por la conexión al servicio.,Numérico,numerico,20,,NO,opcional,>=0,,,1058,exacta,publico-propuesto,,PDF_TABLA,23,false,H10
VF-8760aad3,INSTRUCTIVO_COMERCIAL_39945_2017,,RESOLUCION SSPD 20171300039945 DE 2017,FORMATO FACTURACIÓN ALCANTARILLADO,35,Saldos a favor del usuario ($),Saldos a favor del usuario ($). Son aquellos montos a favor del usuario como por ejemplo,Numérico,numerico,20,,NO,opcional,>=0,,,1058,exacta,publico-propuesto,,PDF_TABLA,23,false,H10
VF-fb54324f,INSTRUCTIVO_COMERCIAL_39945_2017,,RESOLUCION SSPD 20171300039945 DE 2017,FORMATO FACTURACIÓN ALCANTARILLADO,36,Días de mora,Días de mora. Número de días que el usuario se encuentra atrasado en el pago.,Numérico,numerico,4,,NO,opcional,,,,1058,exacta,publico-propuesto,,PDF_TABLA,23,false,H10
VF-24684653,INSTRUCTIVO_COMERCIAL_39945_2017,,RESOLUCION SSPD 20171300039945 DE 2017,FORMATO FACTURACIÓN ALCANTARILLADO,37,Valor de mora ($),Valor de mora ($). Corresponde al valor en pesos pendiente de pago por parte del usuario o,Numérico,numerico,20,,NO,opcional,,,"Si el campo días de mora es > 0, el campo Valor mora debe ser >0.",1058,exacta,publico-propuesto,,PDF_TABLA,24,false,H10
VF-8b595218,INSTRUCTIVO_COMERCIAL_39945_2017,,RESOLUCION SSPD 20171300039945 DE 2017,FORMATO FACTURACIÓN ALCANTARILLADO,38,Intereses por mora ($),Intereses por mora ($). Corresponde al valor en pesos de los intereses de mora facturados,Numérico,numerico,20,,NO,opcional,,,"Si el campo días de mora es > 0, el campo Valor mora debe ser >0.",1058,exacta,publico-propuesto,,PDF_TABLA,24,false,H10
VF-28ebb86e,INSTRUCTIVO_COMERCIAL_39945_2017,,RESOLUCION SSPD 20171300039945 DE 2017,FORMATO FACTURACIÓN ALCANTARILLADO,39,Descuentos ($),Descuentos ($).Corresponde al valor a descontar en la factura por descuentos asociados a,Numérico,numerico,20,,NO,opcional,>=0,,,1058,exacta,publico-propuesto,,PDF_TABLA,24,false,H10
VF-e66eee95,INSTRUCTIVO_COMERCIAL_39945_2017,,RESOLUCION SSPD 20171300039945 DE 2017,FORMATO FACTURACIÓN ALCANTARILLADO,40,Valor en pesos de intereses reconocidos por descuentos ($).,Valor en pesos de intereses reconocidos por descuentos ($).Corresponde al valor a,Numérico,numerico,20,,NO,opcional,>=0,,,1058,exacta,publico-propuesto,,PDF_TABLA,24,false,H10
VF-4b0e9a3d,INSTRUCTIVO_COMERCIAL_39945_2017,,RESOLUCION SSPD 20171300039945 DE 2017,FORMATO FACTURACIÓN ALCANTARILLADO,41,Otros Cobros ($),Otros Cobros ($). Valor en pesos facturado al usuario por conceptos diferentes a la tarifa del,Numérico,numerico,20,,NO,opcional,>=0,,,1058,exacta,publico-propuesto,,PDF_TABLA,24,false,H10
VF-38f30562,INSTRUCTIVO_COMERCIAL_39945_2017,,RESOLUCION SSPD 20171300039945 DE 2017,FORMATO FACTURACIÓN ALCANTARILLADO,42,Devoluciones por cobros no autorizados ($).,Devoluciones por cobros no autorizados ($).Valor de las devoluciones asociadas a cobros,Numérico,numerico,20,,SI,obligatorio,,,,1058,exacta,publico-propuesto,,PDF_TABLA,24,false,H10
VF-c1b45358,INSTRUCTIVO_COMERCIAL_39945_2017,,RESOLUCION SSPD 20171300039945 DE 2017,FORMATO FACTURACIÓN ALCANTARILLADO,43,Total cobro alcantarillado ($),,Numérico,numerico,20,,SI,obligatorio,>= 0,,Debe corresponde al total facturado teniendo en cuenta la mora,1058,exacta,publico-propuesto,,PDF_TABLA,25,false,H10
VF-a39ea63d,INSTRUCTIVO_COMERCIAL_39945_2017,,RESOLUCION SSPD 20171300039945 DE 2017,FORMATO FACTURACIÓN ALCANTARILLADO,51,Recaudo al momento del reporte relacionado con la factura($),Recaudo al momento del reporte relacionado con la factura ($). Corresponde al valor,Numérico,numerico,20,,NO,opcional,,,,1058,exacta,publico-propuesto,,PDF_TABLA,25,false,H10
VF-6c5c5e4a,INSTRUCTIVO_COMERCIAL_39945_2017,,RESOLUCION SSPD 20171300039945 DE 2017,FORMATO FORMULACIÓN DE DEVOLUCIONES POR COBROS NO AUTORIZADOS.,1,Servicio,Servicio. Corresponde al servicio al cual corresponde la devolución con la siguiente,Numérico,numerico,1,,SI,obligatorio,1  -> Acueducto 2  -> Alcantarillado,,,,sin-cruce,publico-propuesto,,PDF_TABLA,40,false,H10;H11
VF-887fc221,INSTRUCTIVO_COMERCIAL_39945_2017,,RESOLUCION SSPD 20171300039945 DE 2017,FORMATO FORMULACIÓN DE DEVOLUCIONES POR COBROS NO AUTORIZADOS.,2,Código DANE departamento,Código DANE departamento: Hace referencia al departamento donde el usuario o suscriptor,Numérico,numerico,2,,SI,obligatorio,00 hasta 99,,,,sin-cruce,publico-propuesto,,PDF_TABLA,40,false,H10;H11
VF-83787d38,INSTRUCTIVO_COMERCIAL_39945_2017,,RESOLUCION SSPD 20171300039945 DE 2017,FORMATO FORMULACIÓN DE DEVOLUCIONES POR COBROS NO AUTORIZADOS.,3,Código DANE municipio,Código DANE municipio: Hace referencia al municipio donde el usuario o suscriptor recibe el,Numérico,numerico,,,,sin-dato,,,,,sin-cruce,publico-propuesto,,PDF_TABLA,40,false,H10;H11
VF-e275aa4a,INSTRUCTIVO_COMERCIAL_39945_2017,,RESOLUCION SSPD 20171300039945 DE 2017,FORMATO FORMULACIÓN DE DEVOLUCIONES POR COBROS NO AUTORIZADOS.,4,Código DANE centro poblado,Código DANE centro poblado: Hace referencia al centro poblado donde el usuario o,Numérico,numerico,3,,SI,obligatorio,000 hasta 999,,,,sin-cruce,publico-propuesto,,PDF_TABLA,41,false,H10;H11
VF-a52508c8,INSTRUCTIVO_COMERCIAL_39945_2017,,RESOLUCION SSPD 20171300039945 DE 2017,FORMATO FORMULACIÓN DE DEVOLUCIONES POR COBROS NO AUTORIZADOS.,5,NUIS,NUIS. Número único de identificación del suscriptor - NUIS. Corresponde al número,Alfanumérico,alfanumerico,40,,SI,obligatorio,>0,,,,sin-cruce,restringido-propuesto,dato personal · identificador de suscriptor,PDF_TABLA,41,false,H10;H11
VF-4e17c6ce,INSTRUCTIVO_COMERCIAL_39945_2017,,RESOLUCION SSPD 20171300039945 DE 2017,FORMATO FORMULACIÓN DE DEVOLUCIONES POR COBROS NO AUTORIZADOS.,6,Número de periodos para el pago de la devolución,Número de periodos para el pago de la devolución. Número de periodos del pago de la,Numérico,numerico,3,,SI,obligatorio,>0,,,,sin-cruce,publico-propuesto,,PDF_TABLA,41,false,H10;H11
VF-03658b98,INSTRUCTIVO_COMERCIAL_39945_2017,,RESOLUCION SSPD 20171300039945 DE 2017,FORMATO FORMULACIÓN DE DEVOLUCIONES POR COBROS NO AUTORIZADOS.,7,Valor a devolver sin intereses,,Numérico,numerico,20,$,SI,obligatorio,>0,,,,sin-cruce,publico-propuesto,,PDF_TABLA,41,false,H10;H11
VF-caab7117,INSTRUCTIVO_COMERCIAL_39945_2017,,RESOLUCION SSPD 20171300039945 DE 2017,FORMATO FORMULACIÓN DE DEVOLUCIONES POR COBROS NO AUTORIZADOS.,8,Valor del interés aplicado,Valor del interés aplicado ($): Debe indicar el valor del interés que se aplicó para el cálculo,Decimal,decimal,23,,SI,obligatorio,"20 dígitos, 2 decimales",,,,sin-cruce,publico-propuesto,,PDF_TABLA,41,false,H10;H11
VF-1c85d4a5,INSTRUCTIVO_COMERCIAL_39945_2017,,RESOLUCION SSPD 20171300039945 DE 2017,FORMATO FORMULACIÓN DE DEVOLUCIONES POR COBROS NO AUTORIZADOS.,9,Valor total a devolver,Valor Total a devolver ($): Valor total a devolver que corresponde a la sumatoria de Valor a,Decimal,decimal,23,,SI,obligatorio,"20 dígitos, 2 decimales",,Valor total a devolver = Valor a devolver sin intereses + Valor del interés aplicado,,sin-cruce,publico-propuesto,,PDF_TABLA,42,false,H10;H11
VF-983a1e85,INSTRUCTIVO_COMERCIAL_39945_2017,,RESOLUCION SSPD 20171300039945 DE 2017,FORMATO FORMULACIÓN DE DEVOLUCIONES POR COBROS NO AUTORIZADOS.,10,Forma de realizar la devolución,Forma de realizar la devolución. Se debe registrar a través de cual mecanismo se realiza,Numérico,numerico,1,,SI,obligatorio,1  -> Cuenta Contrato. 2 -> Otro (Solo en el caso en el que la cuenta contrato no existiera al momento de la devolución).,,,,sin-cruce,publico-propuesto,,PDF_TABLA,42,false,H10;H11
VF-f357e3eb,INSTRUCTIVO_COMERCIAL_39945_2017,,RESOLUCION SSPD 20171300039945 DE 2017,FORMATO FORMULACIÓN DE DEVOLUCIONES POR COBROS NO AUTORIZADOS.,11,Fecha inicio de la devolución,,Fecha,fecha,10,,SI,obligatorio,dd-mm-aaaa,,>01/07/2016,,sin-cruce,publico-propuesto,,PDF_TABLA,42,false,H10;H11
VF-67cc49f7,INSTRUCTIVO_COMERCIAL_39945_2017,,RESOLUCION SSPD 20171300039945 DE 2017,FORMATO FORMULACIÓN DE DEVOLUCIONES POR COBROS NO AUTORIZADOS.,12,Fecha inicial del periodo que generó la devolución,Fecha inicial del periodo que generó la devolución: Se registrará la fecha inicial del,Fecha,fecha,10,,SI,obligatorio,dd-mm-aaaa,,>01/07/2016,,sin-cruce,publico-propuesto,,PDF_TABLA,42,false,H10;H11
VF-b45aa04c,INSTRUCTIVO_COMERCIAL_39945_2017,,RESOLUCION SSPD 20171300039945 DE 2017,FORMATO FORMULACIÓN DE DEVOLUCIONES POR COBROS NO AUTORIZADOS.,13,Fecha inicio de la devolución,,Fecha,fecha,10,,SI,obligatorio,dd-mm-aaaa,,>01/07/2016,,sin-cruce,publico-propuesto,,PDF_TABLA,42,false,H10;H11
VF-41c70f73,INSTRUCTIVO_COMERCIAL_39945_2017,,RESOLUCION SSPD 20171300039945 DE 2017,FORMATO INFORMACION FUNCIONAMIENTO FONDO DE SOLIDARIDAD Y REDISTRIBUCION DE INGRESOS ACUEDUCTO,1,Departamento,La información se encuentra prediligenciada de acuerdo a los departamentos en los que el prestador tiene registrada la actividad de comercialización en acueducto.,,sin-dato,,,,sin-dato,,,,,sin-cruce,publico-propuesto,,PDF_NARRATIVO,36,false,H10;H11
VF-74aa62a3,INSTRUCTIVO_COMERCIAL_39945_2017,,RESOLUCION SSPD 20171300039945 DE 2017,FORMATO INFORMACION FUNCIONAMIENTO FONDO DE SOLIDARIDAD Y REDISTRIBUCION DE INGRESOS ACUEDUCTO,2,Municipio,La información se encuentra prediligenciada de acuerdo a los municipios en los que el prestador tiene registrada la actividad de comercialización en acueducto.,,sin-dato,,,,sin-dato,,,,,sin-cruce,publico-propuesto,,PDF_NARRATIVO,36,false,H10;H11
VF-4d960d7c,INSTRUCTIVO_COMERCIAL_39945_2017,,RESOLUCION SSPD 20171300039945 DE 2017,FORMATO INFORMACION FUNCIONAMIENTO FONDO DE SOLIDARIDAD Y REDISTRIBUCION DE INGRESOS ACUEDUCTO,3,Fecha de presentación de la solicitud de subsidios,Indique la fecha en que presentó al,,sin-dato,,,,sin-dato,,,,,sin-cruce,publico-propuesto,,PDF_NARRATIVO,36,false,H10;H11
VF-9a27ca46,INSTRUCTIVO_COMERCIAL_39945_2017,,RESOLUCION SSPD 20171300039945 DE 2017,FORMATO INFORMACION FUNCIONAMIENTO FONDO DE SOLIDARIDAD Y REDISTRIBUCION DE INGRESOS ACUEDUCTO,4,Concejo Municipal la solicitud de subsidios para el servicio de acueducto,El campo debe reportarse en formato dd-mm-aaaa.,,sin-dato,,,,sin-dato,,,,,sin-cruce,publico-propuesto,,PDF_NARRATIVO,36,false,H10;H11
VF-48f992ed,INSTRUCTIVO_COMERCIAL_39945_2017,,RESOLUCION SSPD 20171300039945 DE 2017,FORMATO INFORMACION FUNCIONAMIENTO FONDO DE SOLIDARIDAD Y REDISTRIBUCION DE INGRESOS ACUEDUCTO,5,Total recursos solicitados al FSRI en la vigencia anterior Estrato 1,Indicar el monto en pesos solicitados del FSRI en la vigencia anterior por el servicio de acueducto exclusivamente para el estrato 1.,,sin-dato,,,,sin-dato,,,,,sin-cruce,publico-propuesto,,PDF_NARRATIVO,36,false,H10;H11
VF-78ed0afa,INSTRUCTIVO_COMERCIAL_39945_2017,,RESOLUCION SSPD 20171300039945 DE 2017,FORMATO INFORMACION FUNCIONAMIENTO FONDO DE SOLIDARIDAD Y REDISTRIBUCION DE INGRESOS ACUEDUCTO,6,Total recursos solicitados al FSRI en la vigencia anterior Estrato 2,Indicar el monto en pesos solicitados del FSRI en la vigencia anterior por el servicio de acueducto exclusivamente para el estrato 2.,,sin-dato,,,,sin-dato,,,,,sin-cruce,publico-propuesto,,PDF_NARRATIVO,36,false,H10;H11
VF-e6f6a5ed,INSTRUCTIVO_COMERCIAL_39945_2017,,RESOLUCION SSPD 20171300039945 DE 2017,FORMATO INFORMACION FUNCIONAMIENTO FONDO DE SOLIDARIDAD Y REDISTRIBUCION DE INGRESOS ACUEDUCTO,7,Total recursos solicitados al FSRI en la vigencia anterior Estrato 3,Indicar el monto en pesos solicitados del FSRI en la vigencia anterior por el servicio de acueducto exclusivamente para el estrato 3.,,sin-dato,,,,sin-dato,,,,,sin-cruce,publico-propuesto,,PDF_NARRATIVO,36,false,H10;H11
VF-b949f7f9,INSTRUCTIVO_COMERCIAL_39945_2017,,RESOLUCION SSPD 20171300039945 DE 2017,FORMATO INFORMACION FUNCIONAMIENTO FONDO DE SOLIDARIDAD Y REDISTRIBUCION DE INGRESOS ACUEDUCTO,8,Total recursos recibidos del FSRI en la vigencia anterior,Indicar el monto en pesos recibidos del FSRI en la vigencia anterior por el servicio de acueducto exclusivamente.,,sin-dato,,,,sin-dato,,,,,sin-cruce,publico-propuesto,,PDF_NARRATIVO,36,false,H10;H11
VF-a08a206c,INSTRUCTIVO_COMERCIAL_39945_2017,,RESOLUCION SSPD 20171300039945 DE 2017,FORMATO INFORMACION FUNCIONAMIENTO FONDO DE SOLIDARIDAD Y REDISTRIBUCION DE INGRESOS ACUEDUCTO,9,Total recursos enviados al FSRI en la vigencia anterior,"Indicar el monto en pesos trasladados al FSRI por razón de la existencia de superávit, en la vigencia anterior por el servicio de acueducto exclusivamente, de conformidad con los artículos 2.3.4.1.2.8 y 2.3.4.1.2.9 del Decreto compilatorio 1077 de 2015.",,sin-dato,,,,sin-dato,,,,,sin-cruce,publico-propuesto,,PDF_NARRATIVO,36,false,H10;H11
VF-c340e5ec,INSTRUCTIVO_COMERCIAL_39945_2017,,RESOLUCION SSPD 20171300039945 DE 2017,FORMATO INFORMACION FUNCIONAMIENTO FONDO DE SOLIDARIDAD Y REDISTRIBUCION DE INGRESOS ACUEDUCTO,10,Departamento,La información se encuentra prediligenciada de acuerdo a los departamentos en los que el prestador tiene registrada la actividad de comercialización en alcantarillado.,,sin-dato,,,,sin-dato,,,,,sin-cruce,publico-propuesto,,PDF_NARRATIVO,36,false,H10;H11
VF-f47add21,INSTRUCTIVO_COMERCIAL_39945_2017,,RESOLUCION SSPD 20171300039945 DE 2017,FORMATO INFORMACION FUNCIONAMIENTO FONDO DE SOLIDARIDAD Y REDISTRIBUCION DE INGRESOS ACUEDUCTO,11,Municipio,La información se encuentra prediligenciada de acuerdo a los municipios en los que el prestador tiene registrada la actividad de comercialización en alcantarillado.,,sin-dato,,,,sin-dato,,,,,sin-cruce,publico-propuesto,,PDF_NARRATIVO,36,false,H10;H11
VF-35453543,INSTRUCTIVO_COMERCIAL_39945_2017,,RESOLUCION SSPD 20171300039945 DE 2017,FORMATO INFORMACION FUNCIONAMIENTO FONDO DE SOLIDARIDAD Y REDISTRIBUCION DE INGRESOS ALCANTARILLADO,1,Fecha de presentación de la solicitud de subsidios,Indique la fecha en que presentó al,,sin-dato,,,,sin-dato,,,,,sin-cruce,publico-propuesto,,PDF_NARRATIVO,37,false,H10;H11
VF-e71eacf3,INSTRUCTIVO_COMERCIAL_39945_2017,,RESOLUCION SSPD 20171300039945 DE 2017,FORMATO INFORMACION FUNCIONAMIENTO FONDO DE SOLIDARIDAD Y REDISTRIBUCION DE INGRESOS ALCANTARILLADO,2,Concejo Municipal la solicitud de subsidios para el servicio de alcantarillado,El campo debe reportarse en Formato dd-mm-aaaa.,,sin-dato,,,,sin-dato,,,,,sin-cruce,publico-propuesto,,PDF_NARRATIVO,37,false,H10;H11
VF-61ee33df,INSTRUCTIVO_COMERCIAL_39945_2017,,RESOLUCION SSPD 20171300039945 DE 2017,FORMATO INFORMACION FUNCIONAMIENTO FONDO DE SOLIDARIDAD Y REDISTRIBUCION DE INGRESOS ALCANTARILLADO,3,Total recursos solicitados al FSRI en la vigencia anterior Estrato 1,Indicar el monto en pesos solicitados del FSRI en la vigencia anterior por el servicio de alcantarillado exclusivamente para el Estrato 1.,,sin-dato,,,,sin-dato,,,,,sin-cruce,publico-propuesto,,PDF_NARRATIVO,37,false,H10;H11
VF-835840b6,INSTRUCTIVO_COMERCIAL_39945_2017,,RESOLUCION SSPD 20171300039945 DE 2017,FORMATO INFORMACION FUNCIONAMIENTO FONDO DE SOLIDARIDAD Y REDISTRIBUCION DE INGRESOS ALCANTARILLADO,4,Total recursos solicitados al FSRI en la vigencia anterior Estrato 2,Indicar el monto en pesos solicitados del FSRI en la vigencia anterior por el servicio de alcantarillado exclusivamente para el Estrato 2.,,sin-dato,,,,sin-dato,,,,,sin-cruce,publico-propuesto,,PDF_NARRATIVO,37,false,H10;H11
VF-0b970a8c,INSTRUCTIVO_COMERCIAL_39945_2017,,RESOLUCION SSPD 20171300039945 DE 2017,FORMATO INFORMACION FUNCIONAMIENTO FONDO DE SOLIDARIDAD Y REDISTRIBUCION DE INGRESOS ALCANTARILLADO,5,Total recursos solicitados al FSRI en la vigencia anterior Estrato 3,Indicar el monto en pesos solicitados del FSRI en la vigencia anterior por el servicio de alcantarillado exclusivamente para el Estrato 3.,,sin-dato,,,,sin-dato,,,,,sin-cruce,publico-propuesto,,PDF_NARRATIVO,37,false,H10;H11
VF-6f673311,INSTRUCTIVO_COMERCIAL_39945_2017,,RESOLUCION SSPD 20171300039945 DE 2017,FORMATO INFORMACION FUNCIONAMIENTO FONDO DE SOLIDARIDAD Y REDISTRIBUCION DE INGRESOS ALCANTARILLADO,6,Total recursos recibidos del FSRI en la vigencia anterior,Indicar el monto en pesos recibidos del FSRI en la vigencia anterior por el servicio de alcantarillado exclusivamente.,,sin-dato,,,,sin-dato,,,,,sin-cruce,publico-propuesto,,PDF_NARRATIVO,37,false,H10;H11
VF-43607c50,INSTRUCTIVO_COMERCIAL_39945_2017,,RESOLUCION SSPD 20171300039945 DE 2017,FORMATO INFORMACION FUNCIONAMIENTO FONDO DE SOLIDARIDAD Y REDISTRIBUCION DE INGRESOS ALCANTARILLADO,7,Total recursos enviados al FSRI en la vigencia anterior,"Indicar el monto en pesos trasladados al FSRI por razón de la existencia de superávit, en la vigencia anterior por el servicio de alcantarillado exclusivamente, de conformidad con los artículos 2.3.4.1.2.8 y 2.3.4.1.2.9 del",,sin-dato,,,,sin-dato,,,,,sin-cruce,publico-propuesto,,PDF_NARRATIVO,37,false,H10;H11
VF-d2c1d7e0,INSTRUCTIVO_COMERCIAL_39945_2017,,RESOLUCION SSPD 20171300039945 DE 2017,FORMATO INFORMACIÓN COMERCIAL ACUEDUCTO Y ALCANTARILLADO,1,Servicio,"Servicio: Corresponde al servicio al cual corresponde el reporte de información comercial, de",Numérico,numerico,1,,SI,obligatorio,1 o 2,,,,sin-cruce,publico-propuesto,,PDF_TABLA,26,false,H10;H11
VF-586e59d4,INSTRUCTIVO_COMERCIAL_39945_2017,,RESOLUCION SSPD 20171300039945 DE 2017,FORMATO INFORMACIÓN COMERCIAL ACUEDUCTO Y ALCANTARILLADO,2,Código DANE departamento,Código DANE departamento: Hace referencia al departamento donde el usuario o suscriptor,Numérico,numerico,2,,SI,obligatorio,00 hasta 99,,,,sin-cruce,publico-propuesto,,PDF_TABLA,26,false,H10;H11
VF-240bd66d,INSTRUCTIVO_COMERCIAL_39945_2017,,RESOLUCION SSPD 20171300039945 DE 2017,FORMATO INFORMACIÓN COMERCIAL ACUEDUCTO Y ALCANTARILLADO,3,Código DANE municipio,Código DANE municipio: Hace referencia al municipio donde el usuario o suscriptor recibe el,Numérico,numerico,3,,SI,obligatorio,000 hasta 999,,,,sin-cruce,publico-propuesto,,PDF_TABLA,26,false,H10;H11
VF-e221e7a6,INSTRUCTIVO_COMERCIAL_39945_2017,,RESOLUCION SSPD 20171300039945 DE 2017,FORMATO INFORMACIÓN COMERCIAL ACUEDUCTO Y ALCANTARILLADO,4,Código DANE centro poblado,Código DANE centro poblado: Hace referencia al centro poblado donde el usuario o,Numérico,numerico,3,,SI,obligatorio,000 hasta 999,,,,sin-cruce,publico-propuesto,,PDF_TABLA,26,false,H10;H11
VF-b4b016df,INSTRUCTIVO_COMERCIAL_39945_2017,,RESOLUCION SSPD 20171300039945 DE 2017,FORMATO INFORMACIÓN COMERCIAL ACUEDUCTO Y ALCANTARILLADO,5,Código clase de uso,Código clase de uso. Corresponde a la clasificación definida para el usuario residencial y no,Numérico,numerico,2,,SI,obligatorio,1  -> Bajo-Bajo 2  -> Bajo 3  -> Medio- Bajo 4  -> Medio 5  -> Medio-Alto 6 -> Alto 10 -> Industrial 11 -> Comercial 12 -> Oficial 13 -> Especial 14 -> Temporal 15 -> Provisional,,,,sin-cruce,publico-propuesto,,PDF_TABLA,26,false,H10;H11
VF-eb02f59a,INSTRUCTIVO_COMERCIAL_39945_2017,,RESOLUCION SSPD 20171300039945 DE 2017,FORMATO INFORMACIÓN COMERCIAL ACUEDUCTO Y ALCANTARILLADO,6,Número de suscriptores atendidos.,Número de suscriptores atendidos: Número total de suscriptores atendidos con los cuales,Numérico,numerico,7,Suscriptores,SI,obligatorio,>0,,Este campo no puede estar vacío,,sin-cruce,publico-propuesto,,PDF_TABLA,27,false,H10;H11
VF-dc1f902b,INSTRUCTIVO_COMERCIAL_39945_2017,,RESOLUCION SSPD 20171300039945 DE 2017,FORMATO INFORMACIÓN COMERCIAL ACUEDUCTO Y ALCANTARILLADO,7,Suscriptores suspendidos.,Suscriptores suspendidos: En este campo se debe diligenciar la información,Numérico,numerico,7,Suscriptores,SI,obligatorio,>=0,,Este campo no puede estar vacío,,sin-cruce,publico-propuesto,,PDF_TABLA,27,false,H10;H11
VF-06c5560d,INSTRUCTIVO_COMERCIAL_39945_2017,,RESOLUCION SSPD 20171300039945 DE 2017,FORMATO INFORMACIÓN COMERCIAL ACUEDUCTO Y ALCANTARILLADO,8,Suscriptores desconectados.,Suscriptores desconectados: En este campo se debe diligenciar la información,Numérico,numerico,7,Suscriptores,SI,obligatorio,>=0,,Este campo no puede estar vacío,,sin-cruce,publico-propuesto,,PDF_TABLA,27,false,H10;H11
VF-6ad74f35,INSTRUCTIVO_COMERCIAL_39945_2017,,RESOLUCION SSPD 20171300039945 DE 2017,FORMATO INFORMACIÓN COMERCIAL ACUEDUCTO Y ALCANTARILLADO,9,Suscriptores con micromedidor instalado,Suscriptores con micromedidor instalado: Total de suscriptores con micromedidor,Numérico,numerico,7,Suscriptores,SI,obligatorio,>=0,,Este campo debe estar vació si el servicio es = 2 y no puede ser mayor al valor del campo 6.,,sin-cruce,publico-propuesto,,PDF_TABLA,28,false,H10;H11
VF-1d5f98bc,INSTRUCTIVO_COMERCIAL_39945_2017,,RESOLUCION SSPD 20171300039945 DE 2017,FORMATO INFORMACIÓN COMERCIAL ACUEDUCTO Y ALCANTARILLADO,10,Total Consumo o Vertimiento del período en metros cúbicos (m3),Total Consumo o vertimiento del período en metros cúbicos (m3): Corresponde al,Numérico,numerico,9,m3,SI,obligatorio,>=0,,Este campo no puede estar vacío,,sin-cruce,publico-propuesto,,PDF_TABLA,28,false,H10;H11
VF-870fb231,INSTRUCTIVO_COMERCIAL_39945_2017,,RESOLUCION SSPD 20171300039945 DE 2017,FORMATO INFORMACIÓN COMERCIAL ACUEDUCTO Y ALCANTARILLADO,11,Valor facturado correspondiente al servicio ($).,Valor facturado correspondiente al servicio ($).Corresponde al total del valor facturado por,Numérico,numerico,20,$,SI,obligatorio,>=0,,,,sin-cruce,publico-propuesto,,PDF_TABLA,28,false,H10;H11
VF-e37e2af7,INSTRUCTIVO_COMERCIAL_39945_2017,,RESOLUCION SSPD 20171300039945 DE 2017,FORMATO INFORMACIÓN COMERCIAL ACUEDUCTO Y ALCANTARILLADO,12,Valor recaudado correspondiente al servicio ($).,Valor recaudado correspondiente al servicio ($).Corresponde al total del valor facturado,Numérico,numerico,20,$,SI,obligatorio,>=0,,,,sin-cruce,publico-propuesto,,PDF_TABLA,28,false,H10;H11
VF-56362af6,INSTRUCTIVO_COMERCIAL_39945_2017,,RESOLUCION SSPD 20171300039945 DE 2017,FORMATO INFORMACIÓN COMERCIAL ACUEDUCTO Y ALCANTARILLADO,13,Valor devuelto por INIC en el periodo de reporte ($).,Valor devuelto por INIC en el periodo de reporte ($).Valor en pesos que la empresa,Numérico,numerico,20,$,SI,obligatorio,>=0,,,,sin-cruce,publico-propuesto,,PDF_TABLA,28,false,H10;H11
VF-5c650085,INSTRUCTIVO_COMERCIAL_39945_2017,,RESOLUCION SSPD 20171300039945 DE 2017,FORMATO INFORMACIÓN COMERCIAL ACUEDUCTO Y ALCANTARILLADO,14,Número de suscriptores objeto de medidas por consumo excesivo.,Número de suscriptores objeto de medidas por consumo excesivo. Número de,Numérico,numerico,7,Suscriptores,,sin-dato,,,,,sin-cruce,publico-propuesto,,PDF_TABLA,28,false,H10;H11
VF-5f20c0af,INSTRUCTIVO_COMERCIAL_39945_2017,,RESOLUCION SSPD 20171300039945 DE 2017,FORMATO INFORMACIÓN COMERCIAL ACUEDUCTO Y ALCANTARILLADO,15,Suscriptores del servicio de alcantarillado con medición por lectura de acueducto,Suscriptores del servicio de alcantarillado con medición por lectura de acueducto: Total,Numérico,numerico,7,Suscriptores,SI,obligatorio,>=0,,Este campo debe estar vació si el servicio es = 1 y no puede ser mayor al valor del campo 6.,,sin-cruce,publico-propuesto,,PDF_TABLA,29,false,H10;H11
VF-e4cdf8c0,INSTRUCTIVO_COMERCIAL_39945_2017,,RESOLUCION SSPD 20171300039945 DE 2017,FORMATO INFORMACIÓN COMERCIAL ACUEDUCTO Y ALCANTARILLADO,16,Suscriptores del servicio de alcantarillado con tipo de medición basado en consumos promedios de otros períodos del mismo suscriptor o usuario,Suscriptores del servicio de alcantarillado con tipo de medición basado en consumos,Numérico,numerico,7,Suscriptores,SI,obligatorio,>=0,,Este campo debe estar vació si el servicio es = 1 y no puede ser mayor al valor del campo 6.,,sin-cruce,publico-propuesto,,PDF_TABLA,29,false,H10;H11
VF-b7684640,INSTRUCTIVO_COMERCIAL_39945_2017,,RESOLUCION SSPD 20171300039945 DE 2017,FORMATO INFORMACIÓN COMERCIAL ACUEDUCTO Y ALCANTARILLADO,17,Suscriptores del servicio de alcantarillado con tipo de medición basado en los consumos promedios de suscriptores o usuarios que estén en circunstancias similares.,Suscriptores del servicio de alcantarillado con tipo de medición basado en los,Numérico,numerico,7,Suscriptores,SI,obligatorio,>=0,,Este campo debe estar vació si el servicio es = 1 y no puede ser mayor al valor del campo 6.,,sin-cruce,publico-propuesto,,PDF_TABLA,29,false,H10;H11
VF-477a5547,INSTRUCTIVO_COMERCIAL_39945_2017,,RESOLUCION SSPD 20171300039945 DE 2017,FORMATO INFORMACIÓN COMERCIAL ACUEDUCTO Y ALCANTARILLADO,18,Suscriptores del servicio de alcantarillado con tipo de medición basado en aforos individuales.,Suscriptores del servicio de alcantarillado con tipo de medición basado en aforos,Numérico,numerico,7,Suscriptores,SI,obligatorio,>=0,,Este campo debe estar vació si el servicio es = 1 y no puede ser mayor al valor del campo 6.,,sin-cruce,publico-propuesto,,PDF_TABLA,29,false,H10;H11
VF-87fe6a30,INSTRUCTIVO_COMERCIAL_39945_2017,,RESOLUCION SSPD 20171300039945 DE 2017,FORMATO INFORMACIÓN COMERCIAL ACUEDUCTO Y ALCANTARILLADO,19,Suscriptores con disponibilidad de fuente alterna.,Suscriptores con disponibilidad de fuente alterna: Total de suscriptores que para atender,Numérico,numerico,7,Suscriptores,SI,obligatorio,>=0,,Este campo debe estar vació si el servicio es = 1 y no puede ser mayor al valor del campo 6.,,sin-cruce,publico-propuesto,,PDF_TABLA,30,false,H10;H11
VF-90b2ddb1,INSTRUCTIVO_COMERCIAL_39945_2017,,RESOLUCION SSPD 20171300039945 DE 2017,FORMATO INFORMACIÓN COMERCIAL ACUEDUCTO Y ALCANTARILLADO,20,Total m3 vertidos facturados correspondientes al aforo de fuentes alternas (m3).,Total m3 vertidos facturados correspondientes al aforo de fuentes alternas (m3).Se,Numérico,numerico,9,m3,SI,obligatorio,>=0,,Este campo debe estar vació si el servicio es = 1,,sin-cruce,publico-propuesto,,PDF_TABLA,30,false,H10;H11
VF-4046ca27,INSTRUCTIVO_COMERCIAL_39945_2017,,RESOLUCION SSPD 20171300039945 DE 2017,FORMATO INFORMACIÓN COMERCIAL ACUEDUCTO Y ALCANTARILLADO,21,Valor total facturado por fuentes alternas ($).,Valor total facturado por fuentes alternas ($).Corresponde al valor total facturado por,Numérico,numerico,20,$,SI,obligatorio,>=0,,Este campo debe estar vació si el servicio es = 1,,sin-cruce,publico-propuesto,,PDF_TABLA,30,false,H10;H11
VF-30ace02e,INSTRUCTIVO_COMERCIAL_39945_2017,,RESOLUCION SSPD 20171300039945 DE 2017,FORMATO INFORMACIÓN POR CALIDAD Y DESCUENTOS PARA LOS SERVICIOS DE ACUEDUCTO Y,1,Servicio,Servicio. Debe indicar el servicio al cual corresponde la devolución con la siguiente estructura:,Numérico,numerico,1,,SI,obligatorio,1  -> Acueducto 2  -> Alcantarillado,,,,sin-cruce,publico-propuesto,,PDF_TABLA,45,false,H10;H11
VF-b3f38f9c,INSTRUCTIVO_COMERCIAL_39945_2017,,RESOLUCION SSPD 20171300039945 DE 2017,FORMATO INFORMACIÓN POR CALIDAD Y DESCUENTOS PARA LOS SERVICIOS DE ACUEDUCTO Y,2,NUIS,NUIS. Corresponde al número único asignado por el prestador de servicios públicos,Alfanumérico,alfanumerico,40,,SI,obligatorio,>0,,,,sin-cruce,restringido-propuesto,dato personal · identificador de suscriptor,PDF_TABLA,45,false,H10;H11
VF-d7217049,INSTRUCTIVO_COMERCIAL_39945_2017,,RESOLUCION SSPD 20171300039945 DE 2017,FORMATO INFORMACIÓN POR CALIDAD Y DESCUENTOS PARA LOS SERVICIOS DE ACUEDUCTO Y,3,Valor a descontar por ICAP,Valor a descontar por ICAP. Corresponde al valor de descuento en el cargo por consumo,Numérico,numerico,20,$,SI,obligatorio,>=0,,Aplica solo para acueducto,,sin-cruce,publico-propuesto,,PDF_TABLA,45,false,H10;H11
VF-46e5e778,INSTRUCTIVO_COMERCIAL_39945_2017,,RESOLUCION SSPD 20171300039945 DE 2017,FORMATO INFORMACIÓN POR CALIDAD Y DESCUENTOS PARA LOS SERVICIOS DE ACUEDUCTO Y,4,Valor a descontar por ICON,Valor a descontar por ICON. Corresponde al valor de descuento en el cargo por consumo,Numérico,numerico,20,$,SI,obligatorio,>=0,,Aplica solo para acueducto,,sin-cruce,publico-propuesto,,PDF_TABLA,45,false,H10;H11
VF-a4eb9c9b,INSTRUCTIVO_COMERCIAL_39945_2017,,RESOLUCION SSPD 20171300039945 DE 2017,FORMATO INFORMACIÓN POR CALIDAD Y DESCUENTOS PARA LOS SERVICIOS DE ACUEDUCTO Y,5,Valor a descontar por IQR,,Numérico,numerico,20,$,SI,obligatorio,,,,,sin-cruce,publico-propuesto,,PDF_TABLA,45,false,H10;H11
VF-c3d1b515,INSTRUCTIVO_COMERCIAL_39945_2017,,RESOLUCION SSPD 20171300039945 DE 2017,FORMATO INFORMACIÓN POR CALIDAD Y DESCUENTOS PARA LOS SERVICIOS DE ACUEDUCTO Y,6,Forma de realizar el descuento,,Numérico,numerico,1,,SI,obligatorio,1  -> Cuenta Contrato. 2  -> Otro (Solo en el caso en el que la cuenta contrato no existiera al momento de la devolución).,,,,sin-cruce,publico-propuesto,,PDF_TABLA,46,false,H10;H11
VF-d914ea8d,INSTRUCTIVO_COMERCIAL_39945_2017,,RESOLUCION SSPD 20171300039945 DE 2017,FORMATO PLAN DE OBRAS E INVERSIONES REGULADO – POIR.,1,Servicio,Servicio: Indique 1 para el servicio de acueducto y 2 para el servicio de alcantarillado.,Numérico,numerico,1,,Si,obligatorio,1  -> Acueducto 2 -> Alcantarillado,,,,sin-cruce,publico-propuesto,,PDF_TABLA,48,false,H10;H11
VF-c91365e4,INSTRUCTIVO_COMERCIAL_39945_2017,,RESOLUCION SSPD 20171300039945 DE 2017,FORMATO PLAN DE OBRAS E INVERSIONES REGULADO – POIR.,2,Id del proyecto,Id del proyecto: Corresponde a un número que asigna el prestador a cada proyecto de,Alfanumérico,alfanumerico,20,,Si,obligatorio,,,,,sin-cruce,publico-propuesto,,PDF_TABLA,48,false,H10;H11
VF-0425dbe9,INSTRUCTIVO_COMERCIAL_39945_2017,,RESOLUCION SSPD 20171300039945 DE 2017,FORMATO PLAN DE OBRAS E INVERSIONES REGULADO – POIR.,3,Nombre del proyecto,Nombre del proyecto: Indique el nombre del proyecto. Este Nombre para efectos tarifarios,Alfanumérico,alfanumerico,100,,Si,obligatorio,,,,,sin-cruce,restringido-propuesto,dato personal · nombre,PDF_TABLA,48,false,H10;H11
VF-40c9f329,INSTRUCTIVO_COMERCIAL_39945_2017,,RESOLUCION SSPD 20171300039945 DE 2017,FORMATO PLAN DE OBRAS E INVERSIONES REGULADO – POIR.,4,Descripción proyecto,Descripción proyecto: Indique la descripción del proyecto. Esta Descripción para efectos,Alfanumérico,alfanumerico,500,,Si,obligatorio,,,,,sin-cruce,publico-propuesto,,PDF_TABLA,49,false,H10;H11
VF-ce1f48ac,INSTRUCTIVO_COMERCIAL_39945_2017,,RESOLUCION SSPD 20171300039945 DE 2017,FORMATO PLAN DE OBRAS E INVERSIONES REGULADO – POIR.,5,ID Sistema,ID Sistema: Indique el número de identificación del sistema de acuerdo a los códigos,Numérico,numerico,4,,Si,obligatorio,1 hasta 9999,,,,sin-cruce,publico-propuesto,,PDF_TABLA,50,false,H10;H11
VF-fd4d7969,INSTRUCTIVO_COMERCIAL_39945_2017,,RESOLUCION SSPD 20171300039945 DE 2017,FORMATO PLAN DE OBRAS E INVERSIONES REGULADO – POIR.,5,Objetivo del proyecto,,Numérico,numerico,1,,Si,obligatorio,"1  ->  Expansión. 2  ->  Reposición. 3  ->  Rehabilitación. 4  ->  Expansión y Reposición 5  ->  Expansión y Rehabilitación 6  ->  Reposición y Rehabilitación 7  -> Expansión, Rehabilitación y Reposición",,,,sin-cruce,publico-propuesto,,PDF_TABLA,49,false,H10;H11
VF-f2f78d24,INSTRUCTIVO_COMERCIAL_39945_2017,,RESOLUCION SSPD 20171300039945 DE 2017,FORMATO PLAN DE OBRAS E INVERSIONES REGULADO – POIR.,6,El proyecto abarca más de un periodo tarifario?,,Numérico,numerico,1,,Si,obligatorio,1  ->  Si 2  -> No,,,,sin-cruce,publico-propuesto,,PDF_TABLA,49,false,H10;H11
VF-f933b9be,INSTRUCTIVO_COMERCIAL_39945_2017,,RESOLUCION SSPD 20171300039945 DE 2017,FORMATO PLAN DE OBRAS E INVERSIONES REGULADO – POIR.,7,Fecha inicio proyecto,,Fecha,fecha,10,,Si,obligatorio,,,La fecha ingresada en este campo debe ser menor a la fecha terminación proyecto.,,sin-cruce,publico-propuesto,,PDF_TABLA,49,false,H10;H11
VF-1228dbfd,INSTRUCTIVO_COMERCIAL_39945_2017,,RESOLUCION SSPD 20171300039945 DE 2017,FORMATO PLAN DE OBRAS E INVERSIONES REGULADO – POIR.,8,Fecha terminación proyecto,,Fecha,fecha,10,,Si,obligatorio,,,La fecha ingresada en este campo debe ser mayor a la fecha inicio proyecto. Si el prestador indica que el proyecto abarca más de 1 periodo tarifario (campo 6) esta fecha debe ser mayor a la fecha de inicio del proyecto (campo 7) más 5 años correspondientes a un periodo tarifario.,,sin-cruce,publico-propuesto,,PDF_TABLA,49,false,H10;H11
VF-47e7b987,INSTRUCTIVO_COMERCIAL_39945_2017,,RESOLUCION SSPD 20171300039945 DE 2017,FORMATO PLAN DE OBRAS E INVERSIONES REGULADO – POIR.,9,El proyecto se desarrolla para un activo nuevo?,El proyecto se desarrolla para un activo nuevo?: El prestador debe indicar si el proyecto se,Numérico,numerico,1,,Si,obligatorio,1 = Si o 2=No,,,,sin-cruce,publico-propuesto,,PDF_TABLA,49,false,H10;H11
VF-7870a2e3,INSTRUCTIVO_COMERCIAL_39945_2017,,RESOLUCION SSPD 20171300039945 DE 2017,FORMATO PLAN DE OBRAS E INVERSIONES REGULADO – POIR.,11,Código del subsistema,Código del subsistema: Clasificación de activos e inversiones por grupo de activos y,Numérico,numerico,1,,Si,obligatorio,"Si servicio es Acueducto, opciones de subsistema: 1  ->  Producción de agua potable. 2  ->  Transporte de agua potable. 3  ->  Distribución de agua potable. Si servicio es Alcantarillado, opciones de subsistema: 4  ->  Recolección y transporte de aguas residuales, 5  ->  Tratamiento y/o disposición final de aguas residuales.",,,,sin-cruce,publico-propuesto,,PDF_TABLA,50,false,H10;H11
VF-b8d2fb09,INSTRUCTIVO_COMERCIAL_39945_2017,,RESOLUCION SSPD 20171300039945 DE 2017,FORMATO PLAN DE OBRAS E INVERSIONES REGULADO – POIR.,12,Código de actividad,Código de actividad: Clasificación de activos e inversiones por grupo de activos y asignación,Numérico,numerico,1,,Si,obligatorio,"Si subsistema = 1, opciones de actividad: 1 = Captación. 2 = Aducción. 3 = Pretratamiento. 4 = Tratamiento. Si subsistema = 2 opciones de actividad: 5 = Conducción. Si subsistema = 3 opciones de actividad: 6 = Distribución. Si subsistema = 4 opciones de actividad: 7 = Recolección. 8 = Elevación y bombeo. Si subsistema = 5 opciones de actividad: 9 = Pretratamiento. 10 = Tratamiento. 11 = Disposición final.",,,,sin-cruce,publico-propuesto,,PDF_TABLA,50,false,H10;H11
VF-31bd4463,INSTRUCTIVO_COMERCIAL_39945_2017,,RESOLUCION SSPD 20171300039945 DE 2017,FORMATO PLAN DE OBRAS E INVERSIONES REGULADO – POIR.,13,Código del tipo activo,Código del tipo activo: Clasificación de activos e inversiones por grupo de activos y,Numérico,numerico,2,,Si,obligatorio,Validación tabla acueducto y alcantarillado Artículo 49 de la Resolución CRA 688 de 2014,,,,sin-cruce,publico-propuesto,,PDF_TABLA,51,false,H10;H11
VF-702a7297,INSTRUCTIVO_COMERCIAL_39945_2017,,RESOLUCION SSPD 20171300039945 DE 2017,FORMATO PLAN DE OBRAS E INVERSIONES REGULADO – POIR.,14,Código Único del Activo,"Código único del activo: Indica el código único numérico con el que se identifica el activo,",Numérico,numerico,6,,Si,obligatorio,,,,,sin-cruce,publico-propuesto,,PDF_TABLA,51,false,H10;H11
VF-e9d19e23,INSTRUCTIVO_COMERCIAL_39945_2017,,RESOLUCION SSPD 20171300039945 DE 2017,FORMATO PLAN DE OBRAS E INVERSIONES REGULADO – POIR.,15,Nombre del activo,Nombre del activo: Indica el nombre del activo. Este nombre para efectos tarifarios,Alfanumérico,alfanumerico,100,,Si,obligatorio,,,,,sin-cruce,restringido-propuesto,dato personal · nombre,PDF_TABLA,51,false,H10;H11
VF-9fa30c19,INSTRUCTIVO_COMERCIAL_39945_2017,,RESOLUCION SSPD 20171300039945 DE 2017,FORMATO PLAN DE OBRAS E INVERSIONES REGULADO – POIR.,16,Fecha entrada operación del activo,,Fecha,fecha,10,,Si,obligatorio,,,"Debe indicar la fecha de entrada de operación del activo. En el caso que sea un activo nuevo, la fecha de entrada en operación, debe ser mayor o igual a la fecha de inicio de aplicación de la metodología registrado en el",,sin-cruce,publico-propuesto,,PDF_TABLA,51,false,H10;H11
VF-63f80ac7,INSTRUCTIVO_COMERCIAL_39945_2017,,RESOLUCION SSPD 20171300039945 DE 2017,FORMATO PLAN DE OBRAS E INVERSIONES REGULADO – POIR.,17,Municipio donde el activo fue asignado,Municipio donde el activo fue asignado: Indique el código DANE del municipio donde el,Alfanumérico,alfanumerico,5,,Si,obligatorio,,,"Validar el código DANE de las APS configurados por la empresa el aplicativo de reporte de información tarifaria. La información reportada en este formato, debe estar registrada previamente en el aplicativo del NMT.",,sin-cruce,publico-propuesto,,PDF_TABLA,51,false,H10;H11
VF-3d127f3c,INSTRUCTIVO_COMERCIAL_39945_2017,,RESOLUCION SSPD 20171300039945 DE 2017,FORMATO PLAN DE OBRAS E INVERSIONES REGULADO – POIR.,18,Geo - referenciación del activo Longitud,Geo - referenciación del activo Longitud: Registrar las coordenadas geográficas de la Geo,"Decimal 2 enteros, 6 decimales",decimal,10,,No,opcional,,,,,sin-cruce,publico-propuesto,,PDF_TABLA,51,false,H10;H11
VF-a5fc7dd6,INSTRUCTIVO_COMERCIAL_39945_2017,,RESOLUCION SSPD 20171300039945 DE 2017,FORMATO PLAN DE OBRAS E INVERSIONES REGULADO – POIR.,19,Geo - referenciación del activo Latitud,Geo - referenciación del activo Latitud: Registrar las coordenadas geográficas de la Geo -,"Decimal 2 enteros, 6 decimales",decimal,10,,No,opcional,,,"La latitud deben estar bajo rangos para Colombia, hay activos a los que no les aplica esta información y por tanto se deben dejar en blanco de acuerdo a lo definido en la tabla externa.",,sin-cruce,publico-propuesto,,PDF_TABLA,52,false,H10;H11
VF-1f648f49,INSTRUCTIVO_COMERCIAL_39945_2017,,RESOLUCION SSPD 20171300039945 DE 2017,FORMATO PLAN DE OBRAS E INVERSIONES REGULADO – POIR.,20,Fecha de inicio de aplicación de tarifas Res. CRA 688/14,Fecha de inicio de aplicación de tarifas Res. CRA 688/14: Indique la fecha de inicio de,Fecha,fecha,10,,Si,obligatorio,,,,,sin-cruce,publico-propuesto,,PDF_TABLA,52,false,H10;H11
VF-4b7bf9c3,INSTRUCTIVO_COMERCIAL_39945_2017,,RESOLUCION SSPD 20171300039945 DE 2017,FORMATO PLAN DE OBRAS E INVERSIONES REGULADO – POIR.,21,Vida útil del activo,"Para la asignación de la vida útil del activo, utiliza la clasificación del Artículo 49 de la",Numérico,numerico,2,,Si,obligatorio,"Validación tabla acueducto y alcantarillado Artículo 49 de la Resolución CRA 688 de 2014. Solo cuando responda 1 en la pregunta anterior; si responde 2, no se valida contra la vida útil del Artículo 49.",,,,sin-cruce,publico-propuesto,,PDF_TABLA,52,false,H10;H11
VF-8a59dcb0,INSTRUCTIVO_COMERCIAL_39945_2017,,RESOLUCION SSPD 20171300039945 DE 2017,FORMATO PLAN DE OBRAS E INVERSIONES REGULADO – POIR.,21,Para la asignación de la vida útil del activo utiliza la clasificación del Art. 49 de la Res. CRA 688/14?,,Numérico,numerico,1,,Si,obligatorio,1  ->  Si 2  -> No,,En el caso de equipos electromecánicos y terrenos deberá indicar en este campo 2.,,sin-cruce,publico-propuesto,,PDF_TABLA,52,false,H10;H11
VF-7875eb24,INSTRUCTIVO_COMERCIAL_39945_2017,,RESOLUCION SSPD 20171300039945 DE 2017,FORMATO PLAN DE OBRAS E INVERSIONES REGULADO – POIR.,23,Número de suscriptores beneficiados por el activo,Número de suscriptores beneficiados por el activo: Indique el número de suscriptores,Numérico,numerico,7,,Si,obligatorio,,,,,sin-cruce,publico-propuesto,,PDF_TABLA,53,false,H10;H11
VF-d7e2b188,INSTRUCTIVO_COMERCIAL_39945_2017,,RESOLUCION SSPD 20171300039945 DE 2017,FORMATO PLAN DE OBRAS E INVERSIONES REGULADO – POIR.,24,Código de dimensión con que se relaciona el activo,Código de dimensión con que se relaciona el activo: Según la lista del artículo 50 de la,Numérico,numerico,2,,Si,obligatorio,"Si servicio Acueducto 1  ->  Cobertura, 2  ->  Calidad de agua, 3  ->  Continuidad , 4  ->  Cobertura y Calidad de agua, 5  ->  Continuidad y Cobertura, 6  ->  Calidad de agua y Continuidad y 7  ->  Cobertura, Calidad de agua y Continuidad ; Si servicio Alcantarillado 1  ->  Cobertura, 3  ->  Continuidad, 5  ->  Continuidad y Cobertura, 8  ->  Calidad de agua vertida, 9  ->  Continuidad y Calidad de agua vertida, 10 ->  Cobertura y Calidad de agua vertida y 11 -> Calidad de agua vertida, Cobertura y Continuidad",,,,sin-cruce,publico-propuesto,,PDF_TABLA,53,false,H10;H11
VF-1ee8dda5,INSTRUCTIVO_COMERCIAL_39945_2017,,RESOLUCION SSPD 20171300039945 DE 2017,FORMATO PLAN DE OBRAS E INVERSIONES REGULADO – POIR.,25,Número de suscriptores incorporados al servicio,Número de suscriptores incorporados al servicio: Indique el número de suscriptores,Numérico,numerico,7,Entero,"Si, en caso de no estar relacionado con cobertura registrar 0.00.",condicional,,,,,sin-cruce,publico-propuesto,,PDF_TABLA,53,false,H10;H11
VF-a833ec1c,INSTRUCTIVO_COMERCIAL_39945_2017,,RESOLUCION SSPD 20171300039945 DE 2017,FORMATO PLAN DE OBRAS E INVERSIONES REGULADO – POIR.,26,Aporte en el cumplimiento de la meta del índice de riesgo de calidad del agua (%),Aporte en el cumplimiento de la meta del índice de riesgo de calidad del agua (%):,Numérico,numerico,6,%,"Si, en caso de no estar relacionado con calidad registrar 0.00.",condicional,"3 enteros, 2 decimales",,,,sin-cruce,publico-propuesto,,PDF_TABLA,53,false,H10;H11
VF-f35ecc04,INSTRUCTIVO_COMERCIAL_39945_2017,,RESOLUCION SSPD 20171300039945 DE 2017,FORMATO PLAN DE OBRAS E INVERSIONES REGULADO – POIR.,27,Aporte en el cumplimiento de la meta continuidad del servicio de acueducto (%),Aporte en el cumplimiento de la meta continuidad del servicio de acueducto (%): Indique,Numérico,numerico,6,%,,sin-dato,"3 enteros, 2 decimales",,,,sin-cruce,publico-propuesto,,PDF_TABLA,53,false,H10;H11
VF-e214a35a,INSTRUCTIVO_COMERCIAL_39945_2017,,RESOLUCION SSPD 20171300039945 DE 2017,FORMATO PLAN DE OBRAS E INVERSIONES REGULADO – POIR.,28,Aporte en el cumplimiento de la meta de pérdidas de agua potable (%),Aporte en el cumplimiento de la meta de pérdidas de agua potable (%): Indique el,Numérico,numerico,6,%,"Si, en caso de no estar relacionado con pérdidas registrar 0.00.",condicional,"3 enteros, 2 decimales",,,,sin-cruce,publico-propuesto,,PDF_TABLA,54,false,H10;H11
VF-f5e9c67d,INSTRUCTIVO_COMERCIAL_39945_2017,,RESOLUCION SSPD 20171300039945 DE 2017,FORMATO PLAN DE OBRAS E INVERSIONES REGULADO – POIR.,29,Aporte en el cumplimiento de la meta de índice de calidad de agua residual (DBO) (%),Aporte en el cumplimiento de la meta de índice de calidad de agua residual (DBO) (%):,Numérico,numerico,6,%,"Si, en caso de no estar relacionado con calidad registrar 0.00.",condicional,"3 enteros, 2 decimales",,,,sin-cruce,publico-propuesto,,PDF_TABLA,54,false,H10;H11
VF-063d6b89,INSTRUCTIVO_COMERCIAL_39945_2017,,RESOLUCION SSPD 20171300039945 DE 2017,FORMATO PLAN DE OBRAS E INVERSIONES REGULADO – POIR.,30,Aporte en el cumplimiento de la meta de continuidad del servicio de alcantarillado (%),Aporte en el cumplimiento de la meta de continuidad del servicio de alcantarillado (%):,Numérico,numerico,6,%,"Si, en caso de no estar relacionado con continuidad registrar 0.00.",condicional,"3 enteros, 2 decimales",,,,sin-cruce,publico-propuesto,,PDF_TABLA,54,false,H10;H11
VF-f704440e,INSTRUCTIVO_COMERCIAL_39945_2017,,RESOLUCION SSPD 20171300039945 DE 2017,FORMATO PLAN DE OBRAS E INVERSIONES REGULADO – POIR.,31,Inversión total en el activo financiado con tarifa (en pesos del año base),Inversión total en el activo financiado con tarifa (en pesos del año base): Indique el valor,Numérico,numerico,23,$,Si,obligatorio,Entero 20 Decimales 2,,,,sin-cruce,publico-propuesto,,PDF_TABLA,54,false,H10;H11
VF-2097fd3b,INSTRUCTIVO_COMERCIAL_39945_2017,,RESOLUCION SSPD 20171300039945 DE 2017,FORMATO PLAN DE OBRAS E INVERSIONES REGULADO – POIR.,32,Indique el año en el que entra en operación el activo según el horizonte de proyección.,,Numérico,numerico,2,,SI,obligatorio,Valores de 1 a 10,,Validar que el valor sea igual para un mismo valor del proyecto.,,sin-cruce,publico-propuesto,,PDF_TABLA,54,false,H10;H11
VF-6b4620ff,INSTRUCTIVO_COMERCIAL_39945_2017,,RESOLUCION SSPD 20171300039945 DE 2017,FORMATO PLAN DE OBRAS E INVERSIONES REGULADO – POIR.,33,Fecha final de depreciación,Fecha final de depreciación: Indique la fecha final de depreciación del activo en formato,Fecha,fecha,10,,Si,obligatorio,,,,,sin-cruce,publico-propuesto,,PDF_TABLA,54,false,H10;H11
VF-7fcd8b22,INSTRUCTIVO_COMERCIAL_39945_2017,,RESOLUCION SSPD 20171300039945 DE 2017,FORMATO PLAN DE OBRAS E INVERSIONES REGULADO – POIR.,34,Valor anual de depreciación del activo,Valor anual de depreciación del activo: Valor total del activo dividido por la vida útil. Datos,Numérico Decimal,decimal,23,$,Si,obligatorio,Entero 20 Decimales 2,,Valor anual de la depreciación = Inversión total en el activo / Vida útil regulatoria. En el caso de Terrenos debe estar en 0,,sin-cruce,publico-propuesto,,PDF_TABLA,55,false,H10;H11
VF-d8799c42,INSTRUCTIVO_COMERCIAL_39945_2017,,RESOLUCION SSPD 20171300039945 DE 2017,FORMATO PLAN DE OBRAS E INVERSIONES REGULADO – POIR.,35,Depreciación año 1,Depreciación año 1: Indique el valor en pesos ($) correspondientes a la depreciación del año,Numérico Decimal,decimal,23,,Si,obligatorio,Entero 20 Decimales 2,,"Valor del campo, deber ser menor o igual al valor anual de depreciación",,sin-cruce,publico-propuesto,,PDF_TABLA,55,false,H10;H11
VF-9dc76a03,INSTRUCTIVO_COMERCIAL_39945_2017,,RESOLUCION SSPD 20171300039945 DE 2017,FORMATO PLAN DE OBRAS E INVERSIONES REGULADO – POIR.,36,Depreciación año 2,Depreciación año 2: Indique el valor en pesos ($) correspondientes a la depreciación del año,Numérico Decimal,decimal,23,,Si,obligatorio,Entero 20 Decimales 2,,"Valor del campo, deber ser menor o igual al valor anual de depreciación",,sin-cruce,publico-propuesto,,PDF_TABLA,55,false,H10;H11
VF-9c222bef,INSTRUCTIVO_COMERCIAL_39945_2017,,RESOLUCION SSPD 20171300039945 DE 2017,FORMATO PLAN DE OBRAS E INVERSIONES REGULADO – POIR.,37,Depreciación año 3,Depreciación año 3: Indique el valor en pesos ($) correspondientes a la depreciación del año,Numérico Decimal,decimal,23,,Si,obligatorio,Entero 20 Decimales 2,,"Valor del campo, deber ser menor o igual al valor anual de depreciación",,sin-cruce,publico-propuesto,,PDF_TABLA,55,false,H10;H11
VF-d8f79c44,INSTRUCTIVO_COMERCIAL_39945_2017,,RESOLUCION SSPD 20171300039945 DE 2017,FORMATO PLAN DE OBRAS E INVERSIONES REGULADO – POIR.,38,Depreciación año 4,Depreciación año 4: Indique el valor en pesos ($) correspondientes a la depreciación del año,Numérico Decimal,decimal,23,,Si,obligatorio,Entero 20 Decimales 2,,"Valor del campo, deber ser menor o igual al valor anual de depreciación",,sin-cruce,publico-propuesto,,PDF_TABLA,55,false,H10;H11
VF-caf10b98,INSTRUCTIVO_COMERCIAL_39945_2017,,RESOLUCION SSPD 20171300039945 DE 2017,FORMATO PLAN DE OBRAS E INVERSIONES REGULADO – POIR.,39,Depreciación año 5,Depreciación año 5: Indique el valor en pesos ($) correspondientes a la depreciación del,Numérico Decimal,decimal,23,,Si,obligatorio,Entero 20 Decimales 2,,"Valor del campo, deber ser menor o igual al valor anual de depreciación",,sin-cruce,publico-propuesto,,PDF_TABLA,55,false,H10;H11
VF-37b93bd7,INSTRUCTIVO_COMERCIAL_39945_2017,,RESOLUCION SSPD 20171300039945 DE 2017,FORMATO PLAN DE OBRAS E INVERSIONES REGULADO – POIR.,40,Depreciación año 6,Depreciación año 6: Indique el valor en pesos ($) correspondientes a la depreciación del año,Numérico Decimal,decimal,23,,Si,obligatorio,Entero 20 Decimales 2,,"Valor del campo, deber ser menor o igual al valor anual de depreciación",,sin-cruce,publico-propuesto,,PDF_TABLA,56,false,H10;H11
VF-33521a7f,INSTRUCTIVO_COMERCIAL_39945_2017,,RESOLUCION SSPD 20171300039945 DE 2017,FORMATO PLAN DE OBRAS E INVERSIONES REGULADO – POIR.,41,Depreciación año 7,Depreciación año 7: Indique el valor en pesos ($) correspondientes a la depreciación del año,Numérico Decimal,decimal,23,,Si,obligatorio,Entero 20 Decimales 2,,"Valor del campo, deber ser menor o igual al valor anual de depreciación",,sin-cruce,publico-propuesto,,PDF_TABLA,56,false,H10;H11
VF-40c6afba,INSTRUCTIVO_COMERCIAL_39945_2017,,RESOLUCION SSPD 20171300039945 DE 2017,FORMATO PLAN DE OBRAS E INVERSIONES REGULADO – POIR.,42,Depreciación año 8,Depreciación año 8: Indique el valor en pesos ($) correspondientes a la depreciación del año,Numérico Decimal,decimal,23,,Si,obligatorio,Entero 20 Decimales 2,,"Valor del campo, deber ser menor o igual al valor anual de depreciación.",,sin-cruce,publico-propuesto,,PDF_TABLA,56,false,H10;H11
VF-ef98d78a,INSTRUCTIVO_COMERCIAL_39945_2017,,RESOLUCION SSPD 20171300039945 DE 2017,FORMATO PLAN DE OBRAS E INVERSIONES REGULADO – POIR.,43,Depreciación año 9,Depreciación año 9: Indique el valor en pesos ($) correspondientes a la depreciación del año,Numérico Decimal,decimal,23,,Si,obligatorio,Entero 20 Decimales 2,,"Valor del campo, deber ser menor o igual al valor anual de depreciación.",,sin-cruce,publico-propuesto,,PDF_TABLA,56,false,H10;H11
VF-f919e49e,INSTRUCTIVO_COMERCIAL_39945_2017,,RESOLUCION SSPD 20171300039945 DE 2017,FORMATO PLAN DE OBRAS E INVERSIONES REGULADO – POIR.,44,Depreciación año 10,Depreciación año 10: Indique el valor en pesos ($) correspondientes a la depreciación del,Numérico Decimal,decimal,23,,Si,obligatorio,Entero 20 Decimales 2,,"Valor del campo, deber ser menor o igual al valor anual de depreciación.",,sin-cruce,publico-propuesto,,PDF_TABLA,56,false,H10;H11
VF-1da04bba,INSTRUCTIVO_COMERCIAL_39945_2017,,RESOLUCION SSPD 20171300039945 DE 2017,FORMATO PLAN DE OBRAS E INVERSIONES REGULADO – POIR.,45,Observaciones,Observaciones: En este campo el prestador podrá registrar todas las observaciones que,Alfanumérico,alfanumerico,300,,Si,obligatorio,,,,,sin-cruce,publico-propuesto,,PDF_TABLA,56,false,H10;H11
VF-50686533,INSTRUCTIVO_COMERCIAL_39945_2017,,RESOLUCION SSPD 20171300039945 DE 2017,FORMATO REFACTURACIÓN ACUEDUCTO,1,NUIS,Número Único de Identificación del Suscriptor - NUIS. Corresponde al número único,Alfanumérico,alfanumerico,40,,SI,obligatorio,,,,,sin-cruce,restringido-propuesto,dato personal · identificador de suscriptor,PDF_TABLA,31,false,H10;H11
VF-ba410de5,INSTRUCTIVO_COMERCIAL_39945_2017,,RESOLUCION SSPD 20171300039945 DE 2017,FORMATO REFACTURACIÓN ACUEDUCTO,2,Número de factura,"Número de factura. En este campo debe diligenciar el número de factura, el cual corresponde",Alfanumérico,alfanumerico,40,,SI,obligatorio,,,,,sin-cruce,publico-propuesto,,PDF_TABLA,31,false,H10;H11
VF-e4170102,INSTRUCTIVO_COMERCIAL_39945_2017,,RESOLUCION SSPD 20171300039945 DE 2017,FORMATO REFACTURACIÓN ACUEDUCTO,3,Fecha de expedición de la factura,Fecha de expedición de la factura. Se refiere a la fecha de expedición de la factura en formato,Fecha,fecha,10,,SI,obligatorio,El día de facturación debe corresponder al mes y año del formato,,,,sin-cruce,publico-propuesto,,PDF_TABLA,31,false,H10;H11
VF-a0298992,INSTRUCTIVO_COMERCIAL_39945_2017,,RESOLUCION SSPD 20171300039945 DE 2017,FORMATO REFACTURACIÓN ACUEDUCTO,4,Causal de refacturación,Causal de refacturación. Indica si la factura corresponde a una refacturación en caso que,Numérico,numerico,1,1 a 4,SI,obligatorio,1  -> Si es reclamo directo del usuario 2  -> Si es solución de segunda instancia de la SSPD 3  -> Si es resultado de una decisión de la empresa 4  ->  Si no cumple alguna de las anteriores,,,,sin-cruce,publico-propuesto,,PDF_TABLA,31,false,H10;H11
VF-3ef993bd,INSTRUCTIVO_COMERCIAL_39945_2017,,RESOLUCION SSPD 20171300039945 DE 2017,FORMATO REFACTURACIÓN ACUEDUCTO,5,Número de factura objeto de refacturación,Número de factura objeto de refacturación Corresponde al número de la factura objeto de,Alfanumérico,alfanumerico,20,,NO,opcional,,,,,sin-cruce,publico-propuesto,,PDF_TABLA,31,false,H10;H11
VF-bada9bf8,INSTRUCTIVO_COMERCIAL_39945_2017,,RESOLUCION SSPD 20171300039945 DE 2017,FORMATO REFACTURACIÓN ACUEDUCTO,6,Refacturación por consumo en metros cúbicos (m3).,Refacturación por consumo en metros cúbicos (m3).Corresponde a la cantidad de metros,Decimal,decimal,23,$,SI,obligatorio,,,,,sin-cruce,publico-propuesto,,PDF_TABLA,31,false,H10;H11
VF-15d5da9d,INSTRUCTIVO_COMERCIAL_39945_2017,,RESOLUCION SSPD 20171300039945 DE 2017,FORMATO REFACTURACIÓN ACUEDUCTO,7,Refacturación por consumo en pesos ($).,Refacturación por consumo en pesos ($).Corresponde a la cantidad de metros cúbicos de,Decimal,decimal,23,$,SI,obligatorio,,,,,sin-cruce,publico-propuesto,,PDF_TABLA,32,false,H10;H11
VF-c4556aea,INSTRUCTIVO_COMERCIAL_39945_2017,,RESOLUCION SSPD 20171300039945 DE 2017,FORMATO REFACTURACIÓN ACUEDUCTO,8,Refacturación por subsidio ($),Refacturación por subsidio ($) Corresponde al valor en pesos por Subsidios que se dejaron,Decimal,decimal,23,$,SI,obligatorio,,,,,sin-cruce,publico-propuesto,,PDF_TABLA,32,false,H10;H11
VF-fc6f356a,INSTRUCTIVO_COMERCIAL_39945_2017,,RESOLUCION SSPD 20171300039945 DE 2017,FORMATO REFACTURACIÓN ACUEDUCTO,9,Refacturación por contribución ($),Refacturación por contribución ($) Corresponde al valor en pesos por contribuciones que,Decimal,decimal,23,$,SI,obligatorio,,,,,sin-cruce,publico-propuesto,,PDF_TABLA,32,false,H10;H11
VF-4090fb40,INSTRUCTIVO_COMERCIAL_39945_2017,,RESOLUCION SSPD 20171300039945 DE 2017,FORMATO REFACTURACIÓN ACUEDUCTO,10,Total Refacturado en pesos ($).,Total Refacturado en pesos ($).Corresponde al valor total refacturado en pesos para esta,Decimal,decimal,23,$,SI,obligatorio,,,,,sin-cruce,publico-propuesto,,PDF_TABLA,32,false,H10;H11
VF-140e8aa6,INSTRUCTIVO_COMERCIAL_39945_2017,,RESOLUCION SSPD 20171300039945 DE 2017,FORMATO REFACTURACIÓN ACUEDUCTO,11,Pagos del usuario recibidos durante el mes de reporte ($),,Numérico,numerico,20,,NO,opcional,,,,,sin-cruce,publico-propuesto,,PDF_TABLA,32,false,H10;H11
VF-030e0563,INSTRUCTIVO_COMERCIAL_39945_2017,,RESOLUCION SSPD 20171300039945 DE 2017,FORMATO REFACTURACIÓN ALCANTARILLADO,1,NUIS,Número Único de Identificación del Suscriptor - NUIS. Corresponde al número único,Alfanumérico,alfanumerico,40,,SI,obligatorio,>0,,,,sin-cruce,restringido-propuesto,dato personal · identificador de suscriptor,PDF_TABLA,33,false,H10;H11
VF-07461090,INSTRUCTIVO_COMERCIAL_39945_2017,,RESOLUCION SSPD 20171300039945 DE 2017,FORMATO REFACTURACIÓN ALCANTARILLADO,2,Número de factura,"Número de factura. En este campo debe diligenciar el número de factura, el cual corresponde",Alfanumérico,alfanumerico,40,,SI,obligatorio,>0,,,,sin-cruce,publico-propuesto,,PDF_TABLA,33,false,H10;H11
VF-49a4533f,INSTRUCTIVO_COMERCIAL_39945_2017,,RESOLUCION SSPD 20171300039945 DE 2017,FORMATO REFACTURACIÓN ALCANTARILLADO,3,Fecha de expedición de la factura,Fecha de expedición de la factura. Se refiere a la fecha de expedición de la factura en,Fecha,fecha,10,,SI,obligatorio,El día de facturación debe corresponder al mes y año del formato,,,,sin-cruce,publico-propuesto,,PDF_TABLA,33,false,H10;H11
VF-7b478649,INSTRUCTIVO_COMERCIAL_39945_2017,,RESOLUCION SSPD 20171300039945 DE 2017,FORMATO REFACTURACIÓN ALCANTARILLADO,4,Causal de refacturación,Causal de refacturación. Indica si la factura corresponde a una refacturación en caso que,Numérico,numerico,1,1 a 4,SI,obligatorio,1  ->  Si es reclamo directo del usuario 2  ->  Si es solución de segunda instancia de la SSPD 3  ->  Si es resultado de una decisión de la empresa 4  ->  Si no cumple alguna de las anteriores,,,,sin-cruce,publico-propuesto,,PDF_TABLA,34,false,H10;H11
VF-4007f7fa,INSTRUCTIVO_COMERCIAL_39945_2017,,RESOLUCION SSPD 20171300039945 DE 2017,FORMATO REFACTURACIÓN ALCANTARILLADO,5,Número de factura objeto de refacturación,Número de factura objeto de refacturación Se refiere a la fecha de expedición de la factura,Alfanumérico,alfanumerico,40,,SI,obligatorio,>0,,,,sin-cruce,publico-propuesto,,PDF_TABLA,34,false,H10;H11
VF-1996228f,INSTRUCTIVO_COMERCIAL_39945_2017,,RESOLUCION SSPD 20171300039945 DE 2017,FORMATO REFACTURACIÓN ALCANTARILLADO,7,Refacturación por consumo en pesos ($).,Refacturación por consumo en pesos ($).Corresponde a la cantidad de metros cúbicos de,Decimal,decimal,23,$,SI,obligatorio,,,,,sin-cruce,publico-propuesto,,PDF_TABLA,34,false,H10;H11
VF-ec222582,INSTRUCTIVO_COMERCIAL_39945_2017,,RESOLUCION SSPD 20171300039945 DE 2017,FORMATO REFACTURACIÓN ALCANTARILLADO,8,Refacturación por subsidio ($),Refacturación por subsidio ($) Corresponde al valor en pesos por Subsidios que se dejaron,Decimal,decimal,23,$,SI,obligatorio,,,,,sin-cruce,publico-propuesto,,PDF_TABLA,34,false,H10;H11
VF-458ad4e9,INSTRUCTIVO_COMERCIAL_39945_2017,,RESOLUCION SSPD 20171300039945 DE 2017,FORMATO REFACTURACIÓN ALCANTARILLADO,9,Refacturación por contribución ($),Refacturación por contribución ($) Corresponde al valor en pesos por contribuciones que se,Decimal,decimal,23,$,SI,obligatorio,,,,,sin-cruce,publico-propuesto,,PDF_TABLA,34,false,H10;H11
VF-fc0654b2,INSTRUCTIVO_COMERCIAL_39945_2017,,RESOLUCION SSPD 20171300039945 DE 2017,FORMATO REFACTURACIÓN ALCANTARILLADO,10,Total Refacturado en pesos ($).,Total Refacturado en pesos ($).Corresponde al valor total refacturado en pesos para esta,Decimal,decimal,23,$,SI,obligatorio,,,,,sin-cruce,publico-propuesto,,PDF_TABLA,35,false,H10;H11
VF-60da5cb3,INSTRUCTIVO_COMERCIAL_39945_2017,,RESOLUCION SSPD 20171300039945 DE 2017,FORMATO REFACTURACIÓN ALCANTARILLADO,11,Pagos del usuario recibidos durante el mes de reporte ($),,Numérico,numerico,20,,NO,opcional,>= 0,,>= 0,,sin-cruce,publico-propuesto,,PDF_TABLA,35,false,H10;H11
VF-1ee6e497,INSTRUCTIVO_COMERCIAL_39945_2017,,RESOLUCION SSPD 20171300039945 DE 2017,"FORMATO VIDIF287,J,AC/AL VALOR POR COBRAR DEL ACTIVO J, DIFERENTES AL VALOR DE LAS",1,Servicio,Servicio: Indique 1 para el servicio de acueducto y 2 para el servicio de alcantarillado.,Numérico,numerico,1,,SI,obligatorio,1  ->  Acueducto 2  ->  Alcantarillado,,,,sin-cruce,publico-propuesto,,PDF_TABLA,66,false,H10;H11
VF-bdcbe718,INSTRUCTIVO_COMERCIAL_39945_2017,,RESOLUCION SSPD 20171300039945 DE 2017,"FORMATO VIDIF287,J,AC/AL VALOR POR COBRAR DEL ACTIVO J, DIFERENTES AL VALOR DE LAS",2,ID Sistema,,Numérico,numerico,4,,Si,obligatorio,Validar con los ids de los sistemas configurados por la empresa.,,,,sin-cruce,publico-propuesto,,PDF_TABLA,67,false,H10;H11
VF-64d0479e,INSTRUCTIVO_COMERCIAL_39945_2017,,RESOLUCION SSPD 20171300039945 DE 2017,"FORMATO VIDIF287,J,AC/AL VALOR POR COBRAR DEL ACTIVO J, DIFERENTES AL VALOR DE LAS",3,Código del subsistema,Código del subsistema: Clasificación de activos e inversiones por grupo de activos y,Numérico,numerico,1,Entero,Si,obligatorio,Si servicio = 1 opciones de subsistema: 1 = Producción de agua potable. 2 = Transporte de agua potable. 3 = Distribución de agua potable. Si servicio = 2 opciones de subsistema: 4 = Recolección y transporte de aguas residuales. 5 = Tratamiento y/o disposición final de aguas residuales.,,El rango de valores para este campo es de 1 a 5,,sin-cruce,publico-propuesto,,PDF_TABLA,67,false,H10;H11
VF-91428037,INSTRUCTIVO_COMERCIAL_39945_2017,,RESOLUCION SSPD 20171300039945 DE 2017,"FORMATO VIDIF287,J,AC/AL VALOR POR COBRAR DEL ACTIVO J, DIFERENTES AL VALOR DE LAS",4,Código de actividad,,Numérico,numerico,2,,Si,obligatorio,"Si subsistema = 1 opciones de actividad 1 = Captación, 2 = Aducción 3 = Pretratamiento 4 = Tratamiento ;Si subsistema = 2 opciones de actividad 5 = Conducción; Si subsistema = 3 opciones de actividad 6 = Distribución; Si subsistema = 4 opciones de actividad 7 = Recolección 8 = Elevación y bombeo; Si subsistema = 5 opciones de actividad 9 = Pretratamiento 10 = Tratamiento 11 = Disposición final.",,El rango de valores para este campo es de 1 a 11,,sin-cruce,publico-propuesto,,PDF_TABLA,67,false,H10;H11
VF-fd33d80e,INSTRUCTIVO_COMERCIAL_39945_2017,,RESOLUCION SSPD 20171300039945 DE 2017,"FORMATO VIDIF287,J,AC/AL VALOR POR COBRAR DEL ACTIVO J, DIFERENTES AL VALOR DE LAS",5,Código del tipo activo,Código del tipo activo: Clasificación de activos e inversiones por grupo de activos y,Numérico,numerico,2,,Si,obligatorio,Validación tabla acueducto y alcantarillado Artículo 49 de la Resolución CRA 688 de 2014,,,,sin-cruce,publico-propuesto,,PDF_TABLA,68,false,H10;H11
VF-305ebde3,INSTRUCTIVO_COMERCIAL_39945_2017,,RESOLUCION SSPD 20171300039945 DE 2017,"FORMATO VIDIF287,J,AC/AL VALOR POR COBRAR DEL ACTIVO J, DIFERENTES AL VALOR DE LAS",6,Nombre del activo,Nombre del activo: Indica el nombre del activo.,Alfanumérico,alfanumerico,100,,Si,obligatorio,,,,,sin-cruce,restringido-propuesto,dato personal · nombre,PDF_TABLA,68,false,H10;H11
VF-d2fe199d,INSTRUCTIVO_COMERCIAL_39945_2017,,RESOLUCION SSPD 20171300039945 DE 2017,"FORMATO VIDIF287,J,AC/AL VALOR POR COBRAR DEL ACTIVO J, DIFERENTES AL VALOR DE LAS",7,Municipio donde el activo fue asignado,Municipio donde el activo fue asignado: Indique el código DANE del municipio donde el,Alfanumérico,alfanumerico,5,,Si,obligatorio,"Validar el código DANE de las APS configurados por la empresa el aplicativo de reporte de información tarifaria. La información reportada en este Formato, debe estar registrada previamente en el aplicativo del NMT.",,,,sin-cruce,publico-propuesto,,PDF_TABLA,68,false,H10;H11
VF-df622b39,INSTRUCTIVO_COMERCIAL_39945_2017,,RESOLUCION SSPD 20171300039945 DE 2017,"FORMATO VIDIF287,J,AC/AL VALOR POR COBRAR DEL ACTIVO J, DIFERENTES AL VALOR DE LAS",8,Código Único del Activo,"Código único del activo: Indica el código único numérico con el que se identifica el activo, el",Numérico,numerico,6,,Si,obligatorio,,,,,sin-cruce,publico-propuesto,,PDF_TABLA,68,false,H10;H11
VF-e7975239,INSTRUCTIVO_COMERCIAL_39945_2017,,RESOLUCION SSPD 20171300039945 DE 2017,"FORMATO VIDIF287,J,AC/AL VALOR POR COBRAR DEL ACTIVO J, DIFERENTES AL VALOR DE LAS",9,Método de Valoración del activo,Método de valoración del activo: Indique el método de valoración.,Numérico,numerico,1,,SI,obligatorio,1  ->  Contable 2  ->  Técnica,,,,sin-cruce,publico-propuesto,,PDF_TABLA,68,false,H10;H11
VF-a2772043,INSTRUCTIVO_COMERCIAL_39945_2017,,RESOLUCION SSPD 20171300039945 DE 2017,"FORMATO VIDIF287,J,AC/AL VALOR POR COBRAR DEL ACTIVO J, DIFERENTES AL VALOR DE LAS",10,Número de suscriptores beneficiados por el activo a diciembre de 2014,Número de suscriptores beneficiados por el activo a diciembre de 2014: Indique el,Numérico,numerico,7,,Si,obligatorio,,,,,sin-cruce,publico-propuesto,,PDF_TABLA,68,false,H10;H11
VF-dbad4adb,INSTRUCTIVO_COMERCIAL_39945_2017,,RESOLUCION SSPD 20171300039945 DE 2017,"FORMATO VIDIF287,J,AC/AL VALOR POR COBRAR DEL ACTIVO J, DIFERENTES AL VALOR DE LAS",11,Justificación del Método de Valoración,Justificación del método de valoración: Indique la justificación del método de valoración,Alfanumérico,alfanumerico,400,,Si,obligatorio,,,,,sin-cruce,publico-propuesto,,PDF_TABLA,69,false,H10;H11
VF-9648426b,INSTRUCTIVO_COMERCIAL_39945_2017,,RESOLUCION SSPD 20171300039945 DE 2017,"FORMATO VIDIF287,J,AC/AL VALOR POR COBRAR DEL ACTIVO J, DIFERENTES AL VALOR DE LAS",12,Fecha de adquisición o fecha de construcción,Fecha de adquisición o fecha de construcción: Indique la fecha de adquisición del activo,Fecha,fecha,10,,Si,obligatorio,,,,,sin-cruce,publico-propuesto,,PDF_TABLA,69,false,H10;H11
VF-03479464,INSTRUCTIVO_COMERCIAL_39945_2017,,RESOLUCION SSPD 20171300039945 DE 2017,"FORMATO VIDIF287,J,AC/AL VALOR POR COBRAR DEL ACTIVO J, DIFERENTES AL VALOR DE LAS",13,Año entrada operación del activo,,Numérico,numerico,4,,Si,obligatorio,Debe indicar el año de entrada de operación del activo,,,,sin-cruce,publico-propuesto,,PDF_TABLA,69,false,H10;H11
VF-8f65a7ff,INSTRUCTIVO_COMERCIAL_39945_2017,,RESOLUCION SSPD 20171300039945 DE 2017,"FORMATO VIDIF287,J,AC/AL VALOR POR COBRAR DEL ACTIVO J, DIFERENTES AL VALOR DE LAS",14,Fecha de inicio de aplicación de tarifas Res. CRA 688/14,Fecha de inicio de aplicación de tarifas Res. CRA 688/14: Indique la fecha de inicio de,Fecha,fecha,10,,Si,obligatorio,Validar la fecha dependiendo de los ids de los sistemas configurados por la empresa.,,,,sin-cruce,publico-propuesto,,PDF_TABLA,69,false,H10;H11
VF-0f438d9d,INSTRUCTIVO_COMERCIAL_39945_2017,,RESOLUCION SSPD 20171300039945 DE 2017,"FORMATO VIDIF287,J,AC/AL VALOR POR COBRAR DEL ACTIVO J, DIFERENTES AL VALOR DE LAS",15,Para la asignación de la vida útil del activo utiliza la clasificación del Art. 49 de la Res. CRA 688/14?,,Numérico,numerico,1,,Si,obligatorio,1  ->  Si 2  -> No,,Para el caso de terrenos y equipos electromecánicos deberá indicar en este campo 2.,,sin-cruce,publico-propuesto,,PDF_TABLA,69,false,H10;H11
VF-9fd92e82,INSTRUCTIVO_COMERCIAL_39945_2017,,RESOLUCION SSPD 20171300039945 DE 2017,"FORMATO VIDIF287,J,AC/AL VALOR POR COBRAR DEL ACTIVO J, DIFERENTES AL VALOR DE LAS",16,"Vida útil del activo (Vuj, ac/al)","Vida útil del activo (VUj, ac/al): Clasificación de activos e inversiones por grupo de activos",Numérico,numerico,2,Entero,Si,obligatorio,Validación tabla acueducto y alcantarillado Artículo 49 de la Resolución CRA 688 de 2014.,,Para el caso de terrenos deberá diligenciar 0,,sin-cruce,publico-propuesto,,PDF_TABLA,69,false,H10;H11
VF-3a81f542,INSTRUCTIVO_COMERCIAL_39945_2017,,RESOLUCION SSPD 20171300039945 DE 2017,"FORMATO VIDIF287,J,AC/AL VALOR POR COBRAR DEL ACTIVO J, DIFERENTES AL VALOR DE LAS",17,"Vida útil remanente (VURj, ac/al)","Vida útil remanente (VURj, ac/al): Tiempo que falta por depreciar el activo, diferencia entre",Decimal,decimal,"Enteros 2, Decimales 6",,Si,obligatorio,,,"Para el caso de Tipo de activo Terrenos se debe diligenciar 0, VURj, ac/al = Vida útil del activo – (Diferencia expresada en años a 6 decimales de Fecha de inicio de aplicación de tarifas Res. CRA 688 de 2014 y Fecha de entrada operación del activo).",,sin-cruce,publico-propuesto,,PDF_TABLA,70,false,H10;H11
VF-3ba68286,INSTRUCTIVO_COMERCIAL_39945_2017,,RESOLUCION SSPD 20171300039945 DE 2017,"FORMATO VIDIF287,J,AC/AL VALOR POR COBRAR DEL ACTIVO J, DIFERENTES AL VALOR DE LAS",18,Fecha final de depreciación,Fecha final de depreciación: Indique la fecha final de depreciación en formato DD-MM-,Fecha,fecha,10,,No,opcional,Debe ser mayor o igual a 2017,,Para el caso de tipo de activo terrenos se debe dejar vacío.,,sin-cruce,publico-propuesto,,PDF_TABLA,70,false,H10;H11
VF-5fe32b26,INSTRUCTIVO_COMERCIAL_39945_2017,,RESOLUCION SSPD 20171300039945 DE 2017,"FORMATO VIDIF287,J,AC/AL VALOR POR COBRAR DEL ACTIVO J, DIFERENTES AL VALOR DE LAS",19,Valor Histórico,Valor histórico: Indique el valor histórico del activo sin incluir valorizaciones. Se reporta el,Decimal,decimal,23,,Si,obligatorio,Entero 20 Decimales 2,,,,sin-cruce,publico-propuesto,,PDF_TABLA,70,false,H10;H11
VF-b4711b90,INSTRUCTIVO_COMERCIAL_39945_2017,,RESOLUCION SSPD 20171300039945 DE 2017,"FORMATO VIDIF287,J,AC/AL VALOR POR COBRAR DEL ACTIVO J, DIFERENTES AL VALOR DE LAS",20,Valor histórico ajustado a pesos de diciembre del año base Res. CRA 688 de 2014.,Valor histórico ajustado a pesos de diciembre del año base Res. CRA 688 de 2014:,Decimal,decimal,23,,Si,obligatorio,Entero 20 Decimales 2,,,,sin-cruce,publico-propuesto,,PDF_TABLA,70,false,H10;H11
VF-6f37a2ef,INSTRUCTIVO_COMERCIAL_39945_2017,,RESOLUCION SSPD 20171300039945 DE 2017,"FORMATO VIDIF287,J,AC/AL VALOR POR COBRAR DEL ACTIVO J, DIFERENTES AL VALOR DE LAS",21,Depreciación acumulada al día anterior de la fecha de inicio de aplicación de la Res. CRA 688 de 2014.,Depreciación acumulada al día anterior de la fecha de inicio de aplicación de la Res.,Decimal,decimal,23,,Si,obligatorio,Entero 20 Decimales 2,,,,sin-cruce,publico-propuesto,,PDF_TABLA,70,false,H10;H11
VF-5f7d5587,INSTRUCTIVO_COMERCIAL_39945_2017,,RESOLUCION SSPD 20171300039945 DE 2017,"FORMATO VIDIF287,J,AC/AL VALOR POR COBRAR DEL ACTIVO J, DIFERENTES AL VALOR DE LAS",22,Depreciación acumulada al día anterior de la fecha de inicio de aplicación de la Res. CRA 688 de 2014 ajustada a pesos de diciembre del año base Res. CRA 688 de 2014,Depreciación acumulada al día anterior de la fecha de inicio de aplicación de la Res.,Decimal,decimal,23,,Si,obligatorio,Entero 20 Decimales 2,,Para el caso de tipo de activo terrenos se debe dejar en cero 0.,,sin-cruce,publico-propuesto,,PDF_TABLA,71,false,H10;H11
VF-4df89b47,INSTRUCTIVO_COMERCIAL_39945_2017,,RESOLUCION SSPD 20171300039945 DE 2017,"FORMATO VIDIF287,J,AC/AL VALOR POR COBRAR DEL ACTIVO J, DIFERENTES AL VALOR DE LAS",23,Valor Neto del Activo Ajustado a Pesos de Diciembre del Año Base Res. CRA 688 de 2014.,Valor neto del activo ajustado a pesos de diciembre del año base Res. CRA 688 de 2014:,Decimal,decimal,23,,SI,obligatorio,Entero 20 Decimales 2,,Valor Neto de los Activos Ajustados a Pesos de Diciembre del Año Base= Valor Histórico Ajustado a Pesos de Diciembre del Año Base - Depreciaciones Acumuladas Ajustadas a Pesos de Diciembre del Año Base,,sin-cruce,publico-propuesto,,PDF_TABLA,71,false,H10;H11
VF-a92536c9,INSTRUCTIVO_COMERCIAL_39945_2017,,RESOLUCION SSPD 20171300039945 DE 2017,"FORMATO VIDIF287,J,AC/AL VALOR POR COBRAR DEL ACTIVO J, DIFERENTES AL VALOR DE LAS",24,Valor anual de depreciación,Valor anual de depreciación: Valor total del activo dividido la vida útil. Datos de validación,Decimal,decimal,23 Entero 20 Decimales 2,,SI No aplica para el tipo de activo Terrenos,condicional,"Valor anual de la depreciación = Valor Neto de los Activos Ajustados a Pesos de Diciembre del Año Base Res. CRA 688 de 2014/ Vida útil remanente (VURj, ac/al)",,,,sin-cruce,publico-propuesto,,PDF_TABLA,71,false,H10;H11
VF-73f5fb02,INSTRUCTIVO_COMERCIAL_39945_2017,,RESOLUCION SSPD 20171300039945 DE 2017,"FORMATO VIDIF287,J,AC/AL VALOR POR COBRAR DEL ACTIVO J, DIFERENTES AL VALOR DE LAS",25,Depreciación año 1,Depreciación año 1: Indique la depreciación del año 1. Datos de validación Si Vida útil,Decimal,decimal,23,,NO,opcional,Entero 20 Decimales 2,,"Valor del campo, deber ser menor o igual al valor anual de depreciación",,sin-cruce,publico-propuesto,,PDF_TABLA,71,false,H10;H11
VF-fb78559b,INSTRUCTIVO_COMERCIAL_39945_2017,,RESOLUCION SSPD 20171300039945 DE 2017,"FORMATO VIDIF287,J,AC/AL VALOR POR COBRAR DEL ACTIVO J, DIFERENTES AL VALOR DE LAS",26,Depreciación año 2,Depreciación año 2: Indique la depreciación del año 2. Datos de validación Si Vida útil,Decimal,decimal,23,,NO,opcional,Entero 20 Decimales 2,,"Valor del campo, deber ser menor o igual al valor anual de depreciación",,sin-cruce,publico-propuesto,,PDF_TABLA,72,false,H10;H11
VF-c87505fd,INSTRUCTIVO_COMERCIAL_39945_2017,,RESOLUCION SSPD 20171300039945 DE 2017,"FORMATO VIDIF287,J,AC/AL VALOR POR COBRAR DEL ACTIVO J, DIFERENTES AL VALOR DE LAS",27,Depreciación año 3,Depreciación año 3: Indique la depreciación del año 3. Datos de validación Si Vida útil,Decimal,decimal,23,,NO,opcional,Entero 20 Decimales 2,,"Valor del campo, deber ser menor o igual al valor anual de depreciación",,sin-cruce,publico-propuesto,,PDF_TABLA,72,false,H10;H11
VF-3dfa9819,INSTRUCTIVO_COMERCIAL_39945_2017,,RESOLUCION SSPD 20171300039945 DE 2017,"FORMATO VIDIF287,J,AC/AL VALOR POR COBRAR DEL ACTIVO J, DIFERENTES AL VALOR DE LAS",28,Depreciación año 4,Depreciación año 4: Indique la depreciación del año 4. Datos de validación Si Vida útil,Decimal,decimal,23,,NO,opcional,Entero 20 Decimales 2,,"Valor del campo, deber ser menor o igual al valor anual de depreciación",,sin-cruce,publico-propuesto,,PDF_TABLA,72,false,H10;H11
VF-3d4929de,INSTRUCTIVO_COMERCIAL_39945_2017,,RESOLUCION SSPD 20171300039945 DE 2017,"FORMATO VIDIF287,J,AC/AL VALOR POR COBRAR DEL ACTIVO J, DIFERENTES AL VALOR DE LAS",29,Depreciación año 5,Depreciación año 5: Indique la depreciación del año 5. Datos de validación Si Vida útil,Decimal,decimal,23,,NO,opcional,Entero 20 Decimales 2,,"Valor del campo, deber ser menor o igual al valor anual de depreciación",,sin-cruce,publico-propuesto,,PDF_TABLA,72,false,H10;H11
VF-83effabb,INSTRUCTIVO_COMERCIAL_39945_2017,,RESOLUCION SSPD 20171300039945 DE 2017,"FORMATO VIDIF287,J,AC/AL VALOR POR COBRAR DEL ACTIVO J, DIFERENTES AL VALOR DE LAS",30,Depreciación año 6,Depreciación año 6: Indique la depreciación del año 6. Datos de validación Si Vida útil,Decimal,decimal,23,,NO,opcional,Entero 20 Decimales 2,,"Valor del campo, deber ser menor o igual al valor anual de depreciación",,sin-cruce,publico-propuesto,,PDF_TABLA,72,false,H10;H11
VF-d10482aa,INSTRUCTIVO_COMERCIAL_39945_2017,,RESOLUCION SSPD 20171300039945 DE 2017,"FORMATO VIDIF287,J,AC/AL VALOR POR COBRAR DEL ACTIVO J, DIFERENTES AL VALOR DE LAS",31,Depreciación año 7,Depreciación año 7: Indique la depreciación del año 7. Datos de validación Si Vida útil,Decimal,decimal,23,,,sin-dato,,,,,sin-cruce,publico-propuesto,,PDF_TABLA,72,false,H10;H11
VF-0121dd35,INSTRUCTIVO_COMERCIAL_39945_2017,,RESOLUCION SSPD 20171300039945 DE 2017,"FORMATO VIDIF287,J,AC/AL VALOR POR COBRAR DEL ACTIVO J, DIFERENTES AL VALOR DE LAS",32,Depreciación año 8,Depreciación año 8: Indique la depreciación del año 8. Datos de validación Si Vida útil,Decimal,decimal,23,,NO,opcional,Entero 20 Decimales 2,,"Valor del campo, deber ser menor o igual al valor anual de depreciación",,sin-cruce,publico-propuesto,,PDF_TABLA,73,false,H10;H11
VF-98957282,INSTRUCTIVO_COMERCIAL_39945_2017,,RESOLUCION SSPD 20171300039945 DE 2017,"FORMATO VIDIF287,J,AC/AL VALOR POR COBRAR DEL ACTIVO J, DIFERENTES AL VALOR DE LAS",33,Depreciación año 9,Depreciación año 9: Indique la depreciación del año 9. Datos de validación Si Vida útil,Decimal,decimal,23,,NO,opcional,Entero 20 Decimales 2,,"Valor del campo, deber ser menor o igual al valor anual de depreciación",,sin-cruce,publico-propuesto,,PDF_TABLA,73,false,H10;H11
VF-2f8df6eb,INSTRUCTIVO_COMERCIAL_39945_2017,,RESOLUCION SSPD 20171300039945 DE 2017,"FORMATO VIDIF287,J,AC/AL VALOR POR COBRAR DEL ACTIVO J, DIFERENTES AL VALOR DE LAS",34,Depreciación año 10,Depreciación año 10: Indique la depreciación del año 10. Datos de validación Si Vida útil,Decimal,decimal,23,,NO,opcional,Entero 20 Decimales 2,,"Valor del campo, deber ser menor o igual al valor anual de depreciación",,sin-cruce,publico-propuesto,,PDF_TABLA,73,false,H10;H11
VF-8320fbe3,INSTRUCTIVO_COMERCIAL_39945_2017,,RESOLUCION SSPD 20171300039945 DE 2017,"FORMATO VIDIF287,J,AC/AL VALOR POR COBRAR DEL ACTIVO J, DIFERENTES AL VALOR DE LAS",35,Observaciones,Observaciones: En este campo el prestador podrá registrar todas las observaciones que,Alfanumérico,alfanumerico,300,,Si,obligatorio,,,,,sin-cruce,publico-propuesto,,PDF_TABLA,73,false,H10;H11
VF-9b14ede0,INSTRUCTIVO_IUS_APS_2024,,RESOLUCION SSPD 20221000284385 DE 2022,FORMATO IUS NIVEL DE ANALISIS POR APS,1,Código DANE,Corresponde a la codificación dada por el Departamento,Alfanumérico,alfanumerico,8,N/A,Si,obligatorio,Corresponde a la codificación dada por el DANE a la división político- administrativa de Colombia.,,"- Si el prestador previamente no ha diligenciado el “Módulo de configuración” de SURICATA, el sistema no le permitirá reportar este campo. - El Código DANE debe corresponder al registrado en el “Módulo de configuración” de SURICATA. - Para empresas que tengan varias APS, el sistema le solicitará que vengan todas las APS que el prestador configuró en el Módulo de configuración de SURICATA. - El sistema no le permitirá el reporte de datos duplicados con el campo “Código DANE - APS"". El validador AAA, solo le permitirá reportar conforme a los “Valores admisibles” y “Longitud de campo” indicados en este lineamiento de cargue.",,sin-cruce,publico-propuesto,,PDF_TABLA,5,false,H10;H11
VF-090cf5f6,INSTRUCTIVO_IUS_APS_2024,,RESOLUCION SSPD 20221000284385 DE 2022,FORMATO IUS NIVEL DE ANALISIS POR APS,2,Sumatoria_ICg,Corresponde al numerador de la fórmula para obtener el,Numérico Decimal,decimal,"4 enteros, 2 Decimales",N/A,(Ver Observaciones de validación),condicional,Números positivos entre =>0.00 hasta =<9999.99,,,,sin-cruce,publico-propuesto,,PDF_TABLA,5,false,H10;H11
VF-fee61611,INSTRUCTIVO_IUS_APS_2024,,RESOLUCION SSPD 20221000284385 DE 2022,FORMATO IUS NIVEL DE ANALISIS POR APS,3,Período de Facturación_PF x APS,Número de períodos de facturación,Numérico entero,entero,4 enteros,N/A,(Ver Observaciones de validación),condicional,Números positivos entre >0 hasta =<9999,Grande Prestador Pequeño Prestador Prestador Rural,"Si el APS reportada en SURICATA atiende solo el servicio de ""ALCANTARILLADO"" el aplicativo le exigirá que este campo debe venir vacío ( ). El validador AAA, solo le permitirá reportar conforme a los “Valores admisibles” y “Longitud de campo” indicados en este lineamiento de cargue. Por medio del documento denominado “Preguntas Frecuentes Resoluciones CRA 906, 919 y 926 de 2020” se señalan las herramientas para facilitar el entendimiento y aplicación para la forma de determinar los periodos de facturación en los indicadores que aplique.",,sin-cruce,publico-propuesto,,PDF_TABLA,6,false,H10;H11
VF-552cb43a,INSTRUCTIVO_IUS_APS_2024,,RESOLUCION SSPD 20221000284385 DE 2022,FORMATO IUS NIVEL DE ANALISIS POR APS,4,NDNA_Acueducto,Corresponde al número de PQR del servicio público,Numérico Entero,entero,6 enteros,N/A,(Ver Observaciones de validación),condicional,"Números positivos, sin caracteres especiales",Grande Prestador Pequeño Prestador Prestador Rural,"Si el APS reportada en SURICATA atiende solo el servicio de ""ALCANTARILLADO"" el aplicativo le exigirá que este campo debe venir vacío ( ). El validador AAA, solo le permitirá reportar conforme a los “Valores admisibles” y “Longitud de campo” indicados en este lineamiento de cargue",,sin-cruce,publico-propuesto,,PDF_TABLA,7,false,H10;H11
VF-2914a66d,INSTRUCTIVO_IUS_APS_2024,,RESOLUCION SSPD 20221000284385 DE 2022,FORMATO IUS NIVEL DE ANALISIS POR APS,5,NTD_Acueducto,Corresponde al número total de PQR del servicio público,Numérico Entero,entero,6 enteros,N/A,(Ver Observaciones de validación),condicional,"Números positivos, sin caracteres especiales",Grande Prestador Pequeño Prestador Prestador Rural,"Si el APS reportada en SURICATA atiende solo el servicio de ""ALCANTARILLADO"" el aplicativo le exigirá que este campo debe venir vacío ( ). El validador AAA, solo le permitirá reportar conforme a los “Valores admisibles” y “Longitud de campo” indicados en este lineamiento de cargue",,sin-cruce,publico-propuesto,,PDF_TABLA,7,false,H10;H11
VF-cc6681cd,INSTRUCTIVO_IUS_APS_2024,,RESOLUCION SSPD 20221000284385 DE 2022,FORMATO IUS NIVEL DE ANALISIS POR APS,6,NDNA_Alcantarillado,Corresponde al número de PQR del servicio público,Numérico Entero,entero,6 enteros,N/A,(Ver Observaciones de validación),condicional,"Números positivos, sin caracteres especiales",Grande Prestador Pequeño Prestador Prestador Rural,"Si el APS reportada en SURICATA atiende solo el servicio de ""ACUEDUCTO"" el aplicativo le exigirá que este campo debe venir vacío ( ). El validador AAA, solo le permitirá reportar conforme a los “Valores admisibles” y “Longitud de campo” indicados en este lineamiento de cargue",,sin-cruce,publico-propuesto,,PDF_TABLA,8,false,H10;H11
VF-21288645,INSTRUCTIVO_IUS_APS_2024,,RESOLUCION SSPD 20221000284385 DE 2022,FORMATO IUS NIVEL DE ANALISIS POR APS,7,NTD_Alcantarillado,Corresponde al número total de PQR del servicio público,Numérico Entero,entero,6 enteros,N/A,(Ver Observaciones de validación),condicional,"Números positivos, sin caracteres especiales",Grande Prestador Pequeño Prestador Prestador Rural,,,sin-cruce,publico-propuesto,,PDF_TABLA,8,false,H10;H11
VF-7fdb9495,INSTRUCTIVO_IUS_APS_2024,,RESOLUCION SSPD 20221000284385 DE 2022,FORMATO IUS NIVEL DE ANALISIS POR APS,8,Inversiones proyectadas Acueducto,El prestador debe reportar en este,Numérico Entero,entero,1 entero,N/A,(Ver Observaciones de validación),condicional,1=SI 2=NO,Grande Prestador Pequeño Prestador Prestador Rural,"Si el APS reportada en SURICATA atiende solo el servicio de ""ALCANTARILLADO"" el aplicativo le exigirá que este campo debe venir vacío ( ). El validador AAA, solo le permitirá reportar conforme a los “Valores admisibles” y “Longitud de campo” indicados en este lineamiento de cargue - Aplica a prestadores que empleen una fórmula tarifaria contractual en los términos del parágrafo 1 del artículo 87 de la Ley 142 de 1994, de acuerdo con el alcance de lo previsto en el contrato. En caso en que el prestador bajo esta condición tenga en su contrato la obligación de contar con un Plan de Inversiones del servicio público de acueducto con cargo a la tarifa, debe reportar: 1 (SI); de lo contrario debe reportar: 2 (NO). Al responder 2 (NO), no se le habilitan los campos de reporte de información de ejecución y proyección de inversiones y los porcentajes de los ponderadores serán redistribuidos. El código 2 (NO) corresponde únicamente a los siguientes escenarios: - El prestador no cuenta con plan de inversiones con cargo a la tarifa para el APS reportada.",,sin-cruce,publico-propuesto,,PDF_TABLA,9,false,H10;H11
VF-7669ef5a,INSTRUCTIVO_IUS_APS_2024,,RESOLUCION SSPD 20221000284385 DE 2022,FORMATO IUS NIVEL DE ANALISIS POR APS,9,Valor presente de los recursos ejecutados de Acueducto,Sumatoria del,Numérico Decimal,decimal,"15 enteros, 2 Decimales",Pesos del año base,(Ver Observaciones de validación),condicional,"Números positivos, sin caracteres especiales, entre =>0 hasta =<999999999999999.99",Grande Prestador,,,sin-cruce,publico-propuesto,,PDF_TABLA,10,false,H10;H11
VF-e8d0d00c,INSTRUCTIVO_IUS_APS_2024,,RESOLUCION SSPD 20221000284385 DE 2022,FORMATO IUS NIVEL DE ANALISIS POR APS,10,Valor presente de las inversiones proyectadas de Acueducto,Sumatoria,Numérico Decimal,decimal,"15 enteros, 2 Decimales",Pesos del año base,(Ver Observaciones de validación),condicional,"Números positivos, sin caracteres especiales, entre =>0 hasta =<999999999999999.99",Grande Prestador,"Si el APS reportada en SURICATA atiende solo el servicio de ""ALCANTARILLADO"" el aplicativo le exigirá que este campo debe venir vacío ( ). - El validador AAA, le solicitará información de manera obligatoria, si en el campo 8 (Plan de inversiones Acueducto) indicó = ""1"" (SI) conforme a los “Valores admisibles” y “Longitud de campo” indicados en este lineamiento de cargue - El valor a reportar corresponde al denominador de la fórmula establecida para el cálculo del indicador EP.1.1 Índice de Inversiones Acumuladas de Acueducto – IIAAC, de la Ficha Técnica del Anexo 4 de la Resolución CRA 906 de 2019, en pesos del año base, que debe incluir el ajuste con el 𝑁𝑁𝑁𝑁: Tasa del costo promedio ponderado de capital regulatorio. Son las inversiones proyectadas del plan de inversiones con el que se calcularon los costos del servicio público domiciliario de acueducto. - En razón a que se requiere el valor acumulado de los recursos proyectados, el valor a reportar es el resultado de la sumatoria del valor presente de los recursos proyectados, desde el año tarifario de inicio de ejecución del plan de inversiones, hasta el final del año tarifario del período de evaluación, es decir hasta el 30 de junio del año de evaluación. - Se debe utilizar el POIR actualizado de que trata el parágrafo 1° del artículo 109 de la Resolución CRA 688 de 2014, modificado por el artículo 1° de la Resolución CRA 938 de 2020. - En el caso que el prestador cuente con recursos ejecutados en inversiones compartidas entre Áreas de Prestación del Servicio – APS, se aplicará la distribución de dichos recursos por APS aplicando los mismos criterios que el prestador consideró en la elaboración del plan de inversiones o POIR. Si no se realizó dicha distribución, la distribución de los recursos ejecutados y proyectados la realizará a partir del número de",,sin-cruce,publico-propuesto,,PDF_TABLA,11,false,H10;H11
VF-92a9a353,INSTRUCTIVO_IUS_APS_2024,,RESOLUCION SSPD 20221000284385 DE 2022,FORMATO IUS NIVEL DE ANALISIS POR APS,11,Valor Ejecutado del Activo y/o Proyecto - Acueducto,Sumatoria del valor,Numérico Decimal,decimal,"15 enteros, 2 Decimales",Pesos corrientes,(Ver Observaciones de validación),condicional,"Números positivos, sin caracteres especiales, entre =>0 hasta =<999999999999999.99",Grande Prestador Pequeño Prestador Prestador Rural,"Si el APS reportada en SURICATA atiende solo el servicio de ""ALCANTARILLADO"" el aplicativo le exigirá que este campo debe venir vacío ( ). - El validador AAA, le solicitará información de manera obligatoria, si en el campo 8 (Plan de inversiones Acueducto) indicó = ""1"" (SI) conforme a los “Valores admisibles” y “Longitud de campo” indicados en este lineamiento de cargue. - El validador AAA, le solicitará que este campo este vacío, si en el campo 8 (Plan de inversiones Acueducto) indicó = ""2"" (NO). - El valor a reportar corresponde al numerador de la fórmula establecida para el cálculo del indicador EP.1.2 Índice de Ejecución Anual de Inversiones de Acueducto –",,sin-cruce,publico-propuesto,,PDF_TABLA,13,false,H10;H11
VF-a326394b,INSTRUCTIVO_IUS_APS_2024,,RESOLUCION SSPD 20221000284385 DE 2022,FORMATO IUS NIVEL DE ANALISIS POR APS,12,Valor de los Proyectos y/o Activos establecidos - Acueducto,Sumatoria,Numérico Decimal,decimal,"15 enteros, 2 Decimales",Pesos corrientes,(Ver Observaciones de validación),condicional,"Números positivos, sin caracteres especiales, entre =>0 hasta =<999999999999999.99",Grande Prestador Pequeño Prestador Prestador Rural,"Si el APS reportada en SURICATA atiende solo el servicio de ""ALCANTARILLADO"" el aplicativo le exigirá que este campo debe venir vacío ( ).",,sin-cruce,publico-propuesto,,PDF_TABLA,14,false,H10;H11
VF-a9a951e5,INSTRUCTIVO_IUS_APS_2024,,RESOLUCION SSPD 20221000284385 DE 2022,FORMATO IUS NIVEL DE ANALISIS POR APS,13,Inversiones proyectadas Alcantarillado,El prestador debe reportar en este,Numérico Entero,entero,1 entero,N/A,(Ver Observaciones de validación),condicional,1=SI 2=NO,Grande Prestador Pequeño Prestador Prestador Rural,"Si el APS reportada en SURICATA atiende solo el servicio de ""ACUEDUCTO"" el aplicativo le exigirá que este campo debe venir vacío ( ).",,sin-cruce,publico-propuesto,,PDF_TABLA,15,false,H10;H11
VF-fefcf389,INSTRUCTIVO_IUS_APS_2024,,RESOLUCION SSPD 20221000284385 DE 2022,FORMATO IUS NIVEL DE ANALISIS POR APS,14,Valor presente de los recursos ejecutados en Alcantarillado,Sumatoria,Numérico Decimal,decimal,"15 enteros, 2 Decimales",Pesos del año base,(Ver Observaciones de validación),condicional,"Números positivos, sin caracteres especiales, entre =>0 hasta =<999999999999999.99",Grande Prestador,"Si el APS reportada en SURICATA atiende solo el servicio de ""ACUEDUCTO"" el aplicativo le exigirá que este campo debe venir vacío ( ). - El validador AAA, le solicitará información de manera obligatoria, si en el campo 13 (Plan de inversiones Alcantarillado) indicó = ""1"" (SI) conforme a los “Valores admisibles” y “Longitud de campo” indicados en este lineamiento de cargue. - El valor a reportar corresponde al numerador de la fórmula establecida para el cálculo del indicador EP.2.1. Índice de Inversiones Acumuladas de Alcantarillado – IIAALC, de la Ficha Técnica del Anexo 4 de la Resolución CRA 906 de 2019, en pesos del año base, que debe incluir el ajuste con el Índice de Precios al Consumidor - IPC que corresponda, y el 𝑁𝑁𝑁𝑁: Tasa del costo promedio ponderado de capital regulatorio. - En razón a que se requiere el valor acumulado de los recursos ejecutados, el valor a reportar es el resultado de la sumatoria del valor presente de los recursos ejecutados, desde el año tarifario de inicio de ejecución del plan de inversiones, hasta el final del año tarifario del período de evaluación, es decir hasta el 30 de junio del año de evaluación. - Se debe utilizar el POIR actualizado de que trata el parágrafo 1° del artículo 109 de la Resolución CRA 688 de 2014, modificado por el artículo 1° de la Resolución CRA 938 de 2020. - En el caso que el prestador cuente con recursos ejecutados en inversiones compartidas entre Áreas de Prestación del Servicio – APS, se aplicará la distribución de dichos recursos por APS aplicando los mismos criterios que el prestador consideró en la elaboración del plan de inversiones o POIR. Si no se realizó dicha distribución, la distribución de los recursos ejecutados y proyectados la realizará a partir del número de suscriptores atendidos por el prestador en cada APS beneficiada en el último período de facturación del año tarifario. Lo anterior según lo establecido en la Resolución CRA 688 de 2014, modificada y compilada en la Resolución CRA 943 de 2021. - Aplica a prestadores que empleen una fórmula tarifaria contractual en los términos del parágrafo 1 del artículo 87 de la Ley 142 de 1994, de acuerdo con el alcance de lo previsto en el contrato. Para el caso en que no se especifique un WACC en el contrato, se empleará el WACC regulatorio para el cálculo del indicador de estos prestadores. Y",,sin-cruce,publico-propuesto,,PDF_TABLA,16,false,H10;H11
VF-a908147f,INSTRUCTIVO_IUS_APS_2024,,RESOLUCION SSPD 20221000284385 DE 2022,FORMATO IUS NIVEL DE ANALISIS POR APS,15,Valor presente de las inversiones proyectadas en Alcantarillado:,,Numérico Decimal,decimal,"15 enteros, 2 Decimales",Pesos del año base,(Ver Observaciones de validación),condicional,"Números positivos, sin caracteres especiales, entre =>0 hasta =<999999999999999.99",Grande Prestador,"Si el APS reportada en SURICATA atiende solo el servicio de ""ACUEDUCTO"" el aplicativo le exigirá que este campo debe venir vacío ( ). - El validador AAA, le solicitará información de manera obligatoria, si en el campo 13 (Plan de inversiones Alcantarillado) indicó = ""1"" (SI) conforme a los “Valores admisibles” y “Longitud de campo” indicados en este lineamiento de cargue. - El valor a reportar corresponde al denominador de la fórmula establecida para el cálculo del indicador EP.2.1. Índice de Inversiones Acumuladas de Alcantarillado – IIAALC, de la Ficha Técnica del Anexo 4 de la Resolución CRA 906 de 2019, en pesos del año",,sin-cruce,publico-propuesto,,PDF_TABLA,18,false,H10;H11
VF-51ecc6f0,INSTRUCTIVO_IUS_APS_2024,,RESOLUCION SSPD 20221000284385 DE 2022,FORMATO IUS NIVEL DE ANALISIS POR APS,16,Valor del Activo y/o Proyecto Ejecutado - Alcantarillado,Sumatoria del,Numérico Decimal,decimal,"15 enteros, 2 Decimales",Pesos corrientes,(Ver Observaciones de validación),condicional,"Números positivos, sin caracteres especiales, entre =>0 hasta =<999999999999999.99",,,,sin-cruce,publico-propuesto,,PDF_TABLA,19,false,H10;H11
VF-d5ae7385,INSTRUCTIVO_IUS_APS_2024,,RESOLUCION SSPD 20221000284385 DE 2022,FORMATO IUS NIVEL DE ANALISIS POR APS,17,Valor de los Proyectos y/o Activos establecidos - Alcantarillado:,,Numérico Decimal,decimal,"15 enteros, 2 Decimales",Pesos corrientes,(Ver Observaciones de validación),condicional,"Números positivos, sin caracteres especiales, entre =>0 hasta =<999999999999999.99",Grande Prestador Pequeño Prestador Prestador Rural,"Si el APS reportada en SURICATA atiende solo el servicio de ""ACUEDUCTO"" el aplicativo le exigirá que este campo debe venir vacío ( ). - El validador AAA, le solicitará información de manera obligatoria, si en el campo 13 (Plan de inversiones Alcantarillado) indicó = ""1"" (SI) conforme a los “Valores admisibles” y “Longitud de campo” indicados en este lineamiento de cargue. - El validador AAA, le solicitará que este campo este vacío, si en el campo 13 (Plan de inversiones Alcantarillado) indicó = ""2"" (NO). - El valor a reportar corresponde al denominador de la fórmula establecida para el cálculo del indicador EP.2.2 Índice de Ejecución Anual de Inversiones de Alcantarillado – IEAIAL de la Ficha Técnica del Anexo 4 de la Resolución CRA 906 de 2019, en pesos corrientes. - El periodo de cálculo del IUS 2021, incluye la ejecución de inversiones durante el periodo del año tarifario comprendido entre el 1 de julio de 2020 hasta el 30 de junio de 2021 y así sucesivamente. - Para el caso de los grandes prestadores, se debe utilizar el POIR actualizado de que trata el parágrafo 1° del artículo 109 de la Resolución CRA 688 de 2014, modificado por el artículo 1° de la Resolución CRA 938 de 2020. Para el caso de pequeños prestadores se tendrá en consideración el plan o valor de inversiones definido de acuerdo con las Resoluciones CRA 825 de 2017, CRA 864 de 2018 y CRA 939 de 2021. - Si la persona prestadora ha proyectado un plan de inversiones y no ha reportado ejecución de este, el indicador será calificado como cero (0). - Aplica a prestadores que empleen una fórmula tarifaria contractual en los términos del parágrafo 1 del artículo 87 de la Ley 142 de 1994, de acuerdo con el alcance de lo previsto en el contrato. El prestador en esta condición debe reportar el valor resultante de la Sumatoria del valor (en pesos corrientes) del activo y/o proyecto “a/p” establecido (proyectado) dentro del plan de inversiones de su contrato para el servicio público domiciliario de alcantarillado durante el período de evaluación, que va desde el 1 de julio del año anterior al 30 de junio del año de evaluación. Adicionalmente, Corresponden a activos y/o proyectos ejecutados, aquellos que se encuentren ""en operación”.",,sin-cruce,publico-propuesto,,PDF_TABLA,20,false,H10;H11
VF-0608fcd2,INSTRUCTIVO_IUS_APS_2024,,RESOLUCION SSPD 20221000284385 DE 2022,FORMATO IUS NIVEL DE ANALISIS POR APS,18,Sumatoria_IMIg,Corresponde al numerador de la fórmula para obtener el,Numérico Decimal,decimal,"4 enteros, 2 Decimales",N/A,(Ver Observaciones de validación),condicional,"Números positivos, sin caracteres especiales, entre =>0 hasta =<9999.99",Grande Prestador Pequeño Prestador Prestador Rural,"- Si el APS reportada en SURICATA atiende solo el servicio de ""ALCANTARILLADO"" el aplicativo le exigirá que este campo debe venir vacío ( ). - Si el APS reportada en SURICATA atiende el servicio de ""ACUEDUCTO"" el aplicativo le exigirá que este campo debe venir OBLIGATORIO. El validador AAA. Le solicitará de manera obligatoria y conforme a los “Valores admisibles” y “Longitud de campo”. El prestador, con base en la ficha técnica del indicador EO.1.2 Índice de Micromedición Efectiva – IMI, debe calcular el valor del numerador (∑𝑃𝐹 𝐼𝑀𝐼 ) de la variable 𝑔=1 𝑔 denominada IMI y consignarlo en este campo.",,sin-cruce,publico-propuesto,,PDF_TABLA,21,false,H10;H11
VF-b43f098f,INSTRUCTIVO_IUS_APS_2024,,RESOLUCION SSPD 20221000284385 DE 2022,FORMATO IUS NIVEL DE ANALISIS POR APS,19,Catastro_medidores_CM,Indique si contó con Catastro de Medidores,Numérico Entero,entero,1 entero,N/A,(Ver Observaciones de validación),condicional,1=SI 2=NO 3=NO APLICA,Grande Prestador Pequeño Prestador,,,sin-cruce,restringido-propuesto,dato personal · identificador predial,PDF_TABLA,22,false,H10;H11
VF-5de69066,INSTRUCTIVO_IUS_APS_2024,,RESOLUCION SSPD 20221000284385 DE 2022,FORMATO IUS NIVEL DE ANALISIS POR APS,20,Observaciones,Corresponde a los comentarios que la persona prestadora,Alfanumérico,alfanumerico,1000,N/A,Si,obligatorio,Números y letras sin caracteres especiales,,"El validador AAA, solo le permitirá reportar conforme a los “Valores admisibles” y “Longitud de campo” indicados en este lineamiento de cargue. En este campo se consignan los comentarios que la persona prestadora considere necesarios para explicar lo reportado.",,sin-cruce,publico-propuesto,,PDF_TABLA,23,false,H10;H11
VF-92d59a4f,INSTRUCTIVO_IUS_APS_2024,,RESOLUCION SSPD 20221000284385 DE 2022,FORMATO IUS NIVEL DE ANALISIS POR PRESTADOR,1,Sumatoria PPAPg,Corresponde al numerador de la fórmula para obtener,Numérico Decimal,decimal,"4 enteros, 2 decimales",N/A,No,opcional,>0.00 =<9999.99,Grande Prestador Pequeño Prestador Prestador Rural,"- El validador AAA, solo permitirá registrar conforme a los “valores admisibles” y “Longitud de campo” establecidos en este lineamiento de cargue. - El prestador, con base en la ficha técnica del indicador GE.1.1 Productividad del Personal Administrativo del Prestador – PPAP, debe calcular el valor del numerador (∑𝑃𝐹 𝑃𝑃𝐴𝑃) de la variable denominada PPAP y consignarlo en este campo. 𝑔=1 𝑔",,sin-cruce,publico-propuesto,,PDF_TABLA,49,false,H10;H11
VF-25a44cd8,INSTRUCTIVO_IUS_APS_2024,,RESOLUCION SSPD 20221000284385 DE 2022,FORMATO IUS NIVEL DE ANALISIS POR PRESTADOR,2,Período de Facturación_PF x Prestador,Número de períodos de facturación,Numérico Entero,entero,3 enteros,N/A,Si,obligatorio,>0 =<999,Grande Prestador Pequeño Prestador Prestador Rural,"El validador AAA, solo permitirá registrar conforme a los “valores admisibles”, “Longitud de campo” y “obligatoriedad”. Por medio del documento denominado “Preguntas Frecuentes Resoluciones CRA 906, 919 y 926 de 2020” se señalan las herramientas para facilitar el entendimiento y aplicación para la forma de determinar los periodos de facturación en los indicadores que aplique.",,sin-cruce,publico-propuesto,,PDF_TABLA,50,false,H10;H11
VF-b2dc292b,INSTRUCTIVO_IUS_APS_2024,,RESOLUCION SSPD 20221000284385 DE 2022,FORMATO IUS NIVEL DE ANALISIS POR PRESTADOR,3,Observaciones Corresponde a los comentarios que la persona prestadora,,Alfanumérico,alfanumerico,1000,N/A,Si,obligatorio,Números y letras sin caracteres especiales,,"- El validador AAA, solo permitirá registrar información conforme a los valores admisibles y de longitud del campo. En este campo se consignan los comentarios que la persona prestadora considere necesarios para explicar lo reportado.",,sin-cruce,publico-propuesto,,PDF_TABLA,50,false,H10;H11
VF-12e704e9,INSTRUCTIVO_IUS_APS_2024,,RESOLUCION SSPD 20221000284385 DE 2022,FORMATO IUS NIVEL DE ANALISIS POR SISTEMA,1,Código del sistema,Hace referencia al identificador numérico del sistema,,sin-dato,,,,sin-dato,,,,,sin-cruce,publico-propuesto,,PDF_TABLA,25,false,H10;H11
VF-5fe9844a,INSTRUCTIVO_IUS_APS_2024,,RESOLUCION SSPD 20221000284385 DE 2022,FORMATO IUS NIVEL DE ANALISIS POR SISTEMA,2,Código DANE – APS,Corresponde a la codificación dada por el DANE a la,Alfanumérico,alfanumerico,8,N/A,Si,obligatorio,Corresponde a la codificación dada por el DANE a la división político- administrativa de Colombia.,,"- Si el prestador previamente no ha diligenciado el “Módulo de configuración” de SURICATA, el sistema no le permitirá reportar este campo. - El Código DANE registrado (Por el prestador) debe corresponder al registrado en el Módulo de configuración de SURICATA y que se encuentre asociado al código del sistema (Campo1). El validador AAA, le permitirá reportar conforme a los “Valores admisibles”, “Reglas de Obligatoriedad” y “Longitud de campo” indicados en este lineamiento de cargue.",,sin-cruce,publico-propuesto,,PDF_TABLA,26,false,H10;H11
VF-581fbeec,INSTRUCTIVO_IUS_APS_2024,,RESOLUCION SSPD 20221000284385 DE 2022,FORMATO IUS NIVEL DE ANALISIS POR SISTEMA,3,Servicio,Es el servicio público domiciliario al cual corresponde el Sistema,Numérico Entero,entero,1,N/A,Si,obligatorio,1=Acueducto 2=Alcantarillado 3=Acueducto y Alcantarillado,,"- Si seleccionó el servicio = “1” (Acueducto), el sistema validará con la configuración de SURICATA que el “Código del sistema” (campo 1) y “Código DANE” (campo 2) presta únicamente el servicio de acueducto. - Si seleccionó el servicio = “2” (Alcantarillado), el sistema validará con la configuración de SURICATA que el “Código del sistema” (campo 1) y “Código DANE” (campo 2) presta únicamente el servicio de alcantarillado. - Si seleccionó el servicio = “3” (Acueducto y Alcantarillado), el sistema validará con la configuración de SURICATA que el “Código del sistema” (campo 1) y “Código DANE” (campo 2) presta los servicios simultáneamente. El validador AAA, le solicitará de manera obligatoria conforme a los valores admisibles, indicar a qué servicio está asociado el sistema. Para sistemas que de acuerdo con lo reportado en el Módulo de Configuración de Sistemas en el aplicativo SURICATA presten los servicios de acueducto y alcantarillado, deberá seleccionar la opción 3 y reportar la información en una única fila.",,sin-cruce,publico-propuesto,,PDF_TABLA,26,false,H10;H11
VF-cd6bffdf,INSTRUCTIVO_IUS_APS_2024,,RESOLUCION SSPD 20221000284385 DE 2022,FORMATO IUS NIVEL DE ANALISIS POR SISTEMA,4,Tipo de sistemas,"Es el tipo de sistema, conforme a la siguiente codificación:",Numérico Entero,entero,1,N/A,Si,obligatorio,1=Interconectado 2=No interconectado,,"- Si en tipo de sistema eligió la opción “1” = (Interconectado), la combinación “Código de sistema”, “Código DANE”, “Servicio” y “tipo de sistema” (Campos 1, 2, 3 y 4) No se puede repetir. En este caso para el código DANE deberá reportar 1 solo código DANE que tenga asociado el sistema en el módulo de configuración SURICATA. - Si en tipo de sistema eligió la opción “2” = (No interconectado) la combinación “Código de Sistema”, “Servicio” y “Tipo de Sistema” (Campos 1, 3 y 4), se debe repetir tantas veces como APS tenga asociado el SISTEMA en el módulo de configuración de SURICATA. Vale precisar que la combinación código Sistema, código DANE, Servicio y tipo de sistema deben ser diferentes cuando el tipo de sistema sea “2” = (No interconectado).",,sin-cruce,publico-propuesto,,PDF_TABLA,27,false,H10;H11
VF-7d30859b,INSTRUCTIVO_IUS_APS_2024,,RESOLUCION SSPD 20221000284385 DE 2022,FORMATO IUS NIVEL DE ANALISIS POR SISTEMA,5,Volumen de agua producida_VTAP,Volumen anual de agua potable (m3),Numérico Decimal,decimal,"15 Enteros, 2 Decimales",m3/año,(Ver Observaciones),condicional,>=0 <=999999999999999.99,Grande Prestador Pequeño Prestador Prestador Rural,"- El validador AAA no le permitirá reportar este campo si seleccionó en el campo 3 ""Servicio"" = ""2"" (Alcantarillado). - El validador AAA, le solicitará de manera obligatoria reportar este campo y conforme a la longitud de campo y valores admisibles, si seleccionó en el campo 3 ""Servicio"" = ""1"" (Acueducto) o ""3"" (acueducto y alcantarillado). Para sistemas que cuenten con contratos de suministro de agua potable como única fuente de abastecimiento, debe dejar vacío este campo y en el campo 17 (Contratos de suministro) deberá indicar el código “1” = (SI).",,sin-cruce,publico-propuesto,,PDF_TABLA,28,false,H10;H11
VF-f377d15a,INSTRUCTIVO_IUS_APS_2024,,RESOLUCION SSPD 20221000284385 DE 2022,FORMATO IUS NIVEL DE ANALISIS POR SISTEMA,6,Volumen adquirido en puntos de interconexión,Volumen anual que,Numérico Decimal,decimal,"15 enteros, 2 Decimales",m3/año,(Ver Observaciones),condicional,"Números positivos, sin caracteres especiales, entre =>0 hasta =<999999999999999.99",,,,sin-cruce,publico-propuesto,,PDF_TABLA,28,false,H10;H11
VF-213de026,INSTRUCTIVO_IUS_APS_2024,,RESOLUCION SSPD 20221000284385 DE 2022,FORMATO IUS NIVEL DE ANALISIS POR SISTEMA,7,Volumen entregado en puntos de interconexión,Volumen anual que,Numérico Decimal,decimal,"15 enteros, 2 Decimales",m3/año,(Ver Observaciones),condicional,"Números positivos, sin caracteres especiales, entre =>0 hasta =<999999999999999.99",Grande Prestador Pequeño Prestador Prestador Rural,"- El validador AAA no le permitirá reportar dato si en el campo 3 “Servicio” = “2” (Alcantarillado). - El validador AAA, le solicitará de manera obligatoria reportar este campo y conforme a la longitud de campo y valores admisibles, si seleccionó en el campo 3 ""Servicio"" = ""1"" (Acueducto) ó ""3"" (acueducto y alcantarillado).",,sin-cruce,publico-propuesto,,PDF_TABLA,29,false,H10;H11
VF-cee7e092,INSTRUCTIVO_IUS_APS_2024,,RESOLUCION SSPD 20221000284385 DE 2022,FORMATO IUS NIVEL DE ANALISIS POR SISTEMA,8,Consumo facturado,Corresponde al volumen en (m3) de consumo anual,Numérico Decimal,decimal,"15 enteros, 2 Decimales",m3/año,(Ver Observaciones),condicional,"Números positivos, sin caracteres especiales,",,,,sin-cruce,publico-propuesto,,PDF_TABLA,29,false,H10;H11
VF-52c0ed66,INSTRUCTIVO_IUS_APS_2024,,RESOLUCION SSPD 20221000284385 DE 2022,FORMATO IUS NIVEL DE ANALISIS POR SISTEMA,9,Número de Suscriptores_ACPUC,Corresponde al número de suscriptores,Numérico Entero,entero,10 enteros,No aplica,(Ver Observaciones),condicional,"Números positivos, sin caracteres especiales, entre =>0 hasta =<9999999999",Grande Prestador Pequeño Prestador Prestador Rural,"- El validador AAA no le permitirá reportar dato si en el campo 3 “Servicio” = “2” (Alcantarillado). - El validador AAA, le solicitará de manera obligatoria reportar este campo y conforme a la longitud de campo y valores admisibles, si seleccionó en el campo 3 ""Servicio"" = ""1"" (Acueducto) o ""3"" (acueducto y alcantarillado).",,sin-cruce,publico-propuesto,,PDF_TABLA,30,false,H10;H11
VF-e5a01303,INSTRUCTIVO_IUS_APS_2024,,RESOLUCION SSPD 20221000284385 DE 2022,FORMATO IUS NIVEL DE ANALISIS POR SISTEMA,10,Aplica Nivel Económico de Pérdidas_NEP,Deberá indicar SI en los casos,Numérico Entero,entero,1 entero,N/A,(Ver Observaciones),condicional,1=SI 2=NO,Grande Prestador Pequeño Prestador Prestador Rural,"- El validador AAA no le permitirá reportar dato si en el campo 3 “Servicio” = “2” (Alcantarillado). - El validador AAA, le solicitará de manera obligatoria reportar este campo y conforme a la longitud de campo y valores admisibles, si seleccionó en el campo 3 ""Servicio"" = ""1"" (Acueducto) o ""3"" (acueducto y alcantarillado). Si el reporte corresponde al segmento Pequeño Prestador o Prestador Rural, deberá reportar el código 2 (NO).",,sin-cruce,publico-propuesto,,PDF_TABLA,30,false,H10;H11
VF-6f4454f9,INSTRUCTIVO_IUS_APS_2024,,RESOLUCION SSPD 20221000284385 DE 2022,FORMATO IUS NIVEL DE ANALISIS POR SISTEMA,11,Pérdidas_NEP,"Si la respuesta en el numeral 10 fue igual a 1 (SI), indique el",Numérico Decimal,decimal,"2 enteros, 2 Decimales",m3/suscriptor/mes,(Ver Observaciones),condicional,"Números positivos, sin caracteres especiales, entre =>0 hasta =<40",Grande Prestador,"- El validador AAA no le permitirá reportar dato si en el campo 3 “Servicio” = “2” (Alcantarillado). - El validador AAA, le solicitará que este campo este Nulo ( ), si seleccionó en el campo 10 ""Aplica Nivel económico de pérdidas_NEP"" = ""2"" (NO).",,sin-cruce,publico-propuesto,,PDF_TABLA,31,false,H10;H11
VF-5bd8eb7b,INSTRUCTIVO_IUS_APS_2024,,RESOLUCION SSPD 20221000284385 DE 2022,FORMATO IUS NIVEL DE ANALISIS POR SISTEMA,12,Sumatoria_IMAi,Corresponde al numerador de la fórmula para obtener el,Numérico Decimal,decimal,"4 enteros, 2 Decimales",N/A,(Ver Observaciones),condicional,"Números positivos, sin caracteres especiales, entre =>0.00 hasta =<10000.00",Grande Prestador Pequeño Prestador Prestador Rural,"- El validador AAA no le permitirá reportar dato si en el campo 3 “Servicio” = “2” (Alcantarillado). - El validador AAA, le solicitará de manera obligatoria reportar este campo y conforme a la longitud de campo y valores admisibles, si seleccionó en el campo 3 ""Servicio"" = ""1"" (Acueducto) o ""3"" (acueducto y alcantarillado). - El prestador, con base en la ficha técnica del indicador EO.1.4 Índice de Macromedición Efectiva – IMA, debe calcular el valor del numerador (∑𝑚 𝐼𝑀𝐴) de la variable 𝑖=1 𝑖 denominada IMA y consignarlo en este campo. - De acuerdo con el artículo 73 de la Resolución 330 de 2017 del MVCT, o aquella que la modifique, adicione, sustituya o aclare, el prestador debe tener medición instalada tanto a la salida de la PTAP y a la salida de los tanques de almacenamiento, como a la entrada y salida de los sistemas de bombeo (superficiales o pozo profundo) que posea.",,sin-cruce,publico-propuesto,,PDF_TABLA,32,false,H10;H11
VF-3b3969d7,INSTRUCTIVO_IUS_APS_2024,,RESOLUCION SSPD 20221000284385 DE 2022,FORMATO IUS NIVEL DE ANALISIS POR SISTEMA,13,m_Acueducto,Número de meses en los que se prestó el servicio público,,sin-dato,,,,sin-dato,,,,,sin-cruce,publico-propuesto,,PDF_TABLA,32,false,H10;H11
VF-10dd1310,INSTRUCTIVO_IUS_APS_2024,,RESOLUCION SSPD 20221000284385 DE 2022,FORMATO IUS NIVEL DE ANALISIS POR SISTEMA,14,Sumatoria_FACi,Corresponde al numerador de la fórmula para obtener,Numérico decimal,decimal,"3 enteros, 2 decimales",N/A,(Ver Observaciones),condicional,"Números positivos, sin caracteres especiales, entre =>0.00 hasta =<999.99",Grande Prestador Pequeño Prestador,"- El validador AAA no le permitirá reportar dato si en el campo 3 “Servicio” = “2” (Alcantarillado). - El validador AAA, le solicitará de manera obligatoria reportar este campo y conforme a la longitud de campo y valores admisibles, si seleccionó en el campo 3 ""Servicio"" = ""1"" (Acueducto) o ""3"" (acueducto y alcantarillado).",,sin-cruce,publico-propuesto,,PDF_TABLA,33,false,H10;H11
VF-179ecfe7,INSTRUCTIVO_IUS_APS_2024,,RESOLUCION SSPD 20221000284385 DE 2022,FORMATO IUS NIVEL DE ANALISIS POR SISTEMA,15,Sumatoria_FALi,Corresponde al numerador de la fórmula para obtener,Numérico decimal,decimal,"3 enteros, 2 decimales",N/A,(Ver Observaciones),condicional,"Números positivos, sin caracteres especiales, entre =>0.00 hasta =<999.99",Grande Prestador Pequeño Prestador,"- El validador AAA no le permitirá reportar dato si en el campo 3 “Servicio” = “1” (Acueducto). - El validador AAA, le solicitará de manera obligatoria reportar este campo y conforme a la longitud de campo y valores admisibles, si seleccionó en el campo 3 ""Servicio"" = ""2"" (Alcantarillado) o ""3"" (Acueducto y Alcantarillado). - El prestador, con base en la ficha técnica del indicador EO.2.2 Fallas en Red de Alcantarillado – FAL, debe calcular el valor del numerador (∑𝑚 𝐹𝐴𝐿) de la variable 𝑖=1 𝑖 denominada FAL y consignarlo en este campo. - Si el reporte corresponde al segmento Prestador Rural, de acuerdo con el Anexo 4 de la Resolución CRA 906 de 2019 este campo no le aplica, por tanto, deberá reportar en cero (0). - Se debe contemplar las fallas causadas por terceros.",,sin-cruce,publico-propuesto,,PDF_TABLA,34,false,H10;H11
VF-6b5d1db7,INSTRUCTIVO_IUS_APS_2024,,RESOLUCION SSPD 20221000284385 DE 2022,FORMATO IUS NIVEL DE ANALISIS POR SISTEMA,16,m_Alcantarillado,Número de meses en los que se prestó el servicio público,Numérico entero,entero,2 enteros,Tiempo Mes(es),(Ver Observaciones),condicional,"Números positivos, sin caracteres especiales, entre =>1 hasta =<12",Grande Prestador Pequeño Prestador,"- El validador AAA no le permitirá reportar dato si en el campo 3 “Servicio” = “1” (Acueducto). - El validador AAA, le solicitará de manera obligatoria reportar este campo y conforme a la longitud de campo y valores admisibles, si seleccionó en el campo 3 ""Servicio"" = ""2"" (Alcantarillado) o ""3"" (Acueducto y Alcantarillado). - Se debe reportar el número de meses en los que se prestó el servicio de alcantarillado durante el periodo de evaluación (año fiscal). - Si el servicio se prestó́ durante todo el período de evaluación, m corresponderá́ a 12. - Si el reporte corresponde al segmento Prestador Rural, de acuerdo con el Anexo 4 de la Resolución CRA 906 de 2019 este campo no le aplica, por tanto, deberá reportar uno (1).",,sin-cruce,publico-propuesto,,PDF_TABLA,34,false,H10;H11
VF-7aa252c7,INSTRUCTIVO_IUS_APS_2024,,RESOLUCION SSPD 20221000284385 DE 2022,FORMATO IUS NIVEL DE ANALISIS POR SISTEMA,17,Contratos de suministro,"Indique SI durante el período de evaluación,",Numérico entero,entero,1 entero,No aplica,(Ver Observaciones),condicional,1=SI 2=NO,Grande Prestador Pequeño Prestador Prestador Rural,"- El validador AAA no le permitirá reportar dato si en el campo 3 “Servicio” = “2” (Alcantarillado). -El validador AAA, le solicitará de manera obligatoria reportar este campo y conforme a la longitud de campo y valores admisibles, si seleccionó en el campo 3 ""Servicio"" = ""1"" (Acueducto) o ""3"" (acueducto y alcantarillado).",,sin-cruce,publico-propuesto,,PDF_TABLA,35,false,H10;H11
VF-f8806116,INSTRUCTIVO_IUS_APS_2024,,RESOLUCION SSPD 20221000284385 DE 2022,FORMATO IUS NIVEL DE ANALISIS POR SISTEMA,18,Energía consumida en acueducto_EET,Energía (kWh) total consumida por,Numérico Decimal,decimal,"15 enteros, 2 Decimales",kWh/año,(Ver Observaciones),condicional,"Números positivos, sin caracteres especiales, entre =>0 hasta =<999999999999999.99",Grande Prestador Pequeño Prestador,"- El validador AAA, le solicitará que este campo este nulo ( ), si seleccionó en el campo 3 ""Servicio"" = ""2"" (Alcantarillado). - El validador AAA, le solicitará que este campo este Nulo ( ), si seleccionó en el campo 17 ""CONTRATOS DE SUMINISTRO"" = ""1"" (SI). - Para sistemas que cuenten con contratos de suministro de agua potable como única fuente de abastecimiento, debe dejar vacío este campo y en el campo 17 (Contratos de suministro) deberá indicar el código 1 (SI). - Si el reporte corresponde al segmento Prestador Rural, de acuerdo con el Anexo 4 de la Resolución CRA 906 de 2019 este campo no le aplica, por tanto, deberá reportar en cero (0).",,sin-cruce,publico-propuesto,,PDF_TABLA,36,false,H10;H11
VF-e4a87ae2,INSTRUCTIVO_IUS_APS_2024,,RESOLUCION SSPD 20221000284385 DE 2022,FORMATO IUS NIVEL DE ANALISIS POR SISTEMA,19,Energía consumida en alcantarillado_EET,Energía (kWh) total consumida,Numérico Decimal,decimal,"15 enteros, 2 Decimales",kWh/año,(Ver Observaciones),condicional,"Números positivos, sin caracteres especiales, entre =>0 hasta =<999999999999999.99",Grande Prestador Pequeño Prestador,,,sin-cruce,publico-propuesto,,PDF_TABLA,36,false,H10;H11
VF-bb6e410f,INSTRUCTIVO_IUS_APS_2024,,RESOLUCION SSPD 20221000284385 DE 2022,FORMATO IUS NIVEL DE ANALISIS POR SISTEMA,20,Volumen de agua residual tratada_VTA,Volumen (m3) anual de agua,Numérico Decimal,decimal,"15 enteros, 2 Decimales",m3/año,(Ver Observaciones),condicional,"Números positivos, sin caracteres especiales, entre >0 hasta =<999999999999999.99",Grande Prestador Pequeño Prestador,"El validador AAA no le permitirá reportar dato si en el campo 3 “Servicio” = “1” (Acueducto). Si el reporte corresponde al segmento Prestador Rural, de acuerdo con el Anexo 4 de la Resolución CRA 906 de 2019 este campo no le aplica, por tanto, deberá reportar uno (1).",,sin-cruce,publico-propuesto,,PDF_TABLA,37,false,H10;H11
VF-a002c0c9,INSTRUCTIVO_IUS_APS_2024,,RESOLUCION SSPD 20221000284385 DE 2022,FORMATO IUS NIVEL DE ANALISIS POR SISTEMA,21,Sumatoria_POACg,Corresponde al numerador de la fórmula para obtener,Numérico Decimal,decimal,"3 enteros, 2 Decimales",N/A,(Ver Observaciones),condicional,"Números positivos, sin caracteres especiales, entre =>0.00 hasta =<999.99",,,,sin-cruce,publico-propuesto,,PDF_TABLA,37,false,H10;H11
VF-43ebfa79,INSTRUCTIVO_IUS_APS_2024,,RESOLUCION SSPD 20221000284385 DE 2022,FORMATO IUS NIVEL DE ANALISIS POR SISTEMA,22,Período de Facturación_PF x Sistema Acueducto,Número de períodos,Numérico Entero,entero,3 enteros,No aplica,(Ver Observaciones),condicional,"Números positivos, sin caracteres especiales, entre =>1 hasta =<100",Grande Prestador Pequeño Prestador Prestador Rural,"El validador AAA no le permitirá reportar dato si en el campo 3 “Servicio” = “2” (Alcantarillado), y solo permitirá registrar conforme a los valores admisibles y longitud del campo de este lineamiento de cargue. Por medio del documento denominado “Preguntas Frecuentes Resoluciones CRA 906, 919 y 926 de 2020” se señalan las herramientas para facilitar el entendimiento y aplicación para la forma de determinar los periodos de facturación en los indicadores que aplique.",,sin-cruce,publico-propuesto,,PDF_TABLA,38,false,H10;H11
VF-d2b3b596,INSTRUCTIVO_IUS_APS_2024,,RESOLUCION SSPD 20221000284385 DE 2022,FORMATO IUS NIVEL DE ANALISIS POR SISTEMA,23,Sumatoria_POALCg,Corresponde al numerador de la fórmula para obtener,Numérico Decimal,decimal,"3 enteros, 2 Decimales",N/A,(Ver Observaciones),condicional,"Números positivos, sin caracteres especiales, entre =>0.00 hasta =<999.99",Grande Prestador Pequeño Prestador Prestador Rural,"El validador AAA, le solicitará que este campo este nulo ( ), si en el campo 3 “Servicio” = “1” (Acueducto). - El prestador, con base en la ficha técnica del indicador GE.2.2 Productividad del Personal Operativo de Alcantarillado – POALC, debe calcular el valor del numerador (∑𝑃𝐹 𝑃𝑂𝐴𝐿𝐶 ) de la variable denominada POALC y consignarlo en este campo. 𝑔=1 𝑔",,sin-cruce,publico-propuesto,,PDF_TABLA,38,false,H10;H11
VF-3e47ea13,INSTRUCTIVO_IUS_APS_2024,,RESOLUCION SSPD 20221000284385 DE 2022,FORMATO IUS NIVEL DE ANALISIS POR SISTEMA,24,Período de Facturación_PF x Sistema Alcantarillado,Número de períodos,Numérico Entero,entero,3 enteros,No aplica,(Ver Observaciones),condicional,"Números positivos, sin caracteres especiales, entre =>1 hasta =<100",Grande Prestador Pequeño Prestador Prestador Rural,"El validador AAA, le solicitará que este campo sea Nulo ( ), si en el campo 3 “Servicio” = “1” (Acueducto). Por medio del documento denominado “Preguntas Frecuentes Resoluciones CRA 906, 919 y 926 de 2020” se señalan las herramientas para facilitar el entendimiento y aplicación para la forma de determinar los periodos de facturación en los indicadores que aplique.",,sin-cruce,publico-propuesto,,PDF_TABLA,39,false,H10;H11
VF-65697e15,INSTRUCTIVO_IUS_APS_2024,,RESOLUCION SSPD 20221000284385 DE 2022,FORMATO IUS NIVEL DE ANALISIS POR SISTEMA,25,Sumatoria_IPAAi,Corresponde al numerador de la fórmula para obtener,Numérico decimal,decimal,"4 enteros, 2 decimales",No aplica,(Ver Observaciones),condicional,"Números positivos, sin caracteres especiales, entre =>0.00 hasta =<10000.00",Grande Prestador Pequeño Prestador Prestador Rural,"- El validador AAA, le solicitará que este campo sea Nulo ( ), si en el campo 3 “Servicio” = “2” (Alcantarillado). - El validador AAA, le solicitará que este campo sea Nulo ( ), si el campo ""17.CONTRATOS DE SUMINISTRO"" indicó ""1"" = (SI). - El validador AAA, le permitirá reportar información conforme a los valores admisibles de este lineamiento de cargue. - El prestador, con base en la ficha técnica del indicador SA.1.1 Índice de Pérdidas de Agua en la Aducción – IPAA, debe calcular el valor del numerador (∑𝑚 𝐼𝑃𝐴𝐴) de la 𝑖=1 𝑖 variable denominada IPAA y consignarlo en este campo. - Para sistemas que cuenten con contratos de suministro de agua potable como única fuente de abastecimiento, debe dejar vacío este campo y en el campo 17 (Contratos de suministro) deberá indicar el código 1 (SI).",,sin-cruce,publico-propuesto,,PDF_TABLA,40,false,H10;H11
VF-52191474,INSTRUCTIVO_IUS_APS_2024,,RESOLUCION SSPD 20221000284385 DE 2022,FORMATO IUS NIVEL DE ANALISIS POR SISTEMA,26,Sumatoria_UAi,Corresponde al numerador de la fórmula para obtener,,sin-dato,,,,sin-dato,,,,,sin-cruce,publico-propuesto,,PDF_TABLA,40,false,H10;H11
VF-467dbe5b,INSTRUCTIVO_IUS_APS_2024,,RESOLUCION SSPD 20221000284385 DE 2022,FORMATO IUS NIVEL DE ANALISIS POR SISTEMA,27,Permiso de vertimiento de lodos acueducto,Indique SI durante el período,Numérico Entero,entero,1,N/A,(Ver Observaciones),condicional,1=SI 2=NO 3=NO APLICA,Grande Prestador Pequeño Prestador,"-El validador AAA le solicitará que este campo sea Nulo ( ) si en el campo 3 “Servicio” = “2” (Alcantarillado). - El validador AAA, le solicitará de manera obligatoria, si en el campo 3 “Servicio” = “1” (Acueducto) o “3” (Acueducto y Alcantarillado), conforme a los valores admisible y longitud del campo de este lineamiento de cargue.",,sin-cruce,publico-propuesto,,PDF_TABLA,41,false,H10;H11
VF-7ae0b4aa,INSTRUCTIVO_IUS_APS_2024,,RESOLUCION SSPD 20221000284385 DE 2022,FORMATO IUS NIVEL DE ANALISIS POR SISTEMA,28,Tratamiento de lodos acueducto,Indique SI durante el período de,Numérico Entero,entero,1,N/A,(Ver Observaciones),condicional,1=SI 2=NO 3=NO GENERÓ LODOS,Grande Prestador Pequeño Prestador,"- El validador AAA le solicitará que este campo sea Nulo ( ), si en el campo 3 “Servicio” = “2 Alcantarillado”. - El validador AAA, le solicitará que este campo sea Nulo ( ), si en el campo ""27. PERMISO DE VERTIMIENTO DE LODOS_ACUEDUCTO"" indicó “1” = (SI) ó ""3"" = (No Aplica). - El validador AAA, le solicitará obligatorio diligenciamiento, si en el campo ""27. PERMISO DE VERTIMIENTO DE LODOS_ACUEDUCTO"" indicó “2” = (No), conforme a los valores admisibles de este lineamiento de cargue. Para los casos en los cuales no se generaron lodos derivados del sistema de tratamiento de potabilización de agua durante el período de evaluación deberá indicar el código 3 (NO GENERÓ LODOS) y en el informe PDF especificar los motivos por los cuales no se generó lodos. La relación con el campo Nro. 27 Permiso de vertimientos de lodos acueducto, obedece a lo que establece la Resolución CRA 906 del 2019 en la ficha del indicador SA.1.4 Gestión de Lodos Resultantes Acueducto – GLRAC; en el sentido que la persona prestadora que posea un permiso de vertimiento de lodos, el ponderador de este indicador será redistribuido, en cuyo caso no se requiere diligenciar las variables asociadas a tratamiento, ni volúmenes de lodos.",,sin-cruce,publico-propuesto,,PDF_TABLA,42,false,H10;H11
VF-a259edf1,INSTRUCTIVO_IUS_APS_2024,,RESOLUCION SSPD 20221000284385 DE 2022,FORMATO IUS NIVEL DE ANALISIS POR SISTEMA,29,Lodos Tratados Acueducto_CLT,Volumen de lodos (m3) que entraron al,,sin-dato,,,,sin-dato,,,,,sin-cruce,publico-propuesto,,PDF_TABLA,42,false,H10;H11
VF-a6363a7a,INSTRUCTIVO_IUS_APS_2024,,RESOLUCION SSPD 20221000284385 DE 2022,FORMATO IUS NIVEL DE ANALISIS POR SISTEMA,30,Lodos Generados Acueducto_CLG,Volumen de lodos (m3) generados,campo,sin-dato,,,,sin-dato,,Grande Prestador Pequeño Prestador,"- El validador AAA le solicitará que este campo sea Nulo ( ), si en el campo 3 “Servicio” = “2” (Alcantarillado). - El validador AAA le solicitará que este campo sea Nulo ( ), si en el campo ""27. PERMISO DE VERTIMIENTO DE LODOS_ACUEDUCTO"" indicó “1” = (SI) o ""3"" = (No Aplica).",,sin-cruce,publico-propuesto,,PDF_TABLA,43,false,H10;H11
VF-1406f133,INSTRUCTIVO_IUS_APS_2024,,RESOLUCION SSPD 20221000284385 DE 2022,FORMATO IUS NIVEL DE ANALISIS POR SISTEMA,31,Permiso de vertimiento de lodos alcantarillado,Indique SI durante el,Numérico Entero,entero,1,N/A,(Ver Observaciones),condicional,1=SI 2=NO 3=NO APLICA,Grande Prestador Pequeño Prestador Prestador Rural,"- El validador AAA le solicitará que este campo sea Nulo ( ), si en el campo 3 “Servicio” = “1” (Acueducto). - El validador AAA, le solicitará de manera obligatoria, si en el campo 3 “Servicio” = “2” (Alcantarillado) o “3” (Acueducto y Alcantarillado), conforme a los valores admisible y longitud del campo de este lineamiento de cargue. El código 3 (NO APLICA) corresponde únicamente a los siguientes escenarios: - Sistema de alcantarillado en área de prestación rural. - Sistemas de alcantarillado que no presten la actividad de tratamiento de aguas residuales, de acuerdo con el Registro Único de Prestadores de Servicios Públicos – RUPS.",,sin-cruce,publico-propuesto,,PDF_TABLA,44,false,H10;H11
VF-1c2df75b,INSTRUCTIVO_IUS_APS_2024,,RESOLUCION SSPD 20221000284385 DE 2022,FORMATO IUS NIVEL DE ANALISIS POR SISTEMA,32,Tratamiento de lodos alcantarillado,Indique SI durante el período de,Numérico Entero,entero,1,N/A,(Ver Observaciones),condicional,1=SI 2=NO 3=NO GENERÓ LODOS,,,,sin-cruce,publico-propuesto,,PDF_TABLA,44,false,H10;H11
VF-6dfd35f0,INSTRUCTIVO_IUS_APS_2024,,RESOLUCION SSPD 20221000284385 DE 2022,FORMATO IUS NIVEL DE ANALISIS POR SISTEMA,33,Lodos Tratados Alcantarillado_CLT,Volumen de lodos (m3) que entraron,Numérico Decimal,decimal,"15 enteros, 2 Decimales",m3,(Ver Observaciones),condicional,"Números positivos, sin caracteres especiales, entre >0.00 hasta =<999999999999999.99",Grande Prestador Pequeño Prestador,"- El validador AAA le solicitará que este campo sea Nulo ( ), si en el campo 3 “Servicio” = “2” (Alcantarillado). - El validador AAA, le solicitará que este campo sea Nulo ( ), si en el campo ""31 Permiso de vertimiento de lodos alcantarillado"" indicó “1= (Si)” o ""3"" = (No Aplica). - El validador AAA, le solicitará que este campo sea Nulo ( ) si en el Campo “32 Tratamiento de lodos alcantarillado indico “2”= (No) o “3”=(No Aplica).",,sin-cruce,publico-propuesto,,PDF_TABLA,45,false,H10;H11
VF-c3918a28,INSTRUCTIVO_IUS_APS_2024,,RESOLUCION SSPD 20221000284385 DE 2022,FORMATO IUS NIVEL DE ANALISIS POR SISTEMA,34,Lodos Generados Alcantarillado_CLG,Volumen de lodos (m3) generados,,sin-dato,,,,sin-dato,,,,,sin-cruce,publico-propuesto,,PDF_TABLA,46,false,H10;H11
VF-a289bc5b,INSTRUCTIVO_IUS_APS_2024,,RESOLUCION SSPD 20221000284385 DE 2022,FORMATO IUS NIVEL DE ANALISIS POR SISTEMA,35,Cumplimiento medición del agua captada_CMCAP,El prestador del,,sin-dato,,,,sin-dato,,,,,sin-cruce,publico-propuesto,,PDF_TABLA,46,false,H10;H11
VF-5c53308b,INSTRUCTIVO_IUS_APS_2024,,RESOLUCION SSPD 20221000284385 DE 2022,FORMATO IUS NIVEL DE ANALISIS POR SISTEMA,36,Observaciones,Corresponde a los comentarios que la persona prestadora,Alfanumérico,alfanumerico,1000,N/A,SI,obligatorio,Números y letras sin caracteres especiales,,"- El validador AAA, solo permitirá registrar información conforme a los valores admisibles y de longitud del campo. Para los campos que no sean diligenciados, las observaciones son de obligatorio diligenciamiento.",,sin-cruce,publico-propuesto,,PDF_TABLA,47,false,H10;H11
VF-66f3e5c9,RESOLUCION_034455_2020,,RESOLUCIÓN SSPD 20201000034455 DE 2020,19. VARIABLES PARA CÁLCULO DE TARIFA DE APROVECHAMIENTO,,QNAz,Toneladas mensuales de residuos no aprovechables del área de prestación-QNAz. Promedio del semestre anterior de las toneladas mensuales de residuos no aprovechables en el área de prestación del servicio objeto de reporte de la persona prestadora j,Numérico,numerico,,toneladas/mes,Sí,obligatorio,,,,,sin-cruce,publico-propuesto,,WEBFETCH_LECTOR,,true,H10;H11
VF-dd70f165,RESOLUCION_034455_2020,,RESOLUCIÓN SSPD 20201000034455 DE 2020,19. VARIABLES PARA CÁLCULO DE TARIFA DE APROVECHAMIENTO,,QAj,"Toneladas mensuales efectivamente aprovechadas no aforadas de la persona prestadora j de RTA, reportadas por las ECA-QAj. Promedio del semestre anterior de las toneladas mensuales de residuos efectivamente aprovechadas no aforadas reportadas por la ECA, con las cuales la persona prestadora j estimó la tarifa final cobrada al suscriptor",Numérico,numerico,,toneladas/mes,Sí,obligatorio,,,,,sin-cruce,publico-propuesto,,WEBFETCH_LECTOR,,true,H10;H11
VF-9a23a862,RESOLUCION_034455_2020,,RESOLUCIÓN SSPD 20201000034455 DE 2020,20. TRASLADO DE RECURSOS DE APROVECHAMIENTO,5,Valor trasladado por concepto de incremento del CCS ($ corrientes),"Valor (en pesos corrientes) que fue trasladado al prestador de aprovechamiento señalado en el campo anterior, por concepto de recaudo del incremento del costo de comercialización por suscriptor",Numérico,numerico,,Pesos corrientes,Sí,obligatorio,,,,,sin-cruce,publico-propuesto,,WEBFETCH_LECTOR,,true,H10;H11
VF-3e0d2c92,RESOLUCION_034455_2020,,RESOLUCIÓN SSPD 20201000034455 DE 2020,20. TRASLADO DE RECURSOS DE APROVECHAMIENTO,6,Valor trasladado por concepto de TA ($ corrientes),"Valor (en pesos corrientes) que fue trasladado al prestador de aprovechamiento señalado en el campo anterior, por concepto de recaudo de la tarifa para la actividad de aprovechamiento",Numérico,numerico,,Pesos corrientes,Sí,obligatorio,,,,,sin-cruce,publico-propuesto,,WEBFETCH_LECTOR,,true,H10;H11
VF-48f9f68c,RESOLUCION_034455_2020,,RESOLUCIÓN SSPD 20201000034455 DE 2020,22. SUSCRIPTORES Y TARIFA APLICADA,9,Número de suscriptores [?],"Nota 1: La suma de los suscriptores ingresados en este campo para este cargue de información, debe coincidir con el total de suscriptores atendidos para el período de reporte en el APS que corresponda",Numérico,numerico,,,Sí,obligatorio,,,,,sin-cruce,publico-propuesto,,WEBFETCH_LECTOR,,true,H10;H11
VF-b66d6814,RESOLUCION_034455_2020,,RESOLUCIÓN SSPD 20201000034455 DE 2020,23. COSTO DE LIMPIEZA URBANA Y BARRIDO,,Aporte Bajo Condición,Debe indicar Si o No el valor total de los equipos y/o activos asociados a la actividad de barrido y limpieza de vías y áreas públicas es aportado por una entidad pública,Lista desplegable,codificado,,,Sí,obligatorio,Si; No,,,,sin-cruce,publico-propuesto,,WEBFETCH_LECTOR,,true,H10;H11
VF-3dcd1f3f,RESOLUCION_034455_2020,,RESOLUCIÓN SSPD 20201000034455 DE 2020,24. COSTO DE RECOLECCIÓN Y TRANSPORTE,23,Factor de actualización del CCS acumulado desde diciembre de 2014 FAc_acumulado,Factor de actualización del costo de comercialización (CCS) acumulado desde diciembre de 2014. El valor a reportar es el factor FAc acumulado utilizado por el prestador para convertir los costos que arroja la metodología en pesos de diciembre 2014 a pesos corrientes (sin tener en cuenta el ajuste por productividad),Numérico,numerico,,Factor,Sí,obligatorio,,,,,sin-cruce,publico-propuesto,,WEBFETCH_LECTOR,,true,H10;H11
VF-0e8e4221,RESOLUCION_034455_2020,,RESOLUCIÓN SSPD 20201000034455 DE 2020,31. REGISTRO DE SITIOS DE DISPOSICIÓN FINAL,,Tipo de disposición final,Seleccionar el tipo de disposición final del sitio objeto de registro,Lista desplegable,codificado,,,Sí,obligatorio,Relleno sanitario; Celda de contingencia; Botadero a cielo abierto; Quema; Cuerpo de agua,,,,sin-cruce,publico-propuesto,,WEBFETCH_LECTOR,,true,H10;H11
VF-86d8351d,RESOLUCION_034455_2020,,RESOLUCIÓN SSPD 20201000034455 DE 2020,36. COSTO DE TRATAMIENTO DE LIXIVIADOS - OPERADOR SITIO DE DISPOSICIÓN FINAL,,Promedio mensual de residuos sólidos que se reciben en el sitio de disposición final (Ton) - QRS,Promedio mensual de residuos sólidos que se reciben en el sitio de disposición final,Numérico,numerico,,Ton,Sí,obligatorio,,,,,sin-cruce,publico-propuesto,,WEBFETCH_LECTOR,,true,H10;H11
VF-888f5c80,RESOLUCION_034455_2020,,RESOLUCIÓN SSPD 20201000034455 DE 2020,36. COSTO DE TRATAMIENTO DE LIXIVIADOS - OPERADOR SITIO DE DISPOSICIÓN FINAL,,Costo de tratamiento de Lixiviados por tonelada ($ corrientes / T) - CTL,Costo de tratamiento de lixiviados por tonelada,Numérico,numerico,,$ corrientes/T,Sí,obligatorio,,,,,sin-cruce,publico-propuesto,,WEBFETCH_LECTOR,,true,H10;H11
VF-8c24e99e,RESOLUCION_034455_2020,,RESOLUCIÓN SSPD 20201000034455 DE 2020,36. COSTO DE TRATAMIENTO DE LIXIVIADOS - OPERADOR SITIO DE DISPOSICIÓN FINAL,,Factor de actualización del costo de tratamiento de lixiviados acumulado desde diciembre de 2014 - FAc_acumulado,Factor de actualización del costo de tratamiento de lixiviados acumulado desde diciembre de 2014,Numérico,numerico,,Factor,Sí,obligatorio,,,,,sin-cruce,publico-propuesto,,WEBFETCH_LECTOR,,true,H10;H11
VF-3f5bc1dc,RESOLUCION_034455_2020,,RESOLUCIÓN SSPD 20201000034455 DE 2020,"37. PROVISIÓN CIERRE, CLAUSURA Y POST-CLAUSURA - OPERADOR SITIO DE DISPOSICIÓN FINAL",1,NUSD,Número único de identificación del sitio de disposición final,Alfanumérico,alfanumerico,,,Sí,obligatorio,,,,,sin-cruce,publico-propuesto,,WEBFETCH_LECTOR,,true,H10;H11
VF-cb6c90a1,RESOLUCION_034455_2020,,RESOLUCIÓN SSPD 20201000034455 DE 2020,"37. PROVISIÓN CIERRE, CLAUSURA Y POST-CLAUSURA - OPERADOR SITIO DE DISPOSICIÓN FINAL",2,Periodo,Periodo al que corresponde el reporte,,sin-dato,,,Sí,obligatorio,,,,,sin-cruce,publico-propuesto,,WEBFETCH_LECTOR,,true,H10;H11
VF-0559daf7,RESOLUCION_034455_2020,,RESOLUCIÓN SSPD 20201000034455 DE 2020,"37. PROVISIÓN CIERRE, CLAUSURA Y POST-CLAUSURA - OPERADOR SITIO DE DISPOSICIÓN FINAL",3,"Cálculo de la provisión mensual para las actividades de cierre, clausura y post clausura","Cálculo de la provisión mensual para las actividades de cierre, clausura y post clausura",Numérico,numerico,,Pesos,Sí,obligatorio,,,,,sin-cruce,publico-propuesto,,WEBFETCH_LECTOR,,true,H10;H11
VF-8e997cbc,RESOLUCION_034455_2020,,RESOLUCIÓN SSPD 20201000034455 DE 2020,"37. PROVISIÓN CIERRE, CLAUSURA Y POST-CLAUSURA - OPERADOR SITIO DE DISPOSICIÓN FINAL",4,Fecha de transferencia de recursos,Fecha de transferencia de recursos,Fecha,fecha,,,Sí,obligatorio,,,,,sin-cruce,publico-propuesto,,WEBFETCH_LECTOR,,true,H10;H11
VF-c6a5ccce,RESOLUCION_034455_2020,,RESOLUCIÓN SSPD 20201000034455 DE 2020,"37. PROVISIÓN CIERRE, CLAUSURA Y POST-CLAUSURA - OPERADOR SITIO DE DISPOSICIÓN FINAL",5,Incrementos o deducciones bancarias generados en el mes,Incrementos o deducciones bancarias generados en el mes,Numérico,numerico,,Pesos,Sí,obligatorio,,,,,sin-cruce,publico-propuesto,,WEBFETCH_LECTOR,,true,H10;H11
VF-b2067c94,RESOLUCION_034455_2020,,RESOLUCIÓN SSPD 20201000034455 DE 2020,"37. PROVISIÓN CIERRE, CLAUSURA Y POST-CLAUSURA - OPERADOR SITIO DE DISPOSICIÓN FINAL",6,Monto retirado,Monto retirado,Numérico,numerico,,Pesos,Sí,obligatorio,,,,,sin-cruce,publico-propuesto,,WEBFETCH_LECTOR,,true,H10;H11
VF-9b615893,RESOLUCION_034455_2020,,RESOLUCIÓN SSPD 20201000034455 DE 2020,"37. PROVISIÓN CIERRE, CLAUSURA Y POST-CLAUSURA - OPERADOR SITIO DE DISPOSICIÓN FINAL",7,Fecha de retiro de recursos,Fecha de retiro de recursos,Fecha,fecha,,,Sí,obligatorio,,,,,sin-cruce,publico-propuesto,,WEBFETCH_LECTOR,,true,H10;H11
VF-add528d9,RESOLUCION_034455_2020,,RESOLUCIÓN SSPD 20201000034455 DE 2020,"37. PROVISIÓN CIERRE, CLAUSURA Y POST-CLAUSURA - OPERADOR SITIO DE DISPOSICIÓN FINAL",8,Saldo acumulado,Saldo acumulado,Numérico,numerico,,Pesos,Sí,obligatorio,,,,,sin-cruce,publico-propuesto,,WEBFETCH_LECTOR,,true,H10;H11
VF-bc0eb9c4,RESOLUCION_034455_2020,,RESOLUCIÓN SSPD 20201000034455 DE 2020,"37. PROVISIÓN CIERRE, CLAUSURA Y POST-CLAUSURA - OPERADOR SITIO DE DISPOSICIÓN FINAL",9,Observaciones,Observaciones,Texto,alfanumerico,,,No,opcional,,,,,sin-cruce,publico-propuesto,,WEBFETCH_LECTOR,,true,H10;H11
VF-939abfd5,RESOLUCION_034455_2020,,RESOLUCIÓN SSPD 20201000034455 DE 2020,42. FACTURACIÓN OPERADORES DE SITIOS DE DISPOSICIÓN FINAL Y ESTACIONES DE TRANSFERENCIA,17,Valor en mora ($ corrientes),"Valor pendiente de pago sobre el cual se liquidaron intereses de mora, a pesos corrientes del período de reporte",Numérico,numerico,,Pesos corrientes,Sí,obligatorio,,,,,sin-cruce,publico-propuesto,,WEBFETCH_LECTOR,,true,H10;H11
VF-4e6f8b8e,RESOLUCION_034455_2020,,RESOLUCIÓN SSPD 20201000034455 DE 2020,42. FACTURACIÓN OPERADORES DE SITIOS DE DISPOSICIÓN FINAL Y ESTACIONES DE TRANSFERENCIA,18,Intereses de mora ($ corrientes),"Valor de los intereses de mora cobrados en factura, a pesos corrientes del período de reporte",Numérico,numerico,,Pesos corrientes,Sí,obligatorio,,,,,sin-cruce,publico-propuesto,,WEBFETCH_LECTOR,,true,H10;H11
VF-78f1da74,RESOLUCION_034455_2020,,RESOLUCIÓN SSPD 20201000034455 DE 2020,42. FACTURACIÓN OPERADORES DE SITIOS DE DISPOSICIÓN FINAL Y ESTACIONES DE TRANSFERENCIA,23,Valor total a pagar ($ corrientes),"Valor total a pagar por usuario (incluye facturación, mora, intereses, descuentos y devoluciones), a pesos corrientes",Numérico,numerico,,Pesos corrientes,Sí,obligatorio,,,,,sin-cruce,publico-propuesto,,WEBFETCH_LECTOR,,true,H10;H11
VF-68e91ad6,RESOLUCION_034455_2020,,RESOLUCIÓN SSPD 20201000034455 DE 2020,55. PERSONAL POR CATEGORÍA DE EMPLEO,2,Número único de identificación,"En concordancia con lo señalado en el campo 1, corresponde al ID asignado al prestador al realizar su inscripción en el RUPS (sólo debe reportarse en la primera fila del cargue masivo); o al NUAP asignado por el SUI mediante el reporte 1; o al NUSD asignado mediante el reporte 31; o al NUET asignado mediante el reporte 44; o al NUECA asignado mediante el reporte 4 del Anexo 1 de la Resolución SSPD 20184300130165 de 2018",Alfanumérico,alfanumerico,,,Sí,obligatorio,ID RUPS; NUAP; NUSD; NUET; NUECA,,,1268,exacta,publico-propuesto,,WEBFETCH_LECTOR,,true,H10
VF-fdeefca4,RESOLUCION_034455_2020,,RESOLUCIÓN SSPD 20201000034455 DE 2020,55. PERSONAL POR CATEGORÍA DE EMPLEO,5,Número total de empleados - Directivo,"Total de empleados en la categoría Directivo que atendían el tipo de infraestructura definida en el campo 1 y dirigían la actividad registrada en el campo 3 del presente reporte de información, a 31 de diciembre del último año. Si el campo 1 se diligencia con la opción 9 ID, deberá diligenciar el total de empleados del prestador en la categoría Directivo que componían la planta de personal a 31 de diciembre del último año",Numérico,numerico,,Número de empleados,Sí,obligatorio,,,,1268,exacta,publico-propuesto,,WEBFETCH_LECTOR,,true,H10
VF-f9ed37b7,RESOLUCION_034455_2020,,RESOLUCIÓN SSPD 20201000034455 DE 2020,55. PERSONAL POR CATEGORÍA DE EMPLEO,7,Número total de empleados - Personal Administrativo,"Total de empleados en la categoría Personal Administrativo que atendían el tipo de infraestructura definida en el campo 1 y realizaban labores administrativas relativas a la actividad registrada en el campo 3 del presente reporte de información, a 31 de diciembre del último año. Si el campo 1 se diligencia con la opción 9 ID, deberá diligenciar el total de empleados del prestador en la categoría Personal Administrativo que componían la planta de personal a 31 de diciembre del último año",Numérico,numerico,,Número de empleados,Sí,obligatorio,,,,1268,exacta,publico-propuesto,,WEBFETCH_LECTOR,,true,H10
VF-624bf7b9,RESOLUCION_034455_2020,,RESOLUCIÓN SSPD 20201000034455 DE 2020,55. PERSONAL POR CATEGORÍA DE EMPLEO,9,Competencias laborales - Personal Administrativo,"Número de empleados en la categoría Personal Administrativo que atendían el tipo de infraestructura definida en el campo 1 y realizaban labores administrativas relativas a la actividad registrada en el campo 3 del presente reporte de información, a 31 de diciembre del último año que contaban con certificación en competencias laborales. Si el campo 1 se diligencia con la opción 9 ID, deberá diligenciar el total de empleados de la empresa en la categoría Personal Administrativo que contaban con certificación en competencias laborales",Numérico,numerico,,Número de empleados,Sí,obligatorio,,,,1268,exacta,publico-propuesto,,WEBFETCH_LECTOR,,true,H10
VF-31c4aa73,RESOLUCION_034455_2020,,RESOLUCIÓN SSPD 20201000034455 DE 2020,55. PERSONAL POR CATEGORÍA DE EMPLEO,11,Factor prestacional - Personal Técnico Operativo,"Promedio del factor prestacional aplicado mensualmente a los empleados en la categoría Personal Técnico Operativo que componían su planta de personal en el último año, referente al tipo de infraestructura definida en el campo 1 y a la actividad registrada en el campo 3 del presente reporte de información. Si el campo 1 se diligencia con la opción 9 ID, deberá diligenciar el promedio del factor prestacional aplicado mensualmente a todos los empleados en la categoría Personal Técnico Operativo",Numérico,numerico,,Factor,Sí,obligatorio,,,,1268,exacta,publico-propuesto,,WEBFETCH_LECTOR,,true,H10
VF-a4f6e0c3,RESOLUCION_034455_2020,,RESOLUCIÓN SSPD 20201000034455 DE 2020,55. PERSONAL POR CATEGORÍA DE EMPLEO,12,Competencias laborales - Personal Técnico Operativo,"Número de empleados en la categoría Personal Técnico Operativo que atendían el tipo de infraestructura definida en el campo 1 y realizaban labores relativas a la actividad registrada en el campo 3 del presente reporte de información, que a 31 de diciembre del último año contaban con certificación en competencias laborales. Si el campo 1 se diligencia con la opción 9 ID, deberá diligenciar el total de empleados del prestador en la categoría Personal Técnico Operativo que contaban con certificación en competencias laborales",Numérico,numerico,,Número de empleados,Sí,obligatorio,,,,1268,exacta,publico-propuesto,,WEBFETCH_LECTOR,,true,H10
VF-8a836fc8,RESOLUCION_034455_2020,,RESOLUCIÓN SSPD 20201000034455 DE 2020,59. VARIABLES PARA EL CÁLCULO DEL FACTOR DE PRODUCTIVIDAD RESOLUCIÓN CRA 912 DE 2020,1,Tipo de infraestructura,Tipo de infraestructura de acuerdo con la codificación de la Tabla 7 publicada en la página web del SUI,Numérico codificado,codificado,,,Sí,obligatorio,Tabla 7 publicada en la página web del SUI,,,,sin-cruce,publico-propuesto,,WEBFETCH_LECTOR,,true,H10;H11
VF-7b6073a7,RESOLUCION_034455_2020,,RESOLUCIÓN SSPD 20201000034455 DE 2020,59. VARIABLES PARA EL CÁLCULO DEL FACTOR DE PRODUCTIVIDAD RESOLUCIÓN CRA 912 DE 2020,2,NUAP o NUSD,Número único de identificación del área de prestación del servicio o del sitio de disposición final,Alfanumérico,alfanumerico,,,Sí,obligatorio,NUAP o NUSD asignado por el SUI,,,,sin-cruce,publico-propuesto,,WEBFETCH_LECTOR,,true,H10;H11
VF-ef6fb181,RESOLUCION_034455_2020,,RESOLUCIÓN SSPD 20201000034455 DE 2020,59. VARIABLES PARA EL CÁLCULO DEL FACTOR DE PRODUCTIVIDAD RESOLUCIÓN CRA 912 DE 2020,3,Metodología tarifaria,"Metodología tarifaria aplicada, de acuerdo con la codificación de la Tabla 8 publicada en la página web del SUI",Numérico codificado,codificado,,,Sí,obligatorio,Tabla 8 publicada en la página web del SUI,,,,sin-cruce,publico-propuesto,,WEBFETCH_LECTOR,,true,H10;H11
VF-89add99f,RESOLUCION_034455_2020,,RESOLUCIÓN SSPD 20201000034455 DE 2020,59. VARIABLES PARA EL CÁLCULO DEL FACTOR DE PRODUCTIVIDAD RESOLUCIÓN CRA 912 DE 2020,4,Segmento,"Segmento al que pertenece, de acuerdo con la codificación de la Tabla 9 publicada en la página web del SUI",Numérico codificado,codificado,,,Sí,obligatorio,Tabla 9 publicada en la página web del SUI,,,,sin-cruce,publico-propuesto,,WEBFETCH_LECTOR,,true,H10;H11
VF-ab0aff18,RESOLUCION_034455_2020,,RESOLUCIÓN SSPD 20201000034455 DE 2020,59. VARIABLES PARA EL CÁLCULO DEL FACTOR DE PRODUCTIVIDAD RESOLUCIÓN CRA 912 DE 2020,5,Promedio de suscriptores,Promedio mensual anual de suscriptores por área de prestación del servicio,Numérico,numerico,,Suscriptores/mes,Sí,obligatorio,,,,,sin-cruce,publico-propuesto,,WEBFETCH_LECTOR,,true,H10;H11
VF-8a7b765c,RESOLUCION_034455_2020,,RESOLUCIÓN SSPD 20201000034455 DE 2020,59. VARIABLES PARA EL CÁLCULO DEL FACTOR DE PRODUCTIVIDAD RESOLUCIÓN CRA 912 DE 2020,6,Contratos de colaboración,"Indicar si cuenta con contratos de colaboración, de acuerdo con la codificación de la Tabla 10 publicada en la página web del SUI",Numérico codificado,codificado,,,Sí,obligatorio,Tabla 10 publicada en la página web del SUI,,,,sin-cruce,publico-propuesto,,WEBFETCH_LECTOR,,true,H10;H11
VF-eb598bdb,RESOLUCION_034455_2020,,RESOLUCIÓN SSPD 20201000034455 DE 2020,59. VARIABLES PARA EL CÁLCULO DEL FACTOR DE PRODUCTIVIDAD RESOLUCIÓN CRA 912 DE 2020,7,Número de contratos,Cantidad de contratos de colaboración suscritos,Numérico,numerico,,Unidad,Condicional,condicional,,,,,sin-cruce,publico-propuesto,,WEBFETCH_LECTOR,,true,H10;H11
VF-f57a640d,RESOLUCION_034455_2020,,RESOLUCIÓN SSPD 20201000034455 DE 2020,59. VARIABLES PARA EL CÁLCULO DEL FACTOR DE PRODUCTIVIDAD RESOLUCIÓN CRA 912 DE 2020,8,Prestadores con los que tiene contratos de colaboración,"ID de los prestadores con los que tiene contratos de colaboración, separados por guion",Alfanumérico,alfanumerico,,,Condicional,condicional,IDs separados por guion,,,,sin-cruce,publico-propuesto,,WEBFETCH_LECTOR,,true,H10;H11
VF-9926a90f,RESOLUCION_034455_2020,,RESOLUCIÓN SSPD 20201000034455 DE 2020,59. VARIABLES PARA EL CÁLCULO DEL FACTOR DE PRODUCTIVIDAD RESOLUCIÓN CRA 912 DE 2020,9,Toneladas de recolección y transporte,Promedio mensual de toneladas de recolección y transporte,Numérico,numerico,,ton/mes,Sí,obligatorio,,,,,sin-cruce,publico-propuesto,,WEBFETCH_LECTOR,,true,H10;H11
VF-23d7302c,RESOLUCION_034455_2020,,RESOLUCIÓN SSPD 20201000034455 DE 2020,59. VARIABLES PARA EL CÁLCULO DEL FACTOR DE PRODUCTIVIDAD RESOLUCIÓN CRA 912 DE 2020,10,Árboles podados,Promedio mensual de árboles podados,Numérico,numerico,,und/mes,Sí,obligatorio,,,,,sin-cruce,publico-propuesto,,WEBFETCH_LECTOR,,true,H10;H11
VF-1f9c31b6,RESOLUCION_034455_2020,,RESOLUCIÓN SSPD 20201000034455 DE 2020,59. VARIABLES PARA EL CÁLCULO DEL FACTOR DE PRODUCTIVIDAD RESOLUCIÓN CRA 912 DE 2020,11,Césped podado (m2),Promedio mensual de metros cuadrados de césped podado,Numérico,numerico,,m2/mes,Sí,obligatorio,,,,,sin-cruce,publico-propuesto,,WEBFETCH_LECTOR,,true,H10;H11
VF-5508353a,RESOLUCION_034455_2020,,RESOLUCIÓN SSPD 20201000034455 DE 2020,59. VARIABLES PARA EL CÁLCULO DEL FACTOR DE PRODUCTIVIDAD RESOLUCIÓN CRA 912 DE 2020,12,Áreas públicas lavadas (m2),Promedio mensual de metros cuadrados de áreas públicas lavadas,Numérico,numerico,,m2/mes,Sí,obligatorio,,,,,sin-cruce,publico-propuesto,,WEBFETCH_LECTOR,,true,H10;H11
VF-9fdb93a4,RESOLUCION_034455_2020,,RESOLUCIÓN SSPD 20201000034455 DE 2020,59. VARIABLES PARA EL CÁLCULO DEL FACTOR DE PRODUCTIVIDAD RESOLUCIÓN CRA 912 DE 2020,13,Limpieza de playas (m2),Promedio mensual de metros cuadrados de playas limpiadas,Numérico,numerico,,m2/mes,Sí,obligatorio,,,,,sin-cruce,publico-propuesto,,WEBFETCH_LECTOR,,true,H10;H11
VF-c0f7d474,RESOLUCION_034455_2020,,RESOLUCIÓN SSPD 20201000034455 DE 2020,59. VARIABLES PARA EL CÁLCULO DEL FACTOR DE PRODUCTIVIDAD RESOLUCIÓN CRA 912 DE 2020,14,Vías barridas,Promedio mensual de kilómetros de vías barridas,Numérico,numerico,,km/mes,Sí,obligatorio,,,,,sin-cruce,publico-propuesto,,WEBFETCH_LECTOR,,true,H10;H11
VF-82b786a4,RESOLUCION_034455_2020,,RESOLUCIÓN SSPD 20201000034455 DE 2020,59. VARIABLES PARA EL CÁLCULO DEL FACTOR DE PRODUCTIVIDAD RESOLUCIÓN CRA 912 DE 2020,15,Cestas instaladas,Promedio mensual de cestas instaladas,Numérico,numerico,,und/mes,Sí,obligatorio,,,,,sin-cruce,publico-propuesto,,WEBFETCH_LECTOR,,true,H10;H11
VF-74ccad56,RESOLUCION_034455_2020,,RESOLUCIÓN SSPD 20201000034455 DE 2020,59. VARIABLES PARA EL CÁLCULO DEL FACTOR DE PRODUCTIVIDAD RESOLUCIÓN CRA 912 DE 2020,16,Cestas mantenidas,Promedio mensual de cestas mantenidas,Numérico,numerico,,und/mes,Sí,obligatorio,,,,,sin-cruce,publico-propuesto,,WEBFETCH_LECTOR,,true,H10;H11
VF-1f3e76f0,RESOLUCION_034455_2020,,RESOLUCIÓN SSPD 20201000034455 DE 2020,59. VARIABLES PARA EL CÁLCULO DEL FACTOR DE PRODUCTIVIDAD RESOLUCIÓN CRA 912 DE 2020,17,Toneladas dispuestas,Promedio mensual de toneladas dispuestas en el sitio de disposición final,Numérico,numerico,,ton/mes,Sí,obligatorio,,,,,sin-cruce,publico-propuesto,,WEBFETCH_LECTOR,,true,H10;H11
VF-69c3ae13,RESOLUCION_034455_2020,,RESOLUCIÓN SSPD 20201000034455 DE 2020,59. VARIABLES PARA EL CÁLCULO DEL FACTOR DE PRODUCTIVIDAD RESOLUCIÓN CRA 912 DE 2020,18,Lixiviados tratados,Promedio mensual de metros cúbicos de lixiviados tratados,Numérico,numerico,,m3/mes,Sí,obligatorio,,,,,sin-cruce,publico-propuesto,,WEBFETCH_LECTOR,,true,H10;H11
VF-47899713,RESOLUCION_034455_2020,,RESOLUCIÓN SSPD 20201000034455 DE 2020,59. VARIABLES PARA EL CÁLCULO DEL FACTOR DE PRODUCTIVIDAD RESOLUCIÓN CRA 912 DE 2020,19,Tipo de tratamiento de lixiviados,"Tipo de tratamiento de lixiviados, de acuerdo con la codificación de la Tabla 11 publicada en la página web del SUI",Numérico codificado,codificado,,,Sí,obligatorio,Tabla 11 publicada en la página web del SUI,,,,sin-cruce,publico-propuesto,,WEBFETCH_LECTOR,,true,H10;H11
VF-adf54a29,RESOLUCION_034455_2020,,RESOLUCIÓN SSPD 20201000034455 DE 2020,59. VARIABLES PARA EL CÁLCULO DEL FACTOR DE PRODUCTIVIDAD RESOLUCIÓN CRA 912 DE 2020,20,Gasto de administración,Valor anual consolidado por prestador del gasto de administración,Numérico,numerico,,Pesos,Sí,obligatorio,,,,,sin-cruce,publico-propuesto,,WEBFETCH_LECTOR,,true,H10;H11
VF-ecea5cd9,RESOLUCION_034455_2020,,RESOLUCIÓN SSPD 20201000034455 DE 2020,59. VARIABLES PARA EL CÁLCULO DEL FACTOR DE PRODUCTIVIDAD RESOLUCIÓN CRA 912 DE 2020,21,Gasto operativo,Valor anual consolidado del gasto operativo,Numérico,numerico,,Pesos,Sí,obligatorio,,,,,sin-cruce,publico-propuesto,,WEBFETCH_LECTOR,,true,H10;H11
VF-6777f48d,RESOLUCION_034455_2020,,RESOLUCIÓN SSPD 20201000034455 DE 2020,59. VARIABLES PARA EL CÁLCULO DEL FACTOR DE PRODUCTIVIDAD RESOLUCIÓN CRA 912 DE 2020,22,Costo de ventas,Valor anual consolidado del costo de ventas,Numérico,numerico,,Pesos,Sí,obligatorio,,,,,sin-cruce,publico-propuesto,,WEBFETCH_LECTOR,,true,H10;H11
VF-3073487d,RESOLUCION_034455_2020,,RESOLUCIÓN SSPD 20201000034455 DE 2020,59. VARIABLES PARA EL CÁLCULO DEL FACTOR DE PRODUCTIVIDAD RESOLUCIÓN CRA 912 DE 2020,23,"Propiedad, planta y equipo","Valor anual al final del período de propiedad, planta y equipo",Numérico,numerico,,Pesos,Sí,obligatorio,,,,,sin-cruce,publico-propuesto,,WEBFETCH_LECTOR,,true,H10;H11
VF-9aa6812e,RESOLUCION_034455_2020,,RESOLUCIÓN SSPD 20201000034455 DE 2020,59. VARIABLES PARA EL CÁLCULO DEL FACTOR DE PRODUCTIVIDAD RESOLUCIÓN CRA 912 DE 2020,24,Otros gastos financieros,Gastos financieros únicamente,Numérico,numerico,,Pesos,Sí,obligatorio,,,,,sin-cruce,publico-propuesto,,WEBFETCH_LECTOR,,true,H10;H11
VF-bcb7e1a4,RESOLUCION_034455_2020,,RESOLUCIÓN SSPD 20201000034455 DE 2020,59. VARIABLES PARA EL CÁLCULO DEL FACTOR DE PRODUCTIVIDAD RESOLUCIÓN CRA 912 DE 2020,25,Ingresos de actividades ordinarias,Ingresos de actividades ordinarias,Numérico,numerico,,Pesos,Sí,obligatorio,,,,,sin-cruce,publico-propuesto,,WEBFETCH_LECTOR,,true,H10;H11
VF-29c4a753,RESOLUCION_034455_2020,,RESOLUCIÓN SSPD 20201000034455 DE 2020,59. VARIABLES PARA EL CÁLCULO DEL FACTOR DE PRODUCTIVIDAD RESOLUCIÓN CRA 912 DE 2020,26,Valores facturados a terceros,Valores facturados a terceros incluidos en el campo 25,Numérico,numerico,,Pesos,Sí,obligatorio,,,,,sin-cruce,publico-propuesto,,WEBFETCH_LECTOR,,true,H10;H11
VF-147a11f8,RESOLUCION_606485_2024,,RESOLUCIÓN SSPD 20241000606485 DE 2024,12. REGISTRO DE MICRORRUTAS,2,Tipo de microrruta,Seleccionar de la lista el tipo de microrruta que se registra,Numérico codificado,codificado,2,,Sí,obligatorio,1 a 11 según codificación de tipo de microrruta,,,,sin-cruce,publico-propuesto,,WEBFETCH_LECTOR,,true,H10;H11
VF-5582a5f2,RESOLUCION_606485_2024,,RESOLUCIÓN SSPD 20241000606485 DE 2024,13. ACTUALIZACIÓN DE MICRORRUTAS,3,Tipo de microrruta,Seleccionar de la lista el tipo de microrruta que se actualiza,Numérico codificado,codificado,2,,Sí,obligatorio,1 a 11 según codificación de tipo de microrruta,,,,sin-cruce,publico-propuesto,,WEBFETCH_LECTOR,,true,H10;H11
VF-02d920b1,RESOLUCION_606485_2024,,RESOLUCIÓN SSPD 20241000606485 DE 2024,14. RESIDUOS GENERADOS EN EL ÁREA DE PRESTACIÓN DEL SERVICIO,2,Tipo de sitio de destino,Seleccionar de la lista el tipo de sitio de destino de los residuos,Numérico codificado,codificado,1,,Sí,obligatorio,1=Sitio de disposición final; 2=Estación de transferencia; 3=Estación de clasificación y aprovechamiento; 4=Instalación de tratamiento de residuos sólidos,,,,sin-cruce,publico-propuesto,,WEBFETCH_LECTOR,,true,H10;H11
VF-826ab708,RESOLUCION_606485_2024,,RESOLUCIÓN SSPD 20241000606485 DE 2024,14. RESIDUOS GENERADOS EN EL ÁREA DE PRESTACIÓN DEL SERVICIO,3,Número del sitio de destino,Número único de identificación del sitio de destino según el tipo seleccionado en el campo 2,Alfanumérico,alfanumerico,,,Sí,obligatorio,NUSD; NUET; NUECA; NUIT según el campo 2,,,,sin-cruce,publico-propuesto,,WEBFETCH_LECTOR,,true,H10;H11
VF-947b4046,RESOLUCION_606485_2024,,RESOLUCIÓN SSPD 20241000606485 DE 2024,60. REGISTRO DE INSTALACIONES DE TRATAMIENTO DE RESIDUOS SÓLIDOS,1,Nombre del departamento,Departamento donde se encuentra ubicada la instalación de tratamiento,Lista desplegable,codificado,,,Sí,obligatorio,Departamentos DANE,,,,sin-cruce,restringido-propuesto,dato personal · nombre,WEBFETCH_LECTOR,,true,H10;H11
VF-1012ba02,RESOLUCION_606485_2024,,RESOLUCIÓN SSPD 20241000606485 DE 2024,60. REGISTRO DE INSTALACIONES DE TRATAMIENTO DE RESIDUOS SÓLIDOS,2,Nombre del municipio,Municipio donde se encuentra ubicada la instalación de tratamiento,Lista desplegable,codificado,,,Sí,obligatorio,Municipios DANE,,,,sin-cruce,restringido-propuesto,dato personal · nombre,WEBFETCH_LECTOR,,true,H10;H11
VF-024868e5,RESOLUCION_606485_2024,,RESOLUCIÓN SSPD 20241000606485 DE 2024,60. REGISTRO DE INSTALACIONES DE TRATAMIENTO DE RESIDUOS SÓLIDOS,3,Nombre de la instalación de tratamiento,"Nombre con el que se designa la instalación de tratamiento, que permite reconocerla y diferenciarla de otra",Texto,alfanumerico,,,Sí,obligatorio,Texto libre,,,,sin-cruce,restringido-propuesto,dato personal · nombre,WEBFETCH_LECTOR,,true,H10;H11
VF-b743c3a2,RESOLUCION_606485_2024,,RESOLUCIÓN SSPD 20241000606485 DE 2024,60. REGISTRO DE INSTALACIONES DE TRATAMIENTO DE RESIDUOS SÓLIDOS,4,Dirección de la instalación de tratamiento,Corresponde a la dirección del predio en el cual está ubicada la instalación de tratamiento,Texto,alfanumerico,,,Sí,obligatorio,Texto libre,,,,sin-cruce,restringido-propuesto,dato personal · dirección,WEBFETCH_LECTOR,,true,H10;H11
VF-7fca13d3,RESOLUCION_606485_2024,,RESOLUCIÓN SSPD 20241000606485 DE 2024,60. REGISTRO DE INSTALACIONES DE TRATAMIENTO DE RESIDUOS SÓLIDOS,5,Longitud,Coordenadas geográficas del punto de entrada al sitio de tratamiento de residuos correspondiente a la longitud en grados decimales en el sistema de referencia MAGNA - SIRGAS,Decimal,decimal,,Grados decimales,Sí,obligatorio,Coordenada válida MAGNA-SIRGAS,,,,sin-cruce,publico-propuesto,,WEBFETCH_LECTOR,,true,H10;H11
VF-f55388e4,RESOLUCION_606485_2024,,RESOLUCIÓN SSPD 20241000606485 DE 2024,60. REGISTRO DE INSTALACIONES DE TRATAMIENTO DE RESIDUOS SÓLIDOS,6,Latitud,Coordenadas geográficas del punto de entrada al sitio de tratamiento de residuos correspondiente a la latitud en grados decimales en el sistema de referencia MAGNA - SIRGAS,Decimal,decimal,,Grados decimales,Sí,obligatorio,Coordenada válida MAGNA-SIRGAS,,,,sin-cruce,publico-propuesto,,WEBFETCH_LECTOR,,true,H10;H11
VF-dda0a172,RESOLUCION_606485_2024,,RESOLUCIÓN SSPD 20241000606485 DE 2024,60. REGISTRO DE INSTALACIONES DE TRATAMIENTO DE RESIDUOS SÓLIDOS,7,Fecha de inicio de operaciones,"Fecha en la cual entró en operación la instalación de tratamiento, independientemente del inicio de la prestación del servicio por parte del operador de la misma",Fecha,fecha,10,dd-mm-aaaa,Sí,obligatorio,Formato dd-mm-aaaa,,,,sin-cruce,publico-propuesto,,WEBFETCH_LECTOR,,true,H10;H11
VF-8eeef897,RESOLUCION_606485_2024,,RESOLUCIÓN SSPD 20241000606485 DE 2024,60. REGISTRO DE INSTALACIONES DE TRATAMIENTO DE RESIDUOS SÓLIDOS,8,Tipo de tratamiento,Seleccionar de la lista el tipo de tratamiento de acuerdo con la codificación de la Tabla 1 publicada en la página web del SUI,Numérico codificado,codificado,,,Sí,obligatorio,Tabla 1 publicada en la página web del SUI,,,,sin-cruce,publico-propuesto,,WEBFETCH_LECTOR,,true,H10;H11
VF-0bc8e54d,RESOLUCION_606485_2024,,RESOLUCIÓN SSPD 20241000606485 DE 2024,60. REGISTRO DE INSTALACIONES DE TRATAMIENTO DE RESIDUOS SÓLIDOS,9,Otro tipo de tratamiento,"Si en el campo anterior seleccionó la opción 8, indique el nombre del otro tipo de tratamiento; de lo contrario deje el campo vacío",Texto,alfanumerico,,,Condicional,condicional,Texto libre o vacío,,,,sin-cruce,restringido-propuesto,dato personal · nombre,WEBFETCH_LECTOR,,true,H10;H11
VF-77b599d1,RESOLUCION_606485_2024,,RESOLUCIÓN SSPD 20241000606485 DE 2024,60. REGISTRO DE INSTALACIONES DE TRATAMIENTO DE RESIDUOS SÓLIDOS,10,Propietario predio de la instalación de tratamiento,Seleccionar de la lista el propietario del predio de acuerdo con la codificación de la Tabla 2 publicada en la página web del SUI,Numérico codificado,codificado,,,Sí,obligatorio,Tabla 2 publicada en la página web del SUI,,,,sin-cruce,publico-propuesto,,WEBFETCH_LECTOR,,true,H10;H11
VF-dfc78a44,RESOLUCION_606485_2024,,RESOLUCIÓN SSPD 20241000606485 DE 2024,60. REGISTRO DE INSTALACIONES DE TRATAMIENTO DE RESIDUOS SÓLIDOS,11,Capacidad de operación (ton/año),"Capacidad de operación de la instalación de tratamiento, en toneladas/año",Numérico,numerico,,ton/año,Sí,obligatorio,Valores positivos,,,,sin-cruce,publico-propuesto,,WEBFETCH_LECTOR,,true,H10;H11
VF-33c9d4e9,RESOLUCION_606485_2024,,RESOLUCIÓN SSPD 20241000606485 DE 2024,60. REGISTRO DE INSTALACIONES DE TRATAMIENTO DE RESIDUOS SÓLIDOS,12,Cuenta con sistema de pesaje de los residuos que ingresan,Indicar si la instalación de tratamiento cuenta con sistema de pesaje de los residuos que ingresan,Numérico codificado,codificado,1,,Sí,obligatorio,1=Sí; 2=No,,,,sin-cruce,publico-propuesto,,WEBFETCH_LECTOR,,true,H10;H11
VF-58ff9bd8,RESOLUCION_606485_2024,,RESOLUCIÓN SSPD 20241000606485 DE 2024,60. REGISTRO DE INSTALACIONES DE TRATAMIENTO DE RESIDUOS SÓLIDOS,13,Cuenta con Autorización Ambiental,Indicar si la instalación de tratamiento cuenta con autorización ambiental,Numérico codificado,codificado,1,,Sí,obligatorio,1=Sí; 2=No,,,,sin-cruce,publico-propuesto,,WEBFETCH_LECTOR,,true,H10;H11
VF-361cd534,RESOLUCION_606485_2024,,RESOLUCIÓN SSPD 20241000606485 DE 2024,60. REGISTRO DE INSTALACIONES DE TRATAMIENTO DE RESIDUOS SÓLIDOS,14,Entidad que otorgó la Autorización Ambiental,Seleccionar de la lista la entidad que otorgó la autorización ambiental,Lista desplegable,codificado,,,Condicional,condicional,Listado de 43 Corporaciones Autónomas Regionales y autoridades ambientales,,,,sin-cruce,publico-propuesto,,WEBFETCH_LECTOR,,true,H10;H11
VF-196db57b,RESOLUCION_606485_2024,,RESOLUCIÓN SSPD 20241000606485 DE 2024,60. REGISTRO DE INSTALACIONES DE TRATAMIENTO DE RESIDUOS SÓLIDOS,15,Tipo de Autorización Ambiental,Seleccionar de la lista el tipo de autorización ambiental de acuerdo con la codificación de la Tabla 3 publicada en la página web del SUI,Numérico codificado,codificado,,,Condicional,condicional,Tabla 3 publicada en la página web del SUI,,,,sin-cruce,publico-propuesto,,WEBFETCH_LECTOR,,true,H10;H11
VF-aa637ca7,RESOLUCION_606485_2024,,RESOLUCIÓN SSPD 20241000606485 DE 2024,60. REGISTRO DE INSTALACIONES DE TRATAMIENTO DE RESIDUOS SÓLIDOS,16,No. Resolución de la Autorización Ambiental,Número de la resolución mediante la cual se otorgó la autorización ambiental,Alfanumérico,alfanumerico,,,Condicional,condicional,,,,,sin-cruce,publico-propuesto,,WEBFETCH_LECTOR,,true,H10;H11
VF-8ca70ad7,RESOLUCION_606485_2024,,RESOLUCIÓN SSPD 20241000606485 DE 2024,60. REGISTRO DE INSTALACIONES DE TRATAMIENTO DE RESIDUOS SÓLIDOS,17,Fecha de la Resolución de la Autorización Ambiental,Fecha de la resolución mediante la cual se otorgó la autorización ambiental,Fecha,fecha,10,dd-mm-aaaa,Condicional,condicional,Formato dd-mm-aaaa,,,,sin-cruce,publico-propuesto,,WEBFETCH_LECTOR,,true,H10;H11
VF-45c7caf7,RESOLUCION_606485_2024,,RESOLUCIÓN SSPD 20241000606485 DE 2024,60. REGISTRO DE INSTALACIONES DE TRATAMIENTO DE RESIDUOS SÓLIDOS,18,Fecha de terminación de la vigencia de la Autorización Ambiental,Fecha en que termina la vigencia de la autorización ambiental,Fecha,fecha,10,dd-mm-aaaa,Condicional,condicional,Formato dd-mm-aaaa,,,,sin-cruce,publico-propuesto,,WEBFETCH_LECTOR,,true,H10;H11
VF-53f84c34,RESOLUCION_606485_2024,,RESOLUCIÓN SSPD 20241000606485 DE 2024,60. REGISTRO DE INSTALACIONES DE TRATAMIENTO DE RESIDUOS SÓLIDOS,19,¿Realiza vertimiento de Lixiviados?,Indicar si la instalación de tratamiento realiza vertimiento de lixiviados,Numérico codificado,codificado,1,,Sí,obligatorio,1=Sí; 2=No,,,,sin-cruce,publico-propuesto,,WEBFETCH_LECTOR,,true,H10;H11
VF-873f035b,RESOLUCION_606485_2024,,RESOLUCIÓN SSPD 20241000606485 DE 2024,60. REGISTRO DE INSTALACIONES DE TRATAMIENTO DE RESIDUOS SÓLIDOS,20,¿Cuenta con permiso de vertimientos?,Indicar si la instalación de tratamiento cuenta con permiso de vertimientos,Numérico codificado,codificado,1,,Condicional,condicional,1=Sí; 2=No,,,,sin-cruce,publico-propuesto,,WEBFETCH_LECTOR,,true,H10;H11
VF-6681ca90,RESOLUCION_606485_2024,,RESOLUCIÓN SSPD 20241000606485 DE 2024,60. REGISTRO DE INSTALACIONES DE TRATAMIENTO DE RESIDUOS SÓLIDOS,21,Entidad que otorgó el permiso de vertimientos,Seleccionar de la lista la entidad que otorgó el permiso de vertimientos,Lista desplegable,codificado,,,Condicional,condicional,Listado de 43 Corporaciones Autónomas Regionales y autoridades ambientales,,,,sin-cruce,publico-propuesto,,WEBFETCH_LECTOR,,true,H10;H11
VF-588e0bd9,RESOLUCION_606485_2024,,RESOLUCIÓN SSPD 20241000606485 DE 2024,60. REGISTRO DE INSTALACIONES DE TRATAMIENTO DE RESIDUOS SÓLIDOS,22,No. resolución del permiso de vertimiento,Número de la resolución mediante la cual se otorgó el permiso de vertimiento,Alfanumérico,alfanumerico,,,Condicional,condicional,,,,,sin-cruce,publico-propuesto,,WEBFETCH_LECTOR,,true,H10;H11
VF-6ef2957f,RESOLUCION_606485_2024,,RESOLUCIÓN SSPD 20241000606485 DE 2024,60. REGISTRO DE INSTALACIONES DE TRATAMIENTO DE RESIDUOS SÓLIDOS,23,Fecha de terminación del permiso de vertimiento,Fecha en que termina la vigencia del permiso de vertimiento,Fecha,fecha,10,dd-mm-aaaa,Condicional,condicional,Formato dd-mm-aaaa,,,,sin-cruce,publico-propuesto,,WEBFETCH_LECTOR,,true,H10;H11
VF-06baf52c,RESOLUCION_606485_2024,,RESOLUCIÓN SSPD 20241000606485 DE 2024,60. REGISTRO DE INSTALACIONES DE TRATAMIENTO DE RESIDUOS SÓLIDOS,24,Tipo de residuos tratados,"Seleccionar de la lista el tipo de residuos tratados en la instalación de tratamiento objeto de registro, de acuerdo con la codificación de la Tabla 4 publicada en la página web del SUI",Numérico codificado,codificado,,,Sí,obligatorio,Tabla 4 publicada en la página web del SUI,,,,sin-cruce,publico-propuesto,,WEBFETCH_LECTOR,,true,H10;H11
VF-6c43d47f,RESOLUCION_606485_2024,,RESOLUCIÓN SSPD 20241000606485 DE 2024,60. REGISTRO DE INSTALACIONES DE TRATAMIENTO DE RESIDUOS SÓLIDOS,25,Tipo de subproducto generado del tratamiento,"Seleccionar de la lista el tipo de subproducto generado en la instalación de tratamiento objeto de registro, de acuerdo con la codificación de la Tabla 5 publicada en la página web del SUI",Numérico codificado,codificado,,,Sí,obligatorio,Tabla 5 publicada en la página web del SUI,,,,sin-cruce,publico-propuesto,,WEBFETCH_LECTOR,,true,H10;H11
VF-705ee328,RESOLUCION_606485_2024,,RESOLUCIÓN SSPD 20241000606485 DE 2024,60. REGISTRO DE INSTALACIONES DE TRATAMIENTO DE RESIDUOS SÓLIDOS,26,Otro tipo de subproducto generado del tratamiento,"Si en el campo anterior seleccionó la opción 7, indique el nombre del otro tipo de subproducto; de lo contrario deje el campo vacío",Texto,alfanumerico,,,Condicional,condicional,Texto libre o vacío,,,,sin-cruce,restringido-propuesto,dato personal · nombre,WEBFETCH_LECTOR,,true,H10;H11
VF-df8b0492,RESOLUCION_606485_2024,,RESOLUCIÓN SSPD 20241000606485 DE 2024,61. ACTUALIZACIÓN - INSTALACIONES DE TRATAMIENTO DE RESIDUOS SÓLIDOS,1,Estado del NUIT,Estado en que se encuentra la instalación de tratamiento identificada con el NUIT,Lista desplegable,codificado,,,Sí,obligatorio,Activo; Inactivo,,,,sin-cruce,publico-propuesto,,WEBFETCH_LECTOR,,true,H10;H11
VF-a2d361c7,RESOLUCION_606485_2024,,RESOLUCIÓN SSPD 20241000606485 DE 2024,61. ACTUALIZACIÓN - INSTALACIONES DE TRATAMIENTO DE RESIDUOS SÓLIDOS,2,Fecha del estado actual del NUIT,Fecha a partir de la cual rige el estado actual del NUIT,Fecha,fecha,10,dd-mm-aaaa,Sí,obligatorio,Formato dd-mm-aaaa,,,,sin-cruce,publico-propuesto,,WEBFETCH_LECTOR,,true,H10;H11
VF-5759dd08,RESOLUCION_606485_2024,,RESOLUCIÓN SSPD 20241000606485 DE 2024,61. ACTUALIZACIÓN - INSTALACIONES DE TRATAMIENTO DE RESIDUOS SÓLIDOS,3,Tipo de tratamiento,Seleccionar de la lista el tipo de tratamiento de acuerdo con la codificación de la Tabla 1 publicada en la página web del SUI,Numérico codificado,codificado,,,Sí,obligatorio,Tabla 1 publicada en la página web del SUI,,,,sin-cruce,publico-propuesto,,WEBFETCH_LECTOR,,true,H10;H11
VF-23d52db7,RESOLUCION_606485_2024,,RESOLUCIÓN SSPD 20241000606485 DE 2024,61. ACTUALIZACIÓN - INSTALACIONES DE TRATAMIENTO DE RESIDUOS SÓLIDOS,4,Otro tipo de tratamiento,"Si en el campo anterior seleccionó la opción 8, indique el nombre del otro tipo de tratamiento; de lo contrario deje el campo vacío",Texto,alfanumerico,,,Condicional,condicional,Texto libre o vacío,,,,sin-cruce,restringido-propuesto,dato personal · nombre,WEBFETCH_LECTOR,,true,H10;H11
VF-71f7226b,RESOLUCION_606485_2024,,RESOLUCIÓN SSPD 20241000606485 DE 2024,61. ACTUALIZACIÓN - INSTALACIONES DE TRATAMIENTO DE RESIDUOS SÓLIDOS,5,Propietario predio de la instalación de tratamiento,Seleccionar de la lista el propietario del predio de acuerdo con la codificación de la Tabla 2 publicada en la página web del SUI,Numérico codificado,codificado,,,Sí,obligatorio,Tabla 2 publicada en la página web del SUI,,,,sin-cruce,publico-propuesto,,WEBFETCH_LECTOR,,true,H10;H11
VF-6627445f,RESOLUCION_606485_2024,,RESOLUCIÓN SSPD 20241000606485 DE 2024,61. ACTUALIZACIÓN - INSTALACIONES DE TRATAMIENTO DE RESIDUOS SÓLIDOS,6,Capacidad de operación (ton/año),"Capacidad de operación de la instalación de tratamiento, en toneladas/año",Numérico,numerico,,ton/año,Sí,obligatorio,Valores positivos,,,,sin-cruce,publico-propuesto,,WEBFETCH_LECTOR,,true,H10;H11
VF-26b9bbc2,RESOLUCION_606485_2024,,RESOLUCIÓN SSPD 20241000606485 DE 2024,61. ACTUALIZACIÓN - INSTALACIONES DE TRATAMIENTO DE RESIDUOS SÓLIDOS,7,Cuenta con sistema de pesaje de los residuos que ingresan,Indicar si la instalación de tratamiento cuenta con sistema de pesaje de los residuos que ingresan,Numérico codificado,codificado,1,,Sí,obligatorio,1=Sí; 2=No,,,,sin-cruce,publico-propuesto,,WEBFETCH_LECTOR,,true,H10;H11
VF-951a5fba,RESOLUCION_606485_2024,,RESOLUCIÓN SSPD 20241000606485 DE 2024,61. ACTUALIZACIÓN - INSTALACIONES DE TRATAMIENTO DE RESIDUOS SÓLIDOS,8,Cuenta con Autorización Ambiental,Indicar si la instalación de tratamiento cuenta con autorización ambiental,Numérico codificado,codificado,1,,Sí,obligatorio,1=Sí; 2=No,,,,sin-cruce,publico-propuesto,,WEBFETCH_LECTOR,,true,H10;H11
VF-68902aaf,RESOLUCION_606485_2024,,RESOLUCIÓN SSPD 20241000606485 DE 2024,61. ACTUALIZACIÓN - INSTALACIONES DE TRATAMIENTO DE RESIDUOS SÓLIDOS,9,Entidad que otorgó la Autorización Ambiental,Seleccionar de la lista la entidad que otorgó la autorización ambiental,Lista desplegable,codificado,,,Condicional,condicional,Listado de 43 Corporaciones Autónomas Regionales y autoridades ambientales,,,,sin-cruce,publico-propuesto,,WEBFETCH_LECTOR,,true,H10;H11
VF-263c1c76,RESOLUCION_606485_2024,,RESOLUCIÓN SSPD 20241000606485 DE 2024,61. ACTUALIZACIÓN - INSTALACIONES DE TRATAMIENTO DE RESIDUOS SÓLIDOS,10,Tipo de Autorización Ambiental,Seleccionar de la lista el tipo de autorización ambiental de acuerdo con la codificación de la Tabla 3 publicada en la página web del SUI,Numérico codificado,codificado,,,Condicional,condicional,Tabla 3 publicada en la página web del SUI,,,,sin-cruce,publico-propuesto,,WEBFETCH_LECTOR,,true,H10;H11
VF-7335f21a,RESOLUCION_606485_2024,,RESOLUCIÓN SSPD 20241000606485 DE 2024,61. ACTUALIZACIÓN - INSTALACIONES DE TRATAMIENTO DE RESIDUOS SÓLIDOS,11,No. Resolución de la Autorización Ambiental,Número de la resolución mediante la cual se otorgó la autorización ambiental,Alfanumérico,alfanumerico,,,Condicional,condicional,,,,,sin-cruce,publico-propuesto,,WEBFETCH_LECTOR,,true,H10;H11
VF-f307b816,RESOLUCION_606485_2024,,RESOLUCIÓN SSPD 20241000606485 DE 2024,61. ACTUALIZACIÓN - INSTALACIONES DE TRATAMIENTO DE RESIDUOS SÓLIDOS,12,Fecha de la Resolución de la Autorización Ambiental,Fecha de la resolución mediante la cual se otorgó la autorización ambiental,Fecha,fecha,10,dd-mm-aaaa,Condicional,condicional,Formato dd-mm-aaaa,,,,sin-cruce,publico-propuesto,,WEBFETCH_LECTOR,,true,H10;H11
VF-0ac83d45,RESOLUCION_606485_2024,,RESOLUCIÓN SSPD 20241000606485 DE 2024,61. ACTUALIZACIÓN - INSTALACIONES DE TRATAMIENTO DE RESIDUOS SÓLIDOS,13,Fecha de terminación de la vigencia de la Autorización Ambiental,Fecha en que termina la vigencia de la autorización ambiental,Fecha,fecha,10,dd-mm-aaaa,Condicional,condicional,Formato dd-mm-aaaa,,,,sin-cruce,publico-propuesto,,WEBFETCH_LECTOR,,true,H10;H11
VF-8a353406,RESOLUCION_606485_2024,,RESOLUCIÓN SSPD 20241000606485 DE 2024,61. ACTUALIZACIÓN - INSTALACIONES DE TRATAMIENTO DE RESIDUOS SÓLIDOS,14,¿Realiza vertimiento de Lixiviados?,Indicar si la instalación de tratamiento realiza vertimiento de lixiviados,Numérico codificado,codificado,1,,Sí,obligatorio,1=Sí; 2=No,,,,sin-cruce,publico-propuesto,,WEBFETCH_LECTOR,,true,H10;H11
VF-70d78b1c,RESOLUCION_606485_2024,,RESOLUCIÓN SSPD 20241000606485 DE 2024,61. ACTUALIZACIÓN - INSTALACIONES DE TRATAMIENTO DE RESIDUOS SÓLIDOS,15,¿Cuenta con permiso de vertimientos?,Indicar si la instalación de tratamiento cuenta con permiso de vertimientos,Numérico codificado,codificado,1,,Condicional,condicional,1=Sí; 2=No,,,,sin-cruce,publico-propuesto,,WEBFETCH_LECTOR,,true,H10;H11
VF-192256f2,RESOLUCION_606485_2024,,RESOLUCIÓN SSPD 20241000606485 DE 2024,61. ACTUALIZACIÓN - INSTALACIONES DE TRATAMIENTO DE RESIDUOS SÓLIDOS,16,Entidad que otorgó el permiso de vertimientos,Seleccionar de la lista la entidad que otorgó el permiso de vertimientos,Lista desplegable,codificado,,,Condicional,condicional,Listado de 43 Corporaciones Autónomas Regionales y autoridades ambientales,,,,sin-cruce,publico-propuesto,,WEBFETCH_LECTOR,,true,H10;H11
VF-95587155,RESOLUCION_606485_2024,,RESOLUCIÓN SSPD 20241000606485 DE 2024,61. ACTUALIZACIÓN - INSTALACIONES DE TRATAMIENTO DE RESIDUOS SÓLIDOS,17,No. resolución del permiso de vertimiento,Número de la resolución mediante la cual se otorgó el permiso de vertimiento,Alfanumérico,alfanumerico,,,Condicional,condicional,,,,,sin-cruce,publico-propuesto,,WEBFETCH_LECTOR,,true,H10;H11
VF-d106306e,RESOLUCION_606485_2024,,RESOLUCIÓN SSPD 20241000606485 DE 2024,61. ACTUALIZACIÓN - INSTALACIONES DE TRATAMIENTO DE RESIDUOS SÓLIDOS,18,Fecha de terminación del permiso de vertimiento,Fecha en que termina la vigencia del permiso de vertimiento,Fecha,fecha,10,dd-mm-aaaa,Condicional,condicional,Formato dd-mm-aaaa,,,,sin-cruce,publico-propuesto,,WEBFETCH_LECTOR,,true,H10;H11
VF-a836e57d,RESOLUCION_606485_2024,,RESOLUCIÓN SSPD 20241000606485 DE 2024,61. ACTUALIZACIÓN - INSTALACIONES DE TRATAMIENTO DE RESIDUOS SÓLIDOS,19,Tipo de residuos tratados,Seleccionar de la lista el tipo de residuos tratados de acuerdo con la codificación de la Tabla 4 publicada en la página web del SUI,Numérico codificado,codificado,,,Sí,obligatorio,Tabla 4 publicada en la página web del SUI,,,,sin-cruce,publico-propuesto,,WEBFETCH_LECTOR,,true,H10;H11
VF-e1f6c466,RESOLUCION_606485_2024,,RESOLUCIÓN SSPD 20241000606485 DE 2024,61. ACTUALIZACIÓN - INSTALACIONES DE TRATAMIENTO DE RESIDUOS SÓLIDOS,20,Tipo de subproducto generado del tratamiento,Seleccionar de la lista el tipo de subproducto generado de acuerdo con la codificación de la Tabla 5 publicada en la página web del SUI,Numérico codificado,codificado,,,Sí,obligatorio,Tabla 5 publicada en la página web del SUI,,,,sin-cruce,publico-propuesto,,WEBFETCH_LECTOR,,true,H10;H11
VF-3d1a18e3,RESOLUCION_606485_2024,,RESOLUCIÓN SSPD 20241000606485 DE 2024,61. ACTUALIZACIÓN - INSTALACIONES DE TRATAMIENTO DE RESIDUOS SÓLIDOS,21,Otro tipo de subproducto generado del tratamiento,"Si en el campo anterior seleccionó la opción 7, indique el nombre del otro tipo de subproducto; de lo contrario deje el campo vacío",Texto,alfanumerico,,,Condicional,condicional,Texto libre o vacío,,,,sin-cruce,restringido-propuesto,dato personal · nombre,WEBFETCH_LECTOR,,true,H10;H11
VF-7773ecb1,RESOLUCION_681915_2026,,RESOLUCION SSPD 20261000681915 DE 2026,"ANEXO A. REPORTE DE RECLAMACIONES, QUEJAS Y RECURSOS",1,RADICADO RECLAMACIÓN O QUEJA,"Identificadorasignado porel prestadoral momento de registrar las reclamaciones y las quejas presentadas por el suscriptoro usuario. Este campo corresponde a una cadena alfanumérica (sin caracteres especiales, como puntos, guiones, etc), que permite identificar el trámite, incluidos aquellos recibidos portraslado de competencia. Cuando una misma reclamación comprenda inconformidades relacionadas con una o varias facturas, períodos de facturación, conceptos de cobro o servicios asociados, el prestador deberá reportar un único registro correspondiente al radicado mediante el cual fue presentada la reclamación. En consecuencia, no deberán generarse múltiples registros en el SUl respecto de una misma actuación administrativa por el hecho de involucrar varias facturas, períodos, conceptos facturados o actuaciones internas asociadas al mismo radicado. 32. FECHA DE RADICACIÓN RECLAMACIÓN O QUEJA",,sin-dato,,,,sin-dato,,,,,sin-cruce,publico-propuesto,,PDF_NARRATIVO,11,false,H10;H11
VF-e1cdf9a8,RESOLUCION_681915_2026,,RESOLUCION SSPD 20261000681915 DE 2026,"ANEXO A. REPORTE DE RECLAMACIONES, QUEJAS Y RECURSOS",3,NÚMERO DE CUENTA CONTRATO,"Corresponde al número único de identificación del predio donde se presta el servicio público domiciliario, mediante el cual las personas prestadoras identifican a sus suscriptores en sus sistemas de información, y que hace referencia al identificador asignado por el prestador a cada suscriptor del servicio público domiciliario. La información registrada en este campo deberá corresponder al NIU reportado por el prestador en el inventario de suscriptores o maestro de facturación del servicio, en el Sistema Unico de Información SUI. Este número deberá ser único e inmodificable. - Cuando la actuación involucre varios servicios asociados a un mismo inmueble, deberá reportarse la cuenta contrato correspondiente al servicio sobre el cual recae la reclamación, queja o recurso. Ii' Superintendencia de Servicios Públicos Domiciliarios www.superservicios.gov.co sspdsuperservicios.gov.co - 202610006",,sin-dato,,,,sin-dato,,,,,sin-cruce,publico-propuesto,,PDF_NARRATIVO,11,false,H10;H11
VF-167d9455,RESOLUCION_681915_2026,,RESOLUCION SSPD 20261000681915 DE 2026,"ANEXO A. REPORTE DE RECLAMACIONES, QUEJAS Y RECURSOS",4,CÓDIGO DANE DEPARTAMENTO,"Corresponde a la codificación dada por el DANE a la división político-administrativa de Colombia, con la siguiente estructura: DD., que pertenece al departamentodonde se prestael servicio o dondese ubica el inmueble asociado a la reclamación, queja o recurso.",,sin-dato,,,,sin-dato,,,,,sin-cruce,publico-propuesto,,PDF_NARRATIVO,12,false,H10;H11
VF-a1482652,RESOLUCION_681915_2026,,RESOLUCION SSPD 20261000681915 DE 2026,"ANEXO A. REPORTE DE RECLAMACIONES, QUEJAS Y RECURSOS",5,CÓDIGO DANE MUNICIPIO,"Corresponde a la codificación dada por el DANE a la división político-administrativa de Colombia, con la siguiente estructura: MMM, que pertenece al municipio donde se presta el servicio o donde se ubica el inmueble asociado a la reclamación, queja o recurso.",,sin-dato,,,,sin-dato,,,,,sin-cruce,publico-propuesto,,PDF_NARRATIVO,12,false,H10;H11
VF-2fabfa4a,RESOLUCION_681915_2026,,RESOLUCION SSPD 20261000681915 DE 2026,"ANEXO A. REPORTE DE RECLAMACIONES, QUEJAS Y RECURSOS",6,CÓDIGO CENTRO POBLADO,"Corresponde a la codificación dada porel DANE a la división político-administrativa de Colombia, con la siguiente estructura: CCC, que pertenece al centro poblado, corregimiento o inspección, donde se presta el servicio o donde se ubica el inmueble asociado a la reclamación, queja o recurso.",,sin-dato,,,,sin-dato,,,,,sin-cruce,publico-propuesto,,PDF_NARRATIVO,12,false,H10;H11
VF-93ce7a4e,RESOLUCION_681915_2026,,RESOLUCION SSPD 20261000681915 DE 2026,"ANEXO A. REPORTE DE RECLAMACIONES, QUEJAS Y RECURSOS",7,CÓDIGO DELSERVICIO,"Corresponde al código que identifica el servicio público domiciliario sobre el cual recae la reclamación, queja o recurso, de acuerdo con la siguiente clasificación: Código Servicio 1 Acueducto 2 Alcantarillado 3 Aseo 4 Energía 5 Gas por redes Gas Licuado de Petróleo GLP - ________",,sin-dato,,,,sin-dato,,,,,sin-cruce,publico-propuesto,,PDF_NARRATIVO,12,false,H10;H11
VF-c426d2eb,RESOLUCION_681915_2026,,RESOLUCION SSPD 20261000681915 DE 2026,"ANEXO A. REPORTE DE RECLAMACIONES, QUEJAS Y RECURSOS",8,TIPO DE TRÁMITE,"Corresponde a la reclamación, queja y recurso de reposición y en subsidio de apelación, de conformidad con el artículo tercero de la presente resolución. Para efectos del reporte, la clasificación del trámite deberá realizarse atendiendo al contenido material de éste y no a la denominación utilizada por el suscriptor/usuario. La clasificación deberá realizarse de acuerdo con la siguiente tabla: Código Tipo de Trámite 1 Reclamación 2 Queja Superintendencia de Servicios Públicos Domiciliarios www.superservicios.gov.co sspdsuperservicios.gov.co - 20261000681915 Página 13 de 39 Recurso de reposición y 3 en subsidio de apelación En consecuencia, se entenderá: Reclamación: Es la inconformidad presentada a través de peticiones por el suscriptor o usuario ante el prestador de servicios públicos domiciliarios mediante la cual controvierte la negativa del contrato, suspensión, terminación, corte y",,sin-dato,,,,sin-dato,,,,,sin-cruce,publico-propuesto,,PDF_NARRATIVO,12,false,H10;H11
VF-e675b723,RESOLUCION_681915_2026,,RESOLUCION SSPD 20261000681915 DE 2026,"ANEXO A. REPORTE DE RECLAMACIONES, QUEJAS Y RECURSOS",9,GRUPO DE CAUSAL: En este campo se debe identificar la causal al cual pertenece l,"reclamación, queja y recurso de reposición y en subsidio de apelación presentado por el suscriptor o usuario. La clasificación deberá realizarse de acuerdo con la siguiente tabla: Grupo de I Código I causal F Facturación P Prestación Para efectos del reporte: El grupo ""Facturación"" corresponde a trámites relacionados con los conceptos que se encuentren incluidos dentro de la factura del servicio público. El grupo ""Prestación"" corresponde a trámites relacionados con la calidad, continuidad, cobertura, negativa del contrato, suspensión, terminación y corte del servicio público domiciliario, se reitera que, frente a estos últimos cuatro detalles de causal, procede el recurso de reposición y en subsidio de apelación conforme al artículo tercero de la presente resolución.",,sin-dato,,,,sin-dato,,,,,sin-cruce,publico-propuesto,,PDF_NARRATIVO,13,false,H10;H11
VF-15e3d5c4,RESOLUCION_681915_2026,,RESOLUCION SSPD 20261000681915 DE 2026,"ANEXO A. REPORTE DE RECLAMACIONES, QUEJAS Y RECURSOS",10,DETALLE DE LA CAUSAL,"Corresponde al código de tres (3) dígitos asignados a la causal que identifica la razón de la reclamación, queja o recurso el cual se encuentra publicado en la página oficial del Sistema Unico de Información SUI (www.sui.gov.co) y hace parte - integral de la presente resolución. Cuando una actuación involucre múltiples inconformidades, el prestador deberá reportar todos los respectivos detalles de causal. No podrán utilizarse códigos genéricos, ambiguos, temporales o distintos a los definidos en el catálogo oficial de detalles de causal adoptado por la Superintendencia de Servicios Públicos Domiciliarios. LI Superintendencia de Servicios Públicos Domiciliarios www.superservicios.gov.co sspdsuperservicios.gov.co - 20261000681915 Página 14 de39 RECLAMACIÓN Es la inconformidad presentada a través de peticiones por el suscriptor o usuario ante el prestador de servicios públicos domiciliarios",,sin-dato,,,,sin-dato,,,,,sin-cruce,publico-propuesto,,PDF_NARRATIVO,13,false,H10;H11
VF-d34adb68,RESOLUCION_681915_2026,,RESOLUCION SSPD 20261000681915 DE 2026,"ANEXO A. REPORTE DE RECLAMACIONES, QUEJAS Y RECURSOS",11,SUB-DETALLE DE CAUSAL: Este ítem aplicará únicamente cuando se relacione un trám,"e asociado a queja y cuyo detalle comprenda los códigos ""200 Interrupciones del Servicio"" o ""206 Quejas por gestión administrativa del prestador"", cuando no corresponda a estos, este campo no se deberá diligenciar. Estos sub-detalles de causal serán clasificadas de la siguiente manera: 200 Interrupciones del servicio 1. Deficiencias en potencia o voltaje 2. Variaciones recurrentes en la calidad del suministro 3. Interrupciones técnicas frecuentes no programadas 4. Incumplimiento de parámetros técnicos de calidad 5. Fallas técnicas persistentes en la prestación del servicio 206 Quejas por gestión administrativa del prestador 1. Deficiencias en la atención al usuario 2. Incumplimiento de términos de respuesta 3. Falta de información clara, suficiente y oportuna 4. Corrección de datos generales incorrectos 5. Deficiencias en los canales de atención 6. Entrega inoportuna o no entrega de la f",,sin-dato,,,,sin-dato,,,,,sin-cruce,publico-propuesto,,PDF_NARRATIVO,16,false,H10;H11
VF-44acb1dd,RESOLUCION_681915_2026,,RESOLUCION SSPD 20261000681915 DE 2026,"ANEXO A. REPORTE DE RECLAMACIONES, QUEJAS Y RECURSOS",12,NÚMERO O IDENTIFICADOR DE LA FACTURA,"Corresponde al número, código o identificador único asignado por el prestador a la factura objeto de la reclamación, el cual deberá coincidir con el registrado en el sistema comercial y con el número impreso o generado en la factura correspondiente. El valor registrado podrá corresponder a una cadena alfanumérica, conforme a la estructura utilizada por el prestador en sus sistemas de facturación. Cuando una misma reclamación comprenda inconformidades relacionadas con una o varias facturas, períodos de facturación, conceptos de cobro o servicios asociados, el prestador deberá reportar un único registro correspondiente al radicado mediante el cual fue presentada la reclamación Cuando la reclamación o recurso no se encuentre relacionado con una factura específica, el prestador deberá registrar en este campo el valor ""N"".",,sin-dato,,,,sin-dato,,,,,sin-cruce,publico-propuesto,,PDF_NARRATIVO,16,false,H10;H11
VF-0eac2e76,RESOLUCION_681915_2026,,RESOLUCION SSPD 20261000681915 DE 2026,"ANEXO A. REPORTE DE RECLAMACIONES, QUEJAS Y RECURSOS",13,TIPO DE RESPUESTA,"Corresponde a la respuesta al trámite adelantado por el prestador frente a la reclamación, queja o recurso presentado por el suscriptor o usuario, de conformidad Superintendencia de Servicios Públicos Domiciliarios www.superservicios.gov.co sspdsuperservicios.gov.co - 20261000681915 Página 17 de 39 con la normatividad vigente y con la decisión adoptada dentro de la actuación administrativa correspondiente. Este campo tiene como finalidad permitir la clasificación homogénea de las decisiones empresariales reportadas al Sistema Unico de Información SUI y facilitar el seguimiento - regulatorio de las actuaciones adelantadas por los prestadores. Para efectos del reporte de información, deberán utilizarse los siguientes códigos de respuesta: CÓDIGO DESCRIPCIÓN TIPO DE TRÁMITE AL QUE APLICA 1 Accede Queja, Reclamación 2 Accede parcialmente Queja, Reclamación 3 No accede Queja, Reclamación 4 Co",,sin-dato,,,,sin-dato,,,,,sin-cruce,publico-propuesto,,PDF_NARRATIVO,16,false,H10;H11
VF-de4ab345,RESOLUCION_681915_2026,,RESOLUCION SSPD 20261000681915 DE 2026,"ANEXO A. REPORTE DE RECLAMACIONES, QUEJAS Y RECURSOS",14,RADICADO DE RESPUESTA,"Corresponde al identificador alfanumérico, asignado por el prestadoral documento o acto administrativo mediante el cual se dio respuesta a la reclamación, queja o recurso presentado por el suscriptor o usuario. Este campo tiene como finalidad garantizar la trazabilidad entre la solicitud radicada y la decisión emitida por el prestador, sin que ello implique la generación de un nuevo trámite o la duplicidad de registros para una misma queja, reclamación o recurso.",,sin-dato,,,,sin-dato,,,,,sin-cruce,publico-propuesto,,PDF_NARRATIVO,18,false,H10;H11
VF-d945c8fb,RESOLUCION_681915_2026,,RESOLUCION SSPD 20261000681915 DE 2026,"ANEXO A. REPORTE DE RECLAMACIONES, QUEJAS Y RECURSOS",15,FECHA DE RESPUESTA,"Corresponde a lafechaen la cual el prestadoremitió la respuesta de fondo a la reclamación, queja o recurso presentado por el suscriptor o usuario. Este campo deberá diligenciarse en formato dd-mm-aaaa. Este campo será obligatorio cuando el trámite tenga un resultado distinto a ""Pendiente de respuesta"".",,sin-dato,,,,sin-dato,,,,,sin-cruce,publico-propuesto,,PDF_NARRATIVO,18,false,H10;H11
VF-f4df7ce7,RESOLUCION_681915_2026,,RESOLUCION SSPD 20261000681915 DE 2026,"ANEXO A. REPORTE DE RECLAMACIONES, QUEJAS Y RECURSOS",16,TIPO DE COMUNICACIÓN Y NOTIFICACIÓN,"Corresponde al mecanismo mediante el cual el prestador notificó, comunicó o puso en conocimiento del suscriptor o usuario la decisión adoptada frente a la reclamación, queja o recurso, conforme a las disposiciones previstas en la Ley 1437 de 2011 y demás normas aplicables. Código Tipo de notificación 1 Notificación personal (artículos 67 y 68 de la Ley 1437 de 2011). 2 Notificación por aviso (artículo 69 de la Ley 1437 de 2011). Notificación por conducta concluyente (artículo 72 de la Ley 1437 3 de 2011). ______ Notificación electrónica (artículo 56 de la Ley 1437 de 2011 y 4 normas concordantes). _______ Superintendenciade Servicios Públicos Domiciliarios www.superservicios.gov.co sspdsuperservicios.gov.co - 20261000681915 Página 19 de39 Código Tipo de notificación 5 Comunicación de respuesta. 6 Pendiente o en trámite de comunicación o notificación. Para efectos del reporte: Notificació",,sin-dato,,,,sin-dato,,,,,sin-cruce,publico-propuesto,,PDF_NARRATIVO,18,false,H10;H11
VF-249c6e2e,RESOLUCION_681915_2026,,RESOLUCION SSPD 20261000681915 DE 2026,"ANEXO A. REPORTE DE RECLAMACIONES, QUEJAS Y RECURSOS",17,FECHA DE COMUNICACIÓN O NOTIFICACIÓN,"Corresponde a la fecha en la cual el prestador notificó o comunicó al suscriptoro usuario la decisión adoptadafrente a a reclamación, queja o recurso. Este campo deberá diligenciarse en formato dd-mm-aaaa. Superintendencia de Servicios Públicos Domiciliarios www.superservicios.gov.co sspdsuperservicios.gov.co - 20261000681915 Página20 de39 Cuando la respuesta haya sido emitida dentro del período de reporte, pero no se haya efectuado la comunicación o la notificación, el trámite deberá actualizarse en el período de reporte siguiente, una vez esta se produzca y no podrá reportarse fechas de notificación anteriores a la fecha de emisión de la respuesta. 3.18 ¿EL, USUARIO PRESENTÓ RECURSO DE REPOSICIÓN Y EN SUBSIDIO DE APELACION? Corresponde a la información si el usuario presentó ante el prestador el Recurso de Reposición y en subsidio el de Apelación Para efectos del reporte de información",,sin-dato,,,,sin-dato,,,,,sin-cruce,publico-propuesto,,PDF_NARRATIVO,19,false,H10;H11
VF-d7eae2ad,RESOLUCION_681915_2026,,RESOLUCION SSPD 20261000681915 DE 2026,"ANEXO A. REPORTE DE RECLAMACIONES, QUEJAS Y RECURSOS",19,DECISIÓN DEL RECURSO SUBSIDIARIO DE APELACIÓN EN SEDE DE EMPRESA,"Este campo debe registrarse cuando el prestador adopta una decisión sobre si concede o no el recurso subsidiario de apelación interpuesto porel usuario o suscriptor. Entendiéndose que el régimen de servicios públicos establece el derecho que tienen los usuarios a interponerel recurso de reposición yen subsidio de apelación, para lo cual el prestador resuelve el recurso de reposición y decide si concede o no el recurso subsidiario de apelación, para que esta Superintendencia de Servicios Públicos Domiciliarios, asuma su competencia en segunda instancia en el trámite de la reclamación administrativa. Cuando el prestador conceda la apelación, el expediente deberá ser remitido a la Superintendencia de Servicios Públicos Domiciliarios, de conformidad al artículo séptimo de la presente resolución. Para efectos del reporte de información, deberán utilizarse los siguientes códigos de respuesta C",,sin-dato,,,,sin-dato,,,,,sin-cruce,publico-propuesto,,PDF_NARRATIVO,20,false,H10;H11
VF-41e7093c,RESOLUCION_681915_2026,,RESOLUCION SSPD 20261000681915 DE 2026,"ANEXO A. REPORTE DE RECLAMACIONES, QUEJAS Y RECURSOS",20,RADICADO DEL RECURSO INSTAURADO POR EL USUARIO O SUSCRIPTOR,"Identificador asignado por el prestador al momento de registrar el radicado del Recurso de Reposición y en Subsidio de Apelación, instaurado por el suscriptor o usuario, ante el prestador ante solicitud del suscriptor. Este campo corresponde a una cadena alfanumérica, que permite identificar el trámite asociado a los recursos instaurados ante el prestador.",,sin-dato,,,,sin-dato,,,,,sin-cruce,publico-propuesto,,PDF_NARRATIVO,20,false,H10;H11
VF-01f87d58,RESOLUCION_681915_2026,,RESOLUCION SSPD 20261000681915 DE 2026,"ANEXO A. REPORTE DE RECLAMACIONES, QUEJAS Y RECURSOS",21,FECHA RADICADO DEL RECURSO INSTAURADO POR EL USUARIO O SUSCRIPTOR,Fecha en la cual fue radicado ante el prestador el recurso de reposición y en subsidio de apelación. El diligenciamiento de este campo debe corresponder con el formato tipo fecha dd - mm-aaaa. Superintendencia de Servicios Públicos Domiciliarios www.superservicios.govco sspdsuperservicios.govco - 20261000681915 Página21 de39,,sin-dato,,,,sin-dato,,,,,sin-cruce,publico-propuesto,,PDF_NARRATIVO,20,false,H10;H11
VF-091fe6f1,RESOLUCION_681915_2026,,RESOLUCION SSPD 20261000681915 DE 2026,"ANEXO A. REPORTE DE RECLAMACIONES, QUEJAS Y RECURSOS",22,FECHA DE REMISIÓN EXPEDIENTE A LA SUPERINTENDENCIA DE SERVICIOS PÚBLICOS DOMICIL,"RIOS. Este campo deberá diligenciarse en formato dd-mm-aaaa y corresponde a la fecha en la cual el prestador remite o radica ante la Superintendencia de Servicios Públicos Domiciliarios, a través del Sistema de Gestión Documental de la Entidad, el expediente para el trámite del Recurso de Apelación interpuesto por el usuario o suscriptor. El expediente deberá ser remitido por el prestador, de conformidad con el artículo séptimo de la presente resolución. El campo deberá dejarse vacío en los siguientes casos: ¯ Cuando el recurso de apelación no haya sido concedido. ¯ Cuando el trámite corresponda exclusivamente a quejas. El reporte de esta información no sustituye la obligación de remitir de forma completa, íntegra y oportuna del expediente ante la Superintendencia de Servicios Públicos Domiciliarios conforme lo establecido en la Circular Externa No. 20221000000364 de 2022. 4. PERIODICIDA",,sin-dato,,,,sin-dato,,,,,sin-cruce,publico-propuesto,,PDF_NARRATIVO,21,false,H10;H11
